Date,High,Low,Open,Close,Volume,Adj Close
2000-01-04,23.812244415283203,22.528949737548828,22.814125061035156,23.384479522705078,22372.0,17.020315170288086
2000-01-05,24.52518653869629,23.384479522705078,23.384479522705078,24.52518653869629,202138.0,17.850574493408203
2000-01-06,24.52518653869629,23.384479522705078,23.384479522705078,24.097421646118164,84088.0,17.539230346679688
2000-01-07,24.097421646118164,23.384479522705078,24.097421646118164,23.954832077026367,74531.0,17.43544578552246
2000-01-10,23.954832077026367,23.384479522705078,23.384479522705078,23.954832077026367,75139.0,17.43544578552246
2000-01-11,24.52518653869629,23.66965675354004,23.954832077026367,23.66965675354004,45515.0,17.227880477905273
2000-01-12,25.238126754760742,23.66965675354004,24.52518653869629,25.238126754760742,614769.0,18.36948585510254
2000-01-13,26.949186325073242,26.949186325073242,26.949186325073242,26.949186325073242,439840.0,19.61487579345703
2000-01-14,28.80283546447754,27.662128448486328,28.80283546447754,27.94730567932129,1623230.0,20.341352462768555
2000-01-17,29.088010787963867,27.94730567932129,27.94730567932129,28.80283546447754,921113.0,20.964046478271484
2000-01-18,29.943540573120117,27.662128448486328,29.943540573120117,28.80283546447754,453613.0,20.964046478271484
2000-01-19,28.945423126220703,27.94730567932129,28.23248291015625,28.23248291015625,287751.0,20.548921585083008
2000-01-20,28.517658233642578,26.378833770751953,27.94730567932129,26.378833770751953,339623.0,19.199745178222656
2000-01-21,26.23624610900879,25.238126754760742,26.23624610900879,25.523303985595703,304795.0,18.577051162719727
2000-01-24,27.234363555908203,25.665891647338867,25.951068878173828,27.234363555908203,273865.0,19.82244110107422
2000-01-25,28.23248291015625,27.09177589416504,28.23248291015625,27.519540786743164,343469.0,20.030004501342773
2000-01-26,27.94730567932129,26.949186325073242,27.804716110229492,27.376951217651367,304228.0,19.92622184753418
2000-01-27,28.80283546447754,26.66400909423828,27.376951217651367,28.375070571899414,753785.0,20.652700424194336
2000-01-28,29.65836524963379,27.804716110229492,28.80283546447754,28.945423126220703,1164518.0,21.067829132080078
2000-01-31,29.515775680541992,29.515775680541992,29.515775680541992,29.515775680541992,554288.0,21.48295783996582
2000-02-01,31.512012481689453,30.513893127441406,31.512012481689453,31.512012481689453,1469024.0,22.9359130859375
2000-02-02,28.64727020263672,28.64727020263672,28.64727020263672,28.64727020263672,0.0,20.850818634033203
2000-02-03,28.64727020263672,28.64727020263672,28.64727020263672,28.64727020263672,0.0,20.850818634033203
2000-02-04,28.64727020263672,28.64727020263672,28.64727020263672,28.64727020263672,0.0,20.850818634033203
2000-02-07,28.64727020263672,28.64727020263672,28.64727020263672,28.64727020263672,0.0,20.850818634033203
2000-02-08,28.64727020263672,28.64727020263672,28.64727020263672,28.64727020263672,0.0,20.850818634033203
2000-02-09,33.65083694458008,33.65083694458008,33.65083694458008,33.65083694458008,488714.0,24.49264907836914
2000-02-10,35.932247161865234,35.932247161865234,35.932247161865234,35.932247161865234,188654.0,26.153167724609375
2000-02-11,38.35625076293945,38.35625076293945,38.35625076293945,38.35625076293945,286105.0,27.917469024658203
2000-02-14,40.9228401184082,39.924720764160156,40.9228401184082,40.9228401184082,5596084.0,29.785551071166992
2000-02-15,41.77836990356445,38.071075439453125,41.77836990356445,38.213661193847656,2031098.0,27.813688278198242
2000-02-16,40.780250549316406,36.502601623535156,38.213661193847656,40.780250549316406,1114058.0,29.681764602661133
2000-02-17,43.632015228271484,42.20613479614258,42.20613479614258,43.632015228271484,2207121.0,31.757413864135742
2000-02-18,46.48378372192383,41.35060501098633,45.62825393676758,43.06166458129883,2184536.0,31.342288970947266
2000-02-21,46.48378372192383,43.06166458129883,45.34307861328125,44.202369689941406,2838942.0,32.172550201416016
2000-02-22,47.054134368896484,41.20801544189453,47.054134368896484,43.06166458129883,2609826.0,31.342288970947266
2000-02-23,43.632015228271484,40.06731033325195,42.7764892578125,40.06731033325195,1007131.0,29.162860870361328
2000-02-24,38.78401565551758,37.358131408691406,37.358131408691406,37.358131408691406,551871.0,27.190988540649414
2000-02-25,35.21930694580078,34.791542053222656,35.21930694580078,34.791542053222656,454007.0,25.322908401489258
2000-02-28,31.628677368164062,31.628677368164062,31.628677368164062,31.628677368164062,0.0,23.020828247070312
2000-02-29,34.648956298828125,32.3675422668457,32.3675422668457,32.3675422668457,415842.0,23.558609008789062
2000-03-01,34.50636672973633,30.513893127441406,32.082366943359375,34.50636672973633,1164474.0,25.115345001220703
2000-03-02,35.504486083984375,32.224952697753906,35.21930694580078,32.65271759033203,565419.0,23.766170501708984
2000-03-03,33.936012268066406,31.939777374267578,33.936012268066406,31.939777374267578,455002.0,23.24725914001465
2000-03-06,30.941659927368164,29.373188018798828,30.941659927368164,29.515775680541992,563931.0,21.48295783996582
2000-03-07,31.512012481689453,28.660247802734375,28.660247802734375,31.512012481689453,418721.0,22.9359130859375
2000-03-08,32.79530715942383,31.36942481994629,32.5101318359375,31.939777374267578,401435.0,23.24725914001465
2000-03-09,32.79530715942383,31.36942481994629,32.224952697753906,31.512012481689453,263014.0,22.9359130859375
2000-03-10,32.224952697753906,29.373188018798828,31.654600143432617,29.65836524963379,512628.0,21.586740493774414
2000-03-13,28.375070571899414,27.662128448486328,27.662128448486328,27.662128448486328,165124.0,20.133787155151367
2000-03-14,25.808481216430664,25.808481216430664,25.808481216430664,25.808481216430664,272708.0,18.784618377685547
2000-03-15,27.519540786743164,24.52518653869629,24.52518653869629,25.951068878173828,385734.0,18.888399124145508
2000-03-16,25.951068878173828,24.667774200439453,25.951068878173828,25.523303985595703,308973.0,18.577051162719727
2000-03-17,26.806598663330078,24.81036376953125,25.951068878173828,26.23624610900879,295659.0,19.095962524414062
2000-03-20,25.38071632385254,25.38071632385254,25.38071632385254,25.38071632385254,24905.0,18.473268508911133
2000-03-21,27.09177589416504,24.52518653869629,24.52518653869629,27.09177589416504,621416.0,19.718656539916992
2000-03-22,27.662128448486328,26.23624610900879,26.521421432495117,27.09177589416504,452475.0,19.718656539916992
2000-03-23,28.945423126220703,27.376951217651367,27.94730567932129,28.945423126220703,684897.0,21.067829132080078
2000-03-24,30.228717803955078,27.94730567932129,30.228717803955078,27.94730567932129,759302.0,20.341352462768555
2000-03-27,28.945423126220703,27.09177589416504,27.662128448486328,28.23248291015625,412731.0,20.548921585083008
2000-03-28,29.373188018798828,27.519540786743164,28.517658233642578,28.517658233642578,815811.0,20.756484985351562
2000-03-29,29.373188018798828,28.517658233642578,28.517658233642578,28.517658233642578,517258.0,20.756484985351562
2000-03-30,29.088010787963867,27.804716110229492,29.088010787963867,27.804716110229492,285278.0,20.23756980895996
2000-03-31,28.517658233642578,27.376951217651367,28.517658233642578,28.089893341064453,209622.0,20.44513511657715
2000-04-03,25.536279678344727,25.536279678344727,25.536279678344727,25.536279678344727,0.0,18.586496353149414
2000-04-04,25.536279678344727,25.536279678344727,25.536279678344727,25.536279678344727,0.0,18.586496353149414
2000-04-05,27.662128448486328,26.66400909423828,27.234363555908203,27.519540786743164,245707.0,20.030004501342773
2000-04-06,28.23248291015625,27.09177589416504,27.09177589416504,27.234363555908203,254207.0,19.82244110107422
2000-04-07,29.088010787963867,27.234363555908203,27.519540786743164,29.088010787963867,676008.0,21.171611785888672
2000-04-10,27.662128448486328,27.09177589416504,27.09177589416504,27.376951217651367,352939.0,19.92622184753418
2000-04-11,28.80283546447754,27.376951217651367,27.376951217651367,28.517658233642578,460755.0,20.756484985351562
2000-04-12,29.515775680541992,28.517658233642578,28.80283546447754,28.80283546447754,683149.0,20.964046478271484
2000-04-13,30.799070358276367,30.799070358276367,30.799070358276367,30.799070358276367,563931.0,22.41699981689453
2000-04-14,32.937896728515625,30.228717803955078,32.937896728515625,30.799070358276367,2347483.0,22.41699981689453
2000-04-17,30.08612823486328,27.94730567932129,27.94730567932129,29.800952911376953,926899.0,21.69052505493164
2000-04-18,30.941659927368164,29.373188018798828,30.799070358276367,30.228717803955078,552027.0,22.00187110900879
2000-04-19,31.939777374267578,29.515775680541992,30.941659927368164,31.084247589111328,1381670.0,22.62456512451172
2000-04-20,32.5101318359375,31.084247589111328,31.654600143432617,31.36942481994629,1451747.0,22.832134246826172
2000-04-21,31.654600143432617,29.373188018798828,31.654600143432617,30.228717803955078,749088.0,22.00187110900879
2000-04-24,30.228717803955078,28.23248291015625,30.228717803955078,28.517658233642578,271174.0,20.756484985351562
2000-04-25,27.94730567932129,26.66400909423828,27.376951217651367,26.66400909423828,637991.0,19.407310485839844
2000-04-26,26.806598663330078,24.81036376953125,26.23624610900879,24.81036376953125,566696.0,18.05813980102539
2000-04-27,23.954832077026367,23.099302291870117,23.099302291870117,23.099302291870117,248021.0,16.8127498626709
2000-04-28,23.099302291870117,21.530832290649414,21.816007614135742,22.814125061035156,1223144.0,16.605182647705078
2000-05-01,20.740123748779297,20.740123748779297,20.740123748779297,20.740123748779297,0.0,15.095629692077637
2000-05-02,23.241891860961914,21.95859718322754,22.814125061035156,22.528949737548828,512244.0,16.397621154785156
2000-05-03,21.673419952392578,20.960479736328125,20.960479736328125,21.245655059814453,774899.0,15.463578224182129
2000-05-04,21.10306739807129,19.819772720336914,19.819772720336914,20.675302505493164,663449.0,15.048450469970703
2000-05-05,21.816007614135742,20.104949951171875,20.53271484375,21.245655059814453,613352.0,15.463578224182129
2000-05-08,20.390125274658203,19.106830596923828,19.106830596923828,20.104949951171875,209834.0,14.633319854736328
2000-05-09,18.277223587036133,18.277223587036133,18.277223587036133,18.277223587036133,0.0,13.303016662597656
2000-05-10,20.817890167236328,19.962360382080078,20.53271484375,19.962360382080078,247310.0,14.529537200927734
2000-05-11,20.24753761291504,19.249418258666992,20.104949951171875,20.104949951171875,214170.0,14.633319854736328
2000-05-12,20.675302505493164,20.104949951171875,20.104949951171875,20.53271484375,298168.0,14.944668769836426
2000-05-15,20.817890167236328,20.24753761291504,20.675302505493164,20.390125274658203,253036.0,14.840882301330566
2000-05-16,20.675302505493164,19.962360382080078,20.390125274658203,20.390125274658203,194791.0,14.840882301330566
2000-05-17,21.816007614135742,20.53271484375,20.817890167236328,21.816007614135742,537082.0,15.878706932067871
2000-05-18,21.816007614135742,21.10306739807129,21.38824462890625,21.10306739807129,260350.0,15.359798431396484
2000-05-19,21.38824462890625,20.53271484375,21.10306739807129,20.53271484375,269660.0,14.944668769836426
2000-05-22,20.53271484375,19.39200782775879,19.962360382080078,19.819772720336914,327481.0,14.425755500793457
2000-05-23,19.534595489501953,19.39200782775879,19.534595489501953,19.534595489501953,85534.0,14.21819019317627
2000-05-24,19.962360382080078,19.106830596923828,19.106830596923828,19.534595489501953,82568.0,14.21819019317627
2000-05-25,19.962360382080078,19.39200782775879,19.39200782775879,19.677183151245117,99522.0,14.321972846984863
2000-05-26,20.390125274658203,19.39200782775879,19.39200782775879,20.24753761291504,60944.0,14.737101554870605
2000-05-29,21.38824462890625,20.24753761291504,20.24753761291504,20.960479736328125,94117.0,15.256012916564941
2000-05-30,19.05498504638672,19.05498504638672,19.05498504638672,19.05498504638672,0.0,13.86910629272461
2000-05-31,20.817890167236328,19.962360382080078,20.817890167236328,20.390125274658203,129488.0,14.840882301330566
2000-06-01,21.245655059814453,20.24753761291504,20.53271484375,20.53271484375,214077.0,14.944668769836426
2000-06-02,20.817890167236328,19.962360382080078,20.53271484375,20.24753761291504,205121.0,14.737101554870605
2000-06-05,20.24753761291504,19.819772720336914,19.962360382080078,20.104949951171875,170876.0,14.633319854736328
2000-06-06,18.277223587036133,18.277223587036133,18.277223587036133,18.277223587036133,0.0,13.303016662597656
2000-06-07,20.104949951171875,19.677183151245117,19.962360382080078,20.104949951171875,55930.0,14.633319854736328
2000-06-08,20.24753761291504,19.677183151245117,20.104949951171875,20.104949951171875,117650.0,14.633319854736328
2000-06-09,20.104949951171875,19.39200782775879,19.819772720336914,19.962360382080078,99046.0,14.529537200927734
2000-06-12,19.534595489501953,18.679065704345703,19.39200782775879,19.534595489501953,202922.0,14.21819019317627
2000-06-13,19.106830596923828,18.251300811767578,19.106830596923828,18.53647804260254,174348.0,13.49171257019043
2000-06-14,17.68094825744629,17.253183364868164,17.253183364868164,17.538360595703125,430470.0,12.765237808227539
2000-06-15,17.966123580932617,16.397653579711914,17.68094825744629,16.82541847229004,291225.0,12.24632453918457
2000-06-16,17.823535919189453,16.82541847229004,16.82541847229004,17.68094825744629,286285.0,12.8690185546875
2000-06-19,17.395771026611328,16.397653579711914,16.397653579711914,17.110595703125,38186.0,12.453888893127441
2000-06-20,17.68094825744629,16.82541847229004,16.82541847229004,17.110595703125,55930.0,12.453888893127441
2000-06-21,17.395771026611328,16.968006134033203,17.110595703125,17.110595703125,50144.0,12.453888893127441
2000-06-22,17.68094825744629,16.82541847229004,17.110595703125,17.68094825744629,51302.0,12.8690185546875
2000-06-23,17.68094825744629,17.110595703125,17.68094825744629,17.395771026611328,93742.0,12.661454200744629
2000-06-26,17.538360595703125,16.540241241455078,17.253183364868164,16.968006134033203,107232.0,12.350105285644531
2000-06-27,17.395771026611328,16.540241241455078,16.82541847229004,16.968006134033203,145033.0,12.350105285644531
2000-06-28,16.968006134033203,16.397653579711914,16.82541847229004,16.968006134033203,93731.0,12.350105285644531
2000-06-29,16.82541847229004,15.969887733459473,16.82541847229004,16.82541847229004,132690.0,12.24632453918457
2000-06-30,16.968006134033203,15.969887733459473,15.969887733459473,16.82541847229004,235679.0,12.24632453918457
2000-07-03,17.538360595703125,16.968006134033203,16.968006134033203,17.538360595703125,212534.0,12.765237808227539
2000-07-04,17.538360595703125,16.82541847229004,17.538360595703125,17.110595703125,119477.0,12.453888893127441
2000-07-05,17.538360595703125,16.682830810546875,16.968006134033203,17.538360595703125,71955.0,12.765237808227539
2000-07-06,17.110595703125,16.82541847229004,17.110595703125,16.968006134033203,24819.0,12.350105285644531
2000-07-07,17.110595703125,16.682830810546875,17.110595703125,16.682830810546875,9901.0,12.142542839050293
2000-07-10,16.82541847229004,16.112476348876953,16.25506591796875,16.540241241455078,47448.0,12.038759231567383
2000-07-11,16.540241241455078,15.399535179138184,16.540241241455078,16.25506591796875,96817.0,11.831195831298828
2000-07-12,15.969887733459473,15.256946563720703,15.969887733459473,15.827300071716309,29701.0,11.51984691619873
2000-07-13,15.399535179138184,14.829181671142578,15.399535179138184,15.399535179138184,254579.0,11.208499908447266
2000-07-14,15.399535179138184,14.829181671142578,14.829181671142578,15.399535179138184,215238.0,11.208499908447266
2000-07-17,16.682830810546875,15.542123794555664,15.684712409973145,16.682830810546875,227578.0,12.142542839050293
2000-07-18,16.968006134033203,15.542123794555664,16.82541847229004,16.25506591796875,89367.0,11.831195831298828
2000-07-19,16.968006134033203,15.542123794555664,16.82541847229004,16.25506591796875,89367.0,11.831195831298828
2000-07-20,16.112476348876953,15.542123794555664,15.969887733459473,15.542123794555664,52844.0,11.31228256225586
2000-07-21,15.827300071716309,14.971770286560059,15.827300071716309,15.542123794555664,42815.0,11.31228256225586
2000-07-24,15.684712409973145,14.971770286560059,15.114358901977539,15.542123794555664,18900.0,11.31228256225586
2000-07-25,15.684712409973145,14.971770286560059,15.684712409973145,15.399535179138184,23529.0,11.208499908447266
2000-07-26,15.399535179138184,14.829181671142578,15.399535179138184,15.114358901977539,90645.0,11.000935554504395
2000-07-27,15.114358901977539,14.087722778320312,14.258829116821289,14.544005393981934,114946.0,10.585805892944336
2000-07-28,14.544005393981934,13.973651885986328,14.144758224487305,14.201793670654297,95274.0,10.336729049682617
2000-07-31,14.258829116821289,14.002169609069824,14.258829116821289,14.201793670654297,75988.0,10.336729049682617
2000-08-01,14.258829116821289,13.973651885986328,14.1732759475708,14.116241455078125,155100.0,10.274460792541504
2000-08-02,14.971770286560059,14.116241455078125,14.116241455078125,14.544005393981934,723740.0,10.585805892944336
2000-08-03,14.686594009399414,14.258829116821289,14.686594009399414,14.258829116821289,621074.0,10.378242492675781
2000-08-04,14.686594009399414,13.973651885986328,14.544005393981934,14.258829116821289,589775.0,10.378242492675781
2000-08-07,14.258829116821289,14.144758224487305,14.258829116821289,14.258829116821289,31243.0,10.378242492675781
2000-08-08,14.258829116821289,13.973651885986328,14.258829116821289,14.230311393737793,81332.0,10.357484817504883
2000-08-09,14.201793670654297,13.973651885986328,14.030688285827637,14.201793670654297,25843.0,10.336729049682617
2000-08-10,14.544005393981934,14.116241455078125,14.544005393981934,14.230311393737793,62101.0,10.357484817504883
2000-08-11,14.829181671142578,14.401416778564453,14.401416778564453,14.544005393981934,338281.0,10.585805892944336
2000-08-14,14.544005393981934,14.116241455078125,14.544005393981934,14.258829116821289,99903.0,10.378242492675781
2000-08-15,14.829181671142578,14.401416778564453,14.401416778564453,14.686594009399414,236064.0,10.689587593078613
2000-08-16,14.829181671142578,14.144758224487305,14.829181671142578,14.544005393981934,44744.0,10.585805892944336
2000-08-17,14.258829116821289,13.545886993408203,14.258829116821289,14.258829116821289,197877.0,10.378242492675781
2000-08-18,14.144758224487305,13.5744047164917,13.5744047164917,14.144758224487305,81851.0,10.295215606689453
2000-08-21,14.258829116821289,13.688475608825684,14.258829116821289,14.230311393737793,94502.0,10.357484817504883
2000-08-22,14.1732759475708,13.745511054992676,13.973651885986328,14.1732759475708,47058.0,10.315971374511719
2000-08-23,12.884791374206543,12.884791374206543,12.884791374206543,12.884791374206543,0.0,9.378151893615723
2000-08-24,14.087722778320312,13.460333824157715,13.973651885986328,14.087722778320312,212149.0,10.253702163696289
2000-08-25,13.973651885986328,13.431817054748535,13.973651885986328,13.745511054992676,147347.0,10.004623413085938
2000-08-28,13.745511054992676,12.918498992919922,13.688475608825684,12.918498992919922,87945.0,9.40268611907959
2000-08-29,12.03445053100586,12.03445053100586,12.03445053100586,12.03445053100586,35101.0,8.759234428405762
2000-08-30,11.207439422607422,11.207439422607422,11.207439422607422,11.207439422607422,70202.0,8.157297134399414
2000-08-31,10.43746280670166,10.43746280670166,10.43746280670166,10.43746280670166,63336.0,7.596871852874756
2000-09-01,9.724520683288574,9.724520683288574,9.724520683288574,9.724520683288574,52150.0,7.07796049118042
2000-09-04,10.380427360534668,9.667486190795898,10.266357421875,10.380427360534668,1541360.0,7.555359840393066
2000-09-05,10.266357421875,9.696002960205078,10.009697914123535,9.753039360046387,579746.0,7.098717212677002
2000-09-06,10.1522855758667,9.097132682800293,9.097132682800293,10.1522855758667,1876556.0,7.389307498931885
2000-09-07,10.123767852783203,9.696002960205078,9.838591575622559,9.981180191040039,342640.0,7.264768600463867
2000-09-08,10.095251083374023,9.781556129455566,9.781556129455566,9.867109298706055,101657.0,7.181742191314697
2000-09-11,9.781556129455566,9.26823902130127,9.553415298461914,9.26823902130127,67116.0,6.745856285095215
2000-09-12,8.425683975219727,8.425683975219727,8.425683975219727,8.425683975219727,0.0,6.13260555267334
2000-09-13,9.353792190551758,8.640850067138672,8.840474128723145,9.29675579071045,638592.0,6.766613006591797
2000-09-14,9.325274467468262,9.011580467224121,9.26823902130127,9.29675579071045,158236.0,6.766613006591797
2000-09-15,9.26823902130127,8.983061790466309,8.983061790466309,9.068614959716797,123046.0,6.600560188293457
2000-09-18,9.239721298217773,8.555296897888184,9.068614959716797,8.58381462097168,307037.0,6.2477006912231445
2000-09-19,8.954544067382812,8.555296897888184,8.555296897888184,8.555296897888184,344455.0,6.226944446563721
2000-09-20,8.954544067382812,8.555296897888184,8.58381462097168,8.840474128723145,142718.0,6.43450927734375
2000-09-21,9.439345359802246,8.669367790222168,9.068614959716797,9.439345359802246,275023.0,6.870396137237549
2000-09-22,9.467862129211426,8.954544067382812,9.0400972366333,8.983061790466309,246594.0,6.538291931152344
2000-09-25,8.983061790466309,8.868990898132324,8.983061790466309,8.983061790466309,147733.0,6.538291931152344
2000-09-26,8.926027297973633,8.555296897888184,8.926027297973633,8.58381462097168,330567.0,6.2477006912231445
2000-09-27,8.640850067138672,8.555296897888184,8.555296897888184,8.640850067138672,150301.0,6.289213180541992
2000-09-28,8.868990898132324,8.555296897888184,8.840474128723145,8.72640323638916,83702.0,6.35148286819458
2000-09-29,8.669367790222168,8.555296897888184,8.58381462097168,8.555296897888184,58245.0,6.226944446563721
2000-10-02,8.754920959472656,8.555296897888184,8.58381462097168,8.555296897888184,190162.0,6.226944446563721
2000-10-03,9.068614959716797,8.555296897888184,8.555296897888184,8.612332344055176,187463.0,6.268456935882568
2000-10-04,8.612332344055176,8.327156066894531,8.327156066894531,8.58381462097168,319381.0,6.2477006912231445
2000-10-05,8.954544067382812,8.555296897888184,8.555296897888184,8.640850067138672,33945.0,6.289213180541992
2000-10-06,9.182685852050781,8.840474128723145,8.954544067382812,9.182685852050781,149275.0,6.683587074279785
2000-10-09,8.954544067382812,8.754920959472656,8.754920959472656,8.954544067382812,55158.0,6.517535209655762
2000-10-10,8.140507698059082,8.140507698059082,8.140507698059082,8.140507698059082,0.0,5.925041675567627
2000-10-11,8.954544067382812,8.669367790222168,8.954544067382812,8.783437728881836,32015.0,6.392995834350586
2000-10-12,8.697884559631348,8.555296897888184,8.555296897888184,8.697884559631348,98745.0,6.330726146697998
2000-10-13,8.72640323638916,8.555296897888184,8.555296897888184,8.72640323638916,73287.0,6.35148286819458
2000-10-16,7.933098793029785,7.933098793029785,7.933098793029785,7.933098793029785,0.0,5.774079322814941
2000-10-17,8.954544067382812,8.555296897888184,8.555296897888184,8.669367790222168,75499.0,6.309969902038574
2000-10-18,8.840474128723145,8.555296897888184,8.555296897888184,8.555296897888184,123058.0,6.226944446563721
2000-10-19,8.754920959472656,8.555296897888184,8.555296897888184,8.58381462097168,356025.0,6.2477006912231445
2000-10-20,9.182685852050781,8.840474128723145,8.840474128723145,9.011580467224121,114713.0,6.559048652648926
2000-10-23,8.697884559631348,8.555296897888184,8.612332344055176,8.612332344055176,72130.0,6.268456935882568
2000-10-24,8.840474128723145,8.555296897888184,8.555296897888184,8.840474128723145,48603.0,6.43450927734375
2000-10-25,9.125650405883789,8.58381462097168,8.58381462097168,9.125650405883789,78302.0,6.642074108123779
2000-10-26,8.840474128723145,8.811956405639648,8.811956405639648,8.811956405639648,23915.0,6.413753032684326
2000-10-27,8.010866165161133,8.010866165161133,8.010866165161133,8.010866165161133,0.0,5.830681800842285
2000-10-30,8.697884559631348,8.555296897888184,8.555296897888184,8.612332344055176,114174.0,6.268456935882568
2000-10-31,8.697884559631348,8.555296897888184,8.555296897888184,8.697884559631348,118769.0,6.330726146697998
2000-11-01,8.697884559631348,8.555296897888184,8.697884559631348,8.612332344055176,263836.0,6.268456935882568
2000-11-02,8.983061790466309,8.612332344055176,8.612332344055176,8.983061790466309,45901.0,6.538291931152344
2000-11-03,9.325274467468262,8.811956405639648,9.325274467468262,9.239721298217773,27388.0,6.725100517272949
2000-11-06,9.325274467468262,9.0400972366333,9.125650405883789,9.325274467468262,116489.0,6.787369728088379
2000-11-07,9.29675579071045,9.011580467224121,9.29675579071045,9.011580467224121,62487.0,6.559048652648926
2000-11-08,8.89750862121582,8.555296897888184,8.555296897888184,8.840474128723145,96817.0,6.43450927734375
2000-11-09,8.840474128723145,8.640850067138672,8.640850067138672,8.811956405639648,59180.0,6.413753032684326
2000-11-10,9.0400972366333,8.697884559631348,8.697884559631348,9.0400972366333,86402.0,6.579804420471191
2000-11-13,8.983061790466309,8.72640323638916,8.72640323638916,8.811956405639648,16200.0,6.413753032684326
2000-11-14,9.0400972366333,8.555296897888184,8.612332344055176,9.0400972366333,96431.0,6.579804420471191
2000-11-15,8.89750862121582,8.783437728881836,8.783437728881836,8.840474128723145,10028.0,6.43450927734375
2000-11-16,9.439345359802246,9.125650405883789,9.439345359802246,9.29675579071045,415041.0,6.766613006591797
2000-11-17,9.29675579071045,8.669367790222168,8.669367790222168,9.068614959716797,143104.0,6.600560188293457
2000-11-20,8.612332344055176,8.241602897644043,8.612332344055176,8.555296897888184,444741.0,6.226944446563721
2000-11-21,8.669367790222168,8.327156066894531,8.555296897888184,8.669367790222168,185920.0,6.309969902038574
2000-11-22,8.640850067138672,8.384190559387207,8.384190559387207,8.555296897888184,50530.0,6.226944446563721
2000-11-23,8.555296897888184,8.270120620727539,8.327156066894531,8.555296897888184,195563.0,6.226944446563721
2000-11-24,8.697884559631348,8.498262405395508,8.612332344055176,8.669367790222168,49761.0,6.309969902038574
2000-11-27,9.125650405883789,8.41270923614502,8.41270923614502,9.068614959716797,129989.0,6.600560188293457
2000-11-28,9.553415298461914,9.382308959960938,9.553415298461914,9.410826683044434,81426.0,6.84963846206665
2000-11-29,9.696002960205078,9.097132682800293,9.410826683044434,9.696002960205078,42083.0,7.057203769683838
2000-11-30,9.981180191040039,9.524897575378418,9.981180191040039,9.952662467956543,77145.0,7.244011878967285
2000-12-01,9.981180191040039,9.61044979095459,9.61044979095459,9.981180191040039,69044.0,7.264768600463867
2000-12-04,10.7511568069458,10.29487419128418,10.7511568069458,10.523015975952148,61716.0,7.659142017364502
2000-12-05,10.836709976196289,10.266357421875,10.266357421875,10.836709976196289,97202.0,7.887463092803955
2000-12-06,11.321510314941406,10.979297637939453,11.321510314941406,11.264474868774414,79459.0,8.198810577392578
2000-12-07,12.03445053100586,11.407062530517578,12.03445053100586,11.83482837677002,158919.0,8.613940238952637
2000-12-08,11.83482837677002,11.43558120727539,11.692239761352539,11.83482837677002,95274.0,8.613940238952637
2000-12-11,12.234074592590332,11.46409797668457,11.549651145935059,12.234074592590332,90794.0,8.90453052520752
2000-12-12,12.69035816192627,11.920380592346191,12.547768592834473,12.633321762084961,79074.0,9.195119857788086
2000-12-13,13.17515754699707,12.262593269348145,12.405180931091309,13.089605331420898,123972.0,9.527225494384766
2000-12-14,13.545886993408203,12.832945823669434,12.918498992919922,13.431817054748535,103760.0,9.7763032913208
2000-12-15,13.774028778076172,12.975534439086914,13.118123054504395,13.774028778076172,170513.0,10.02538013458252
2000-12-18,13.31774616241455,12.86146354675293,12.86146354675293,13.089605331420898,235678.0,9.527225494384766
2000-12-19,12.947016716003418,12.633321762084961,12.633321762084961,12.832945823669434,271165.0,9.34041690826416
2000-12-20,12.947016716003418,12.405180931091309,12.405180931091309,12.86146354675293,206752.0,9.361172676086426
2000-12-21,12.69035816192627,12.433698654174805,12.433698654174805,12.433698654174805,215620.0,9.049825668334961
2000-12-22,12.405180931091309,12.00593376159668,12.00593376159668,12.405180931091309,432398.0,9.029068946838379
2000-12-25,12.405180931091309,12.405180931091309,12.405180931091309,12.405180931091309,0.0,9.029068946838379
2000-12-26,12.405180931091309,11.977416038513184,12.405180931091309,12.405180931091309,251107.0,9.029068946838379
2000-12-27,12.547768592834473,11.977416038513184,12.14852237701416,12.547768592834473,84473.0,9.132850646972656
2000-12-28,12.975534439086914,12.14852237701416,12.14852237701416,12.975534439086914,167406.0,9.444199562072754
2000-12-29,13.85958194732666,12.804428100585938,13.118123054504395,13.85958194732666,140790.0,10.087650299072266
2001-01-01,13.85958194732666,13.85958194732666,13.85958194732666,13.85958194732666,0.0,10.087650299072266
2001-01-02,14.544005393981934,13.973651885986328,13.973651885986328,14.116241455078125,62873.0,10.274460792541504
2001-01-03,14.544005393981934,13.17515754699707,13.17515754699707,14.544005393981934,70588.0,10.585805892944336
2001-01-04,14.971770286560059,14.030688285827637,14.258829116821289,14.971770286560059,69816.0,10.897153854370117
2001-01-05,15.399535179138184,14.116241455078125,14.829181671142578,15.399535179138184,172036.0,11.208499908447266
2001-01-08,15.256946563720703,14.544005393981934,14.544005393981934,15.114358901977539,99517.0,11.000935554504395
2001-01-09,15.114358901977539,14.258829116821289,14.686594009399414,15.114358901977539,136161.0,11.000935554504395
2001-01-10,14.971770286560059,14.258829116821289,14.258829116821289,14.401416778564453,121503.0,10.482023239135742
2001-01-11,14.829181671142578,14.059205055236816,14.230311393737793,14.059205055236816,136932.0,10.232945442199707
2001-01-12,14.059205055236816,13.17515754699707,14.059205055236816,13.831064224243164,24686.0,10.066893577575684
2001-01-15,14.686594009399414,13.945135116577148,13.945135116577148,14.258829116821289,227193.0,10.378242492675781
2001-01-16,14.258829116821289,14.1732759475708,14.258829116821289,14.230311393737793,33558.0,10.357484817504883
2001-01-17,14.230311393737793,13.260710716247559,13.260710716247559,13.374780654907227,43201.0,9.73478889465332
2001-01-18,13.31774616241455,12.547768592834473,12.547768592834473,13.118123054504395,44744.0,9.547981262207031
2001-01-19,13.118123054504395,13.118123054504395,13.118123054504395,13.118123054504395,0.0,9.547981262207031
2001-01-22,13.118123054504395,13.118123054504395,13.118123054504395,13.118123054504395,0.0,9.547981262207031
2001-01-23,13.118123054504395,13.118123054504395,13.118123054504395,13.118123054504395,0.0,9.547981262207031
2001-01-24,13.118123054504395,13.118123054504395,13.118123054504395,13.118123054504395,0.0,9.547981262207031
2001-01-25,13.118123054504395,13.118123054504395,13.118123054504395,13.118123054504395,0.0,9.547981262207031
2001-01-26,13.118123054504395,13.118123054504395,13.118123054504395,13.118123054504395,0.0,9.547981262207031
2001-01-29,13.346263885498047,12.376663208007812,13.118123054504395,13.118123054504395,17357.0,9.547981262207031
2001-01-30,13.403299331665039,13.118123054504395,13.17515754699707,13.403299331665039,10028.0,9.755546569824219
2001-01-31,13.545886993408203,12.71887493133545,13.17515754699707,13.403299331665039,20925.0,9.755546569824219
2001-02-01,13.146639823913574,12.490734100341797,12.490734100341797,12.69035816192627,92959.0,9.236634254455566
2001-02-02,12.832945823669434,12.490734100341797,12.747392654418945,12.69035816192627,138089.0,9.236634254455566
2001-02-05,13.517370223999023,12.547768592834473,12.69035816192627,12.918498992919922,57858.0,9.40268611907959
2001-02-06,13.802545547485352,12.975534439086914,12.975534439086914,13.659957885742188,44358.0,9.942355155944824
2001-02-07,13.602923393249512,12.889981269836426,13.602923393249512,12.975534439086914,22372.0,9.444199562072754
2001-02-08,13.17515754699707,12.262593269348145,12.262593269348145,13.089605331420898,23915.0,9.527225494384766
2001-02-09,13.374780654907227,12.86146354675293,12.975534439086914,13.260710716247559,47830.0,9.651762962341309
2001-02-12,13.260710716247559,12.547768592834473,13.232192993164062,12.947016716003418,81774.0,9.423443794250488
2001-02-13,13.146639823913574,12.205556869506836,12.405180931091309,12.832945823669434,123822.0,9.34041690826416
2001-02-14,12.747392654418945,12.120003700256348,12.69035816192627,12.490734100341797,51084.0,9.091339111328125
2001-02-15,12.661840438842773,11.891862869262695,11.891862869262695,12.547768592834473,105102.0,9.132850646972656
2001-02-16,12.547768592834473,11.920380592346191,12.547768592834473,11.948899269104004,140442.0,8.696965217590332
2001-02-19,11.920380592346191,11.492615699768066,11.492615699768066,11.863346099853516,43310.0,8.634696006774902
2001-02-20,12.69035816192627,11.863346099853516,11.863346099853516,12.4622163772583,77272.0,9.070582389831543
2001-02-21,12.4622163772583,12.120003700256348,12.4622163772583,12.262593269348145,103760.0,8.925287246704102
2001-02-22,12.234074592590332,11.549651145935059,12.234074592590332,11.920380592346191,100674.0,8.676209449768066
2001-02-23,11.920380592346191,11.549651145935059,11.920380592346191,11.692239761352539,113101.0,8.510157585144043
2001-02-26,11.692239761352539,11.407062530517578,11.407062530517578,11.663722038269043,45515.0,8.489402770996094
2001-02-27,11.663722038269043,11.46409797668457,11.46409797668457,11.635204315185547,78639.0,8.468644142150879
2001-02-28,11.635204315185547,11.635204315185547,11.635204315185547,11.635204315185547,0.0,8.468644142150879
2001-03-01,11.663722038269043,11.350028038024902,11.60668659210205,11.663722038269043,37029.0,8.489402770996094
2001-03-02,11.635204315185547,11.407062530517578,11.407062530517578,11.635204315185547,39729.0,8.468644142150879
2001-03-05,11.635204315185547,11.46409797668457,11.635204315185547,11.492615699768066,16202.0,8.364862442016602
2001-03-06,11.492615699768066,11.264474868774414,11.492615699768066,11.492615699768066,30472.0,8.364862442016602
2001-03-07,11.492615699768066,11.264474868774414,11.292991638183594,11.492615699768066,102221.0,8.364862442016602
2001-03-08,11.60668659210205,11.378544807434082,11.492615699768066,11.46409797668457,43201.0,8.344104766845703
2001-03-09,11.46409797668457,11.121886253356934,11.350028038024902,11.121886253356934,50916.0,8.095027923583984
2001-03-12,11.121886253356934,10.808192253112793,11.121886253356934,11.007816314697266,43587.0,8.012002944946289
2001-03-13,10.979297637939453,10.237838745117188,10.237838745117188,10.77967357635498,19672.0,7.845948696136475
2001-03-14,10.77967357635498,10.77967357635498,10.77967357635498,10.77967357635498,0.0,7.845948696136475
2001-03-15,11.007816314697266,10.551532745361328,11.007816314697266,10.808192253112793,37801.0,7.866706848144531
2001-03-16,11.46409797668457,10.722639083862305,10.722639083862305,11.378544807434082,27772.0,8.281835556030273
2001-03-19,11.863346099853516,11.46409797668457,11.863346099853516,11.549651145935059,27772.0,8.40637493133545
2001-03-20,11.749275207519531,11.292991638183594,11.749275207519531,11.692239761352539,13888.0,8.510157585144043
2001-03-21,11.777792930603027,11.46409797668457,11.749275207519531,11.692239761352539,18131.0,8.510157585144043
2001-03-22,11.692239761352539,11.407062530517578,11.692239761352539,11.692239761352539,39905.0,8.510157585144043
2001-03-23,11.863346099853516,10.979297637939453,11.863346099853516,11.83482837677002,77145.0,8.613940238952637
2001-03-26,12.03445053100586,11.521134376525879,11.635204315185547,11.977416038513184,35872.0,8.71772289276123
2001-03-27,11.977416038513184,11.635204315185547,11.977416038513184,11.977416038513184,21601.0,8.71772289276123
2001-03-28,11.977416038513184,11.578168869018555,11.635204315185547,11.977416038513184,40115.0,8.71772289276123
2001-03-29,11.948899269104004,11.635204315185547,11.635204315185547,11.948899269104004,16200.0,8.696965217590332
2001-03-30,12.062969207763672,11.635204315185547,11.948899269104004,12.062969207763672,30086.0,8.779991149902344
2001-04-02,12.00593376159668,11.635204315185547,12.00593376159668,11.948899269104004,34353.0,8.696965217590332
2001-04-03,11.83482837677002,11.578168869018555,11.663722038269043,11.83482837677002,22758.0,8.613940238952637
2001-04-04,11.83482837677002,11.521134376525879,11.635204315185547,11.83482837677002,39344.0,8.613940238952637
2001-04-05,11.83482837677002,11.83482837677002,11.83482837677002,11.83482837677002,0.0,8.613940238952637
2001-04-06,11.83482837677002,11.635204315185547,11.720756530761719,11.806309700012207,21601.0,8.593182563781738
2001-04-09,11.777792930603027,11.635204315185547,11.635204315185547,11.720756530761719,22372.0,8.530913352966309
2001-04-10,11.692239761352539,11.578168869018555,11.635204315185547,11.692239761352539,20499.0,8.510157585144043
2001-04-11,11.663722038269043,11.521134376525879,11.578168869018555,11.663722038269043,36644.0,8.489402770996094
2001-04-12,12.4622163772583,11.977416038513184,12.4622163772583,12.348146438598633,64030.0,8.987558364868164
2001-04-13,13.203675270080566,13.061086654663086,13.061086654663086,13.203675270080566,114950.0,9.610251426696777
2001-04-16,13.973651885986328,13.659957885742188,13.973651885986328,13.659957885742188,172132.0,9.942355155944824
2001-04-17,14.116241455078125,12.918498992919922,13.545886993408203,14.116241455078125,65152.0,10.274460792541504
2001-04-18,14.544005393981934,13.146639823913574,14.201793670654297,14.144758224487305,324787.0,10.295215606689453
2001-04-19,14.258829116821289,13.831064224243164,14.116241455078125,14.116241455078125,105306.0,10.274460792541504
2001-04-20,14.230311393737793,13.545886993408203,14.116241455078125,14.144758224487305,20070.0,10.295215606689453
2001-04-23,14.544005393981934,14.116241455078125,14.116241455078125,14.544005393981934,141564.0,10.585805892944336
2001-04-24,14.829181671142578,13.973651885986328,14.544005393981934,14.544005393981934,84122.0,10.585805892944336
2001-04-25,14.544005393981934,13.831064224243164,14.544005393981934,14.002169609069824,38189.0,10.191431999206543
2001-04-26,14.544005393981934,13.831064224243164,14.544005393981934,14.002169609069824,38189.0,10.191431999206543
2001-04-27,14.544005393981934,13.831064224243164,14.258829116821289,14.258829116821289,113031.0,10.378242492675781
2001-04-30,14.401416778564453,13.973651885986328,14.401416778564453,14.258829116821289,134236.0,10.378242492675781
2001-05-01,14.258829116821289,14.258829116821289,14.258829116821289,14.258829116821289,0.0,10.378242492675781
2001-05-02,14.401416778564453,13.973651885986328,13.973651885986328,14.144758224487305,110231.0,10.295215606689453
2001-05-03,14.544005393981934,14.258829116821289,14.401416778564453,14.544005393981934,70974.0,10.585805892944336
2001-05-04,14.258829116821289,14.144758224487305,14.144758224487305,14.258829116821289,101061.0,10.378242492675781
2001-05-07,14.030688285827637,13.831064224243164,14.030688285827637,13.85958194732666,75458.0,10.087650299072266
2001-05-08,14.201793670654297,12.889981269836426,12.889981269836426,14.116241455078125,133926.0,10.274460792541504
2001-05-09,14.258829116821289,13.973651885986328,14.258829116821289,14.258829116821289,60562.0,10.378242492675781
2001-05-10,14.258829116821289,14.116241455078125,14.258829116821289,14.258829116821289,91826.0,10.378242492675781
2001-05-11,14.401416778564453,14.116241455078125,14.258829116821289,14.401416778564453,88719.0,10.482023239135742
2001-05-14,14.829181671142578,13.659957885742188,14.829181671142578,14.544005393981934,101060.0,10.585805892944336
2001-05-15,14.401416778564453,14.258829116821289,14.258829116821289,14.258829116821289,66494.0,10.378242492675781
2001-05-16,14.258829116821289,14.258829116821289,14.258829116821289,14.258829116821289,68669.0,10.378242492675781
2001-05-17,14.829181671142578,14.116241455078125,14.116241455078125,14.829181671142578,119189.0,10.793370246887207
2001-05-18,15.256946563720703,14.401416778564453,14.829181671142578,15.256946563720703,155833.0,11.104718208312988
2001-05-21,15.399535179138184,14.201793670654297,15.399535179138184,14.258829116821289,99131.0,10.378242492675781
2001-05-22,14.829181671142578,14.002169609069824,14.201793670654297,14.829181671142578,54002.0,10.793370246887207
2001-05-23,15.399535179138184,14.258829116821289,14.258829116821289,15.399535179138184,102221.0,11.208499908447266
2001-05-24,15.684712409973145,14.544005393981934,15.399535179138184,15.399535179138184,101446.0,11.208499908447266
2001-05-25,15.827300071716309,15.399535179138184,15.399535179138184,15.827300071716309,104145.0,11.51984691619873
2001-05-28,16.397653579711914,15.399535179138184,15.969887733459473,16.397653579711914,247250.0,11.934978485107422
2001-05-29,16.682830810546875,15.684712409973145,16.25506591796875,16.682830810546875,168566.0,12.142542839050293
2001-05-30,17.253183364868164,15.969887733459473,16.540241241455078,17.253183364868164,221407.0,12.557672500610352
2001-05-31,17.395771026611328,16.682830810546875,17.110595703125,17.253183364868164,92189.0,12.557672500610352
2001-06-01,17.823535919189453,16.682830810546875,16.682830810546875,17.823535919189453,231180.0,12.972799301147461
2001-06-04,17.68094825744629,16.682830810546875,17.68094825744629,17.395771026611328,215620.0,12.661454200744629
2001-06-05,17.395771026611328,16.682830810546875,16.682830810546875,17.395771026611328,240349.0,12.661454200744629
2001-06-06,17.823535919189453,16.82541847229004,16.82541847229004,17.538360595703125,441270.0,12.765237808227539
2001-06-07,17.538360595703125,16.397653579711914,16.968006134033203,17.110595703125,65169.0,12.453888893127441
2001-06-08,16.540241241455078,16.25506591796875,16.540241241455078,16.397653579711914,269622.0,11.934978485107422
2001-06-11,16.25506591796875,15.542123794555664,15.542123794555664,15.684712409973145,45916.0,11.416067123413086
2001-06-12,15.399535179138184,14.686594009399414,14.686594009399414,14.829181671142578,36647.0,10.793370246887207
2001-06-13,14.201793670654297,14.116241455078125,14.144758224487305,14.116241455078125,18903.0,10.274460792541504
2001-06-14,13.688475608825684,13.146639823913574,13.545886993408203,13.403299331665039,48215.0,9.755546569824219
2001-06-15,13.403299331665039,12.775911331176758,13.403299331665039,12.775911331176758,11976.0,9.298905372619629
2001-06-18,12.975534439086914,12.547768592834473,12.832945823669434,12.975534439086914,17867.0,9.444199562072754
2001-06-19,13.118123054504395,13.089605331420898,13.118123054504395,13.089605331420898,4629.0,9.527225494384766
2001-06-20,12.918498992919922,12.547768592834473,12.547768592834473,12.918498992919922,2314.0,9.40268611907959
2001-06-21,13.146639823913574,12.804428100585938,12.804428100585938,13.146639823913574,3481.0,9.568737983703613
2001-06-22,12.889981269836426,12.804428100585938,12.86146354675293,12.832945823669434,111188.0,9.34041690826416
2001-06-25,12.832945823669434,12.832945823669434,12.832945823669434,12.832945823669434,0.0,9.34041690826416
2001-06-26,12.405180931091309,12.262593269348145,12.262593269348145,12.31962776184082,71745.0,8.96679973602295
2001-06-27,12.262593269348145,12.062969207763672,12.062969207763672,12.262593269348145,27386.0,8.925287246704102
2001-06-28,12.14852237701416,11.891862869262695,12.14852237701416,11.891862869262695,38186.0,8.655450820922852
2001-06-29,12.262593269348145,11.920380592346191,12.262593269348145,12.262593269348145,3085.0,8.925287246704102
2001-07-02,12.262593269348145,12.262593269348145,12.262593269348145,12.262593269348145,0.0,8.925287246704102
2001-07-03,11.83482837677002,11.407062530517578,11.407062530517578,11.407062530517578,50915.0,8.302591323852539
2001-07-04,11.407062530517578,11.121886253356934,11.407062530517578,11.121886253356934,15429.0,8.095027923583984
2001-07-05,10.408945083618164,10.351909637451172,10.408945083618164,10.351909637451172,86016.0,7.534603595733643
2001-07-06,9.638968467712402,9.638968467712402,9.638968467712402,9.638968467712402,118032.0,7.01569128036499
2001-07-09,9.89562702178955,9.125650405883789,9.89562702178955,9.125650405883789,40501.0,6.642074108123779
2001-07-10,8.72640323638916,8.498262405395508,8.72640323638916,8.498262405395508,118380.0,6.185432434082031
2001-07-11,8.555296897888184,7.984943866729736,7.984943866729736,8.498262405395508,46676.0,6.185432434082031
2001-07-12,8.298638343811035,8.127532005310059,8.298638343811035,8.270120620727539,117260.0,6.019379615783691
2001-07-13,8.270120620727539,8.127532005310059,8.270120620727539,8.270120620727539,58673.0,6.019379615783691
2001-07-16,8.298638343811035,7.813838005065918,8.298638343811035,7.984943866729736,69431.0,5.811814308166504
2001-07-17,7.927908897399902,7.471625804901123,7.927908897399902,7.585697174072266,101060.0,5.521224021911621
2001-07-18,7.585697174072266,7.18644905090332,7.585697174072266,7.414590835571289,63259.0,5.3966851234436035
2001-07-19,7.756803035736084,7.243484973907471,7.357554912567139,7.756803035736084,11190.0,5.645763397216797
2001-07-20,8.298638343811035,7.214966773986816,7.699767112731934,8.241602897644043,32868.0,5.998623371124268
2001-07-23,8.469743728637695,7.699767112731934,8.184568405151367,8.469743728637695,12343.0,6.164674758911133
2001-07-24,8.327156066894531,8.270120620727539,8.270120620727539,8.270120620727539,11379.0,6.019379615783691
2001-07-25,8.612332344055176,7.813838005065918,7.927908897399902,8.612332344055176,18129.0,6.268456935882568
2001-07-26,8.840474128723145,8.270120620727539,8.270120620727539,8.840474128723145,17572.0,6.43450927734375
2001-07-27,8.840474128723145,8.41270923614502,8.555296897888184,8.840474128723145,16393.0,6.43450927734375
2001-07-30,8.840474128723145,8.840474128723145,8.840474128723145,8.840474128723145,0.0,6.43450927734375
2001-07-31,9.0400972366333,8.270120620727539,8.41270923614502,9.0400972366333,25843.0,6.579804420471191
2001-08-01,9.125650405883789,8.783437728881836,8.954544067382812,8.840474128723145,37419.0,6.43450927734375
2001-08-02,9.125650405883789,8.840474128723145,8.840474128723145,9.125650405883789,49373.0,6.642074108123779
2001-08-03,9.410826683044434,8.754920959472656,8.754920959472656,9.410826683044434,1928.0,6.84963846206665
2001-08-06,9.696002960205078,9.553415298461914,9.638968467712402,9.696002960205078,82161.0,7.057203769683838
2001-08-07,9.924144744873047,9.382308959960938,9.382308959960938,9.924144744873047,64803.0,7.223255157470703
2001-08-08,10.551532745361328,9.952662467956543,10.123767852783203,10.551532745361328,92961.0,7.679898262023926
2001-08-09,11.264474868774414,10.694122314453125,10.694122314453125,11.235957145690918,46287.0,8.17805290222168
2001-08-10,11.43558120727539,10.922263145446777,10.922263145446777,11.43558120727539,45132.0,8.323348999023438
2001-08-13,12.120003700256348,11.663722038269043,11.692239761352539,12.120003700256348,64801.0,8.821503639221191
2001-08-14,12.490734100341797,12.120003700256348,12.234074592590332,12.490734100341797,25072.0,9.091339111328125
2001-08-15,12.889981269836426,12.14852237701416,12.14852237701416,12.889981269836426,44366.0,9.381929397583008
2001-08-16,13.774028778076172,13.00405216217041,13.118123054504395,13.774028778076172,26028.0,10.02538013458252
2001-08-17,14.544005393981934,13.403299331665039,13.403299331665039,14.544005393981934,22372.0,10.585805892944336
2001-08-20,14.544005393981934,14.116241455078125,14.116241455078125,14.544005393981934,32786.0,10.585805892944336
2001-08-21,15.542123794555664,13.545886993408203,14.544005393981934,13.88809871673584,508387.0,10.108406066894531
2001-08-22,14.258829116821289,12.918498992919922,12.918498992919922,14.087722778320312,108391.0,10.253702163696289
2001-08-23,14.258829116821289,14.1732759475708,14.1732759475708,14.258829116821289,44744.0,10.378242492675781
2001-08-24,14.544005393981934,13.403299331665039,14.258829116821289,13.71699333190918,61330.0,9.983866691589355
2001-08-27,14.258829116821289,13.973651885986328,14.258829116821289,13.973651885986328,12343.0,10.170675277709961
2001-08-28,14.230311393737793,13.146639823913574,14.230311393737793,14.116241455078125,30858.0,10.274460792541504
2001-08-29,14.258829116821289,13.71699333190918,13.71699333190918,14.087722778320312,49758.0,10.253702163696289
2001-08-30,14.230311393737793,14.087722778320312,14.087722778320312,14.230311393737793,3472.0,10.357484817504883
2001-08-31,14.258829116821289,14.258829116821289,14.258829116821289,14.258829116821289,1928.0,10.378242492675781
2001-09-03,14.059205055236816,13.545886993408203,13.545886993408203,14.059205055236816,8872.0,10.232945442199707
2001-09-04,13.973651885986328,13.545886993408203,13.973651885986328,13.545886993408203,75217.0,9.859328269958496
2001-09-05,14.258829116821289,13.545886993408203,14.258829116821289,13.774028778076172,38959.0,10.02538013458252
2001-09-06,14.116241455078125,13.659957885742188,13.659957885742188,14.116241455078125,28930.0,10.274460792541504
2001-09-07,13.945135116577148,13.545886993408203,13.774028778076172,13.945135116577148,8487.0,10.149920463562012
2001-09-10,14.116241455078125,13.659957885742188,13.88809871673584,14.116241455078125,43201.0,10.274460792541504
2001-09-11,14.230311393737793,13.631440162658691,13.945135116577148,14.1732759475708,54773.0,10.315971374511719
2001-09-12,14.1732759475708,14.1732759475708,14.1732759475708,14.1732759475708,0.0,10.315971374511719
2001-09-13,13.945135116577148,13.203675270080566,13.203675270080566,13.945135116577148,19672.0,10.149920463562012
2001-09-14,13.973651885986328,13.688475608825684,13.71699333190918,13.973651885986328,28162.0,10.170675277709961
2001-09-17,13.973651885986328,13.973651885986328,13.973651885986328,13.973651885986328,0.0,10.170675277709961
2001-09-18,13.973651885986328,13.973651885986328,13.973651885986328,13.973651885986328,0.0,10.170675277709961
2001-09-19,13.973651885986328,13.973651885986328,13.973651885986328,13.973651885986328,0.0,10.170675277709961
2001-09-20,13.973651885986328,13.973651885986328,13.973651885986328,13.973651885986328,0.0,10.170675277709961
2001-09-21,13.973651885986328,13.973651885986328,13.973651885986328,13.973651885986328,0.0,10.170675277709961
2001-09-24,13.973651885986328,13.973651885986328,13.973651885986328,13.973651885986328,0.0,10.170675277709961
2001-09-25,13.545886993408203,13.346263885498047,13.545886993408203,13.346263885498047,39730.0,9.714033126831055
2001-09-26,13.346263885498047,12.433698654174805,13.346263885498047,12.433698654174805,72130.0,9.049825668334961
2001-09-27,11.977416038513184,11.578168869018555,11.977416038513184,11.578168869018555,34329.0,8.427131652832031
2001-09-28,11.578168869018555,11.578168869018555,11.578168869018555,11.578168869018555,0.0,8.427131652832031
2001-10-01,11.578168869018555,11.578168869018555,11.578168869018555,11.578168869018555,0.0,8.427131652832031
2001-10-02,10.7511568069458,10.066733360290527,10.066733360290527,10.066733360290527,15043.0,7.327038288116455
2001-10-03,10.7511568069458,9.439345359802246,9.439345359802246,10.7511568069458,4628.0,7.825193881988525
2001-10-04,11.007816314697266,10.979297637939453,11.007816314697266,11.007816314697266,2333.0,8.012002944946289
2001-10-05,10.237838745117188,10.237838745117188,10.237838745117188,10.237838745117188,819.0,7.451576232910156
2001-10-08,10.523015975952148,9.553415298461914,9.981180191040039,10.523015975952148,23529.0,7.659142017364502
2001-10-09,11.207439422607422,10.237838745117188,10.237838745117188,11.207439422607422,1159.0,8.157297134399414
2001-10-10,11.207439422607422,11.207439422607422,11.207439422607422,11.207439422607422,0.0,8.157297134399414
2001-10-11,11.350028038024902,10.43746280670166,10.43746280670166,11.350028038024902,18514.0,8.261079788208008
2001-10-12,11.46409797668457,10.608569145202637,10.608569145202637,11.407062530517578,11571.0,8.302591323852539
2001-10-15,11.407062530517578,11.407062530517578,11.407062530517578,11.407062530517578,385.0,8.302591323852539
2001-10-16,11.407062530517578,11.407062530517578,11.407062530517578,11.407062530517578,462.0,8.302591323852539
2001-10-17,11.235957145690918,10.608569145202637,10.637085914611816,11.235957145690918,6248.0,8.17805290222168
2001-10-18,11.235957145690918,10.551532745361328,10.608569145202637,11.235957145690918,4320.0,8.17805290222168
2001-10-19,11.948899269104004,10.637085914611816,10.665603637695312,11.948899269104004,10878.0,8.696965217590332
2001-10-22,11.806309700012207,11.46409797668457,11.46409797668457,11.806309700012207,860.0,8.593182563781738
2001-10-23,11.977416038513184,11.036333084106445,11.492615699768066,11.977416038513184,35571.0,8.71772289276123
2001-10-24,11.977416038513184,11.407062530517578,11.407062530517578,11.977416038513184,3560.0,8.71772289276123
2001-10-25,11.83482837677002,11.777792930603027,11.777792930603027,11.83482837677002,5110.0,8.613940238952637
2001-10-26,12.120003700256348,11.720756530761719,11.720756530761719,12.120003700256348,39024.0,8.821503639221191
2001-10-29,12.120003700256348,11.43558120727539,11.43558120727539,11.977416038513184,6943.0,8.71772289276123
2001-10-30,12.14852237701416,11.492615699768066,11.492615699768066,12.14852237701416,6171.0,8.842260360717773
2001-10-31,12.14852237701416,12.14852237701416,12.14852237701416,12.14852237701416,0.0,8.842260360717773
2001-11-01,12.062969207763672,11.492615699768066,11.60668659210205,12.062969207763672,18900.0,8.779991149902344
2001-11-02,12.120003700256348,11.549651145935059,11.60668659210205,12.120003700256348,21240.0,8.821503639221191
2001-11-05,11.635204315185547,11.292991638183594,11.292991638183594,11.635204315185547,135877.0,8.468644142150879
2001-11-06,11.749275207519531,10.979297637939453,11.749275207519531,11.407062530517578,5465.0,8.302591323852539
2001-11-07,11.407062530517578,11.121886253356934,11.407062530517578,11.407062530517578,169397.0,8.302591323852539
2001-11-08,11.407062530517578,10.979297637939453,11.264474868774414,10.979297637939453,153185.0,7.991245269775391
2001-11-09,10.979297637939453,10.979297637939453,10.979297637939453,10.979297637939453,0.0,7.991245269775391
2001-11-12,10.893745422363281,10.836709976196289,10.893745422363281,10.893745422363281,7328.0,7.928976058959961
2001-11-13,10.836709976196289,10.836709976196289,10.836709976196289,10.836709976196289,385.0,7.887463092803955
2001-11-14,10.979297637939453,10.808192253112793,10.808192253112793,10.808192253112793,9643.0,7.866706848144531
2001-11-15,11.093368530273438,10.266357421875,10.266357421875,11.036333084106445,13962.0,8.032757759094238
2001-11-16,11.292991638183594,10.408945083618164,10.408945083618164,11.15040397644043,13115.0,8.11578369140625
2001-11-19,11.15040397644043,10.7511568069458,10.7511568069458,11.15040397644043,1542.0,8.11578369140625
2001-11-20,11.093368530273438,10.922263145446777,10.979297637939453,11.093368530273438,14657.0,8.074270248413086
2001-11-21,11.15040397644043,11.15040397644043,11.15040397644043,11.15040397644043,399.0,8.11578369140625
2001-11-22,11.178921699523926,11.178921699523926,11.178921699523926,11.178921699523926,1157.0,8.136541366577148
2001-11-23,11.178921699523926,11.178921699523926,11.178921699523926,11.178921699523926,385.0,8.136541366577148
2001-11-26,11.407062530517578,10.722639083862305,10.722639083862305,11.407062530517578,1928.0,8.302591323852539
2001-11-27,11.407062530517578,10.7511568069458,10.922263145446777,11.407062530517578,2703.0,8.302591323852539
2001-11-28,11.064850807189941,10.922263145446777,10.922263145446777,11.064850807189941,16203.0,8.05351448059082
2001-11-29,11.064850807189941,11.064850807189941,11.064850807189941,11.064850807189941,0.0,8.05351448059082
2001-11-30,11.064850807189941,10.922263145446777,10.922263145446777,10.922263145446777,6171.0,7.949733257293701
2001-12-03,11.207439422607422,10.608569145202637,11.207439422607422,11.207439422607422,7330.0,8.157297134399414
2001-12-04,11.207439422607422,11.207439422607422,11.207439422607422,11.207439422607422,0.0,8.157297134399414
2001-12-05,10.865226745605469,10.722639083862305,10.77967357635498,10.722639083862305,19074.0,7.804436683654785
2001-12-06,10.836709976196289,10.180804252624512,10.722639083862305,10.43746280670166,60558.0,7.596871852874756
2001-12-07,10.722639083862305,10.323391914367676,10.380427360534668,10.694122314453125,22863.0,7.783681869506836
2001-12-10,11.43558120727539,10.950779914855957,11.121886253356934,11.43558120727539,148504.0,8.323348999023438
2001-12-11,11.549651145935059,10.722639083862305,11.549651145935059,11.407062530517578,91417.0,8.302591323852539
2001-12-12,11.407062530517578,11.064850807189941,11.064850807189941,11.121886253356934,69044.0,8.095027923583984
2001-12-13,11.407062530517578,11.064850807189941,11.264474868774414,11.378544807434082,72790.0,8.281835556030273
2001-12-14,11.378544807434082,11.121886253356934,11.378544807434082,11.378544807434082,30114.0,8.281835556030273
2001-12-17,11.977416038513184,11.378544807434082,11.407062530517578,11.720756530761719,192862.0,8.530913352966309
2001-12-18,12.03445053100586,11.407062530517578,12.03445053100586,11.407062530517578,182386.0,8.302591323852539
2001-12-19,11.692239761352539,11.121886253356934,11.43558120727539,11.264474868774414,30086.0,8.198810577392578
2001-12-20,11.407062530517578,11.15040397644043,11.235957145690918,11.407062530517578,52468.0,8.302591323852539
2001-12-21,11.407062530517578,11.15040397644043,11.178921699523926,11.407062530517578,15043.0,8.302591323852539
2001-12-24,11.321510314941406,11.321510314941406,11.321510314941406,11.321510314941406,386.0,8.240324020385742
2001-12-25,11.663722038269043,11.207439422607422,11.264474868774414,11.663722038269043,31976.0,8.489402770996094
2001-12-26,11.663722038269043,11.663722038269043,11.663722038269043,11.663722038269043,0.0,8.489402770996094
2001-12-27,11.891862869262695,11.15040397644043,11.264474868774414,11.891862869262695,34715.0,8.655450820922852
2001-12-28,12.03445053100586,11.43558120727539,11.43558120727539,11.977416038513184,24300.0,8.71772289276123
2001-12-31,12.775911331176758,11.663722038269043,11.977416038513184,12.775911331176758,100288.0,9.298905372619629
2002-01-01,12.775911331176758,12.775911331176758,12.775911331176758,12.775911331176758,0.0,9.298905372619629
2002-01-02,13.260710716247559,12.177040100097656,13.260710716247559,12.604804992675781,32786.0,9.174365043640137
2002-01-03,12.604804992675781,12.604804992675781,12.604804992675781,12.604804992675781,0.0,9.174365043640137
2002-01-04,13.346263885498047,12.490734100341797,13.346263885498047,13.31774616241455,129998.0,9.693276405334473
2002-01-07,13.602923393249512,12.86146354675293,13.118123054504395,13.602923393249512,165863.0,9.900842666625977
2002-01-08,13.5744047164917,13.118123054504395,13.203675270080566,13.5744047164917,39040.0,9.880084991455078
2002-01-09,13.659957885742188,13.146639823913574,13.146639823913574,13.659957885742188,52497.0,9.942355155944824
2002-01-10,13.831064224243164,13.260710716247559,13.831064224243164,13.659957885742188,49758.0,9.942355155944824
2002-01-11,13.631440162658691,13.260710716247559,13.260710716247559,13.631440162658691,40501.0,9.921597480773926
2002-01-14,13.688475608825684,13.260710716247559,13.688475608825684,13.688475608825684,20057.0,9.96311092376709
2002-01-15,13.602923393249512,13.118123054504395,13.118123054504395,13.545886993408203,33558.0,9.859328269958496
2002-01-16,13.374780654907227,13.146639823913574,13.146639823913574,13.17515754699707,35873.0,9.589493751525879
2002-01-17,13.17515754699707,12.804428100585938,12.832945823669434,12.804428100585938,10414.0,9.319659233093262
2002-01-18,12.918498992919922,12.576287269592285,12.889981269836426,12.832945823669434,21214.0,9.34041690826416
2002-01-21,13.118123054504395,12.832945823669434,12.832945823669434,13.118123054504395,30472.0,9.547981262207031
2002-01-22,12.804428100585938,12.71887493133545,12.71887493133545,12.747392654418945,9527.0,9.278146743774414
2002-01-23,12.604804992675781,12.490734100341797,12.604804992675781,12.576287269592285,23529.0,9.153607368469238
2002-01-24,12.31962776184082,12.262593269348145,12.262593269348145,12.31962776184082,6171.0,8.96679973602295
2002-01-25,13.061086654663086,12.262593269348145,12.262593269348145,13.061086654663086,30086.0,9.50646686553955
2002-01-28,13.061086654663086,12.661840438842773,13.061086654663086,12.775911331176758,6943.0,9.298905372619629
2002-01-29,13.659957885742188,12.747392654418945,13.146639823913574,13.659957885742188,400383.0,9.942355155944824
2002-01-30,14.544005393981934,13.688475608825684,14.258829116821289,14.544005393981934,369038.0,10.585805892944336
2002-01-31,14.544005393981934,14.544005393981934,14.544005393981934,14.544005393981934,0.0,10.585805892944336
2002-02-01,16.397653579711914,15.399535179138184,16.25506591796875,15.684712409973145,247073.0,11.416067123413086
2002-02-04,15.969887733459473,14.686594009399414,15.969887733459473,14.686594009399414,158803.0,10.689587593078613
2002-02-05,13.973651885986328,13.659957885742188,13.659957885742188,13.659957885742188,217971.0,9.942355155944824
2002-02-06,13.745511054992676,12.747392654418945,12.747392654418945,13.745511054992676,399612.0,10.004623413085938
2002-02-07,13.745511054992676,13.745511054992676,13.745511054992676,13.745511054992676,0.0,10.004623413085938
2002-02-08,13.745511054992676,13.745511054992676,13.745511054992676,13.745511054992676,0.0,10.004623413085938
2002-02-11,13.745511054992676,13.745511054992676,13.745511054992676,13.745511054992676,0.0,10.004623413085938
2002-02-12,13.745511054992676,13.745511054992676,13.745511054992676,13.745511054992676,0.0,10.004623413085938
2002-02-13,13.745511054992676,13.745511054992676,13.745511054992676,13.745511054992676,0.0,10.004623413085938
2002-02-14,13.745511054992676,13.745511054992676,13.745511054992676,13.745511054992676,0.0,10.004623413085938
2002-02-15,13.745511054992676,13.745511054992676,13.745511054992676,13.745511054992676,0.0,10.004623413085938
2002-02-18,13.745511054992676,13.146639823913574,13.5744047164917,13.31774616241455,140404.0,9.693276405334473
2002-02-19,13.31774616241455,13.118123054504395,13.31774616241455,13.260710716247559,160847.0,9.651762962341309
2002-02-20,13.260710716247559,13.118123054504395,13.146639823913574,13.260710716247559,130746.0,9.651762962341309
2002-02-21,13.831064224243164,13.146639823913574,13.260710716247559,13.602923393249512,101060.0,9.900842666625977
2002-02-22,13.745511054992676,13.203675270080566,13.260710716247559,13.431817054748535,69431.0,9.7763032913208
2002-02-25,13.602923393249512,13.260710716247559,13.431817054748535,13.5744047164917,91031.0,9.880084991455078
2002-02-26,13.688475608825684,13.31774616241455,13.659957885742188,13.688475608825684,57473.0,9.96311092376709
2002-02-27,13.688475608825684,13.403299331665039,13.545886993408203,13.688475608825684,84474.0,9.96311092376709
2002-02-28,13.688475608825684,13.688475608825684,13.688475608825684,13.688475608825684,0.0,9.96311092376709
2002-03-01,13.831064224243164,13.460333824157715,13.688475608825684,13.802545547485352,104531.0,10.046135902404785
2002-03-04,13.831064224243164,13.688475608825684,13.688475608825684,13.831064224243164,54773.0,10.066893577575684
2002-03-05,13.831064224243164,13.545886993408203,13.831064224243164,13.831064224243164,44358.0,10.066893577575684
2002-03-06,13.745511054992676,13.289228439331055,13.545886993408203,13.71699333190918,21637.0,9.983866691589355
2002-03-07,13.71699333190918,13.31774616241455,13.71699333190918,13.688475608825684,47444.0,9.96311092376709
2002-03-08,13.688475608825684,13.346263885498047,13.374780654907227,13.688475608825684,77145.0,9.96311092376709
2002-03-11,14.401416778564453,13.089605331420898,13.5744047164917,14.401416778564453,144715.0,10.482023239135742
2002-03-12,14.829181671142578,13.916617393493652,14.686594009399414,13.916617393493652,49758.0,10.129162788391113
2002-03-13,14.686594009399414,13.631440162658691,13.631440162658691,14.544005393981934,125746.0,10.585805892944336
2002-03-14,14.971770286560059,14.258829116821289,14.829181671142578,14.258829116821289,120733.0,10.378242492675781
2002-03-15,14.258829116821289,14.002169609069824,14.002169609069824,14.030688285827637,44854.0,10.212189674377441
2002-03-18,14.258829116821289,14.116241455078125,14.116241455078125,14.258829116821289,19955.0,10.378242492675781
2002-03-19,14.401416778564453,13.973651885986328,14.401416778564453,14.230311393737793,43587.0,10.357484817504883
2002-03-20,14.544005393981934,14.258829116821289,14.258829116821289,14.401416778564453,61330.0,10.482023239135742
2002-03-21,14.544005393981934,14.144758224487305,14.230311393737793,14.144758224487305,157376.0,10.295215606689453
2002-03-22,15.114358901977539,14.258829116821289,14.544005393981934,15.114358901977539,197877.0,11.000935554504395
2002-03-25,16.112476348876953,15.399535179138184,16.112476348876953,16.112476348876953,216739.0,11.727413177490234
2002-03-26,17.110595703125,15.969887733459473,16.397653579711914,17.110595703125,230529.0,12.453888893127441
2002-03-27,18.251300811767578,17.110595703125,18.108713150024414,17.538360595703125,383796.0,12.765237808227539
2002-03-28,17.966123580932617,16.397653579711914,17.253183364868164,16.82541847229004,123047.0,12.24632453918457
2002-03-29,16.82541847229004,15.684712409973145,16.540241241455078,15.969887733459473,49543.0,11.623628616333008
2002-04-01,16.968006134033203,15.969887733459473,15.969887733459473,16.968006134033203,160077.0,12.350105285644531
2002-04-02,18.108713150024414,16.968006134033203,18.108713150024414,17.538360595703125,134618.0,12.765237808227539
2002-04-03,17.68094825744629,16.82541847229004,17.110595703125,17.68094825744629,94502.0,12.8690185546875
2002-04-04,18.108713150024414,17.110595703125,17.68094825744629,17.538360595703125,90645.0,12.765237808227539
2002-04-05,17.538360595703125,17.538360595703125,17.538360595703125,17.538360595703125,0.0,12.765237808227539
2002-04-08,17.966123580932617,16.82541847229004,16.82541847229004,17.538360595703125,78302.0,12.765237808227539
2002-04-09,17.966123580932617,16.397653579711914,17.538360595703125,17.395771026611328,112246.0,12.661454200744629
2002-04-10,16.82541847229004,16.397653579711914,16.82541847229004,16.82541847229004,37415.0,12.24632453918457
2002-04-11,17.110595703125,15.684712409973145,16.540241241455078,16.82541847229004,92188.0,12.24632453918457
2002-04-12,16.540241241455078,15.684712409973145,15.684712409973145,15.969887733459473,68659.0,11.623628616333008
2002-04-15,16.397653579711914,15.399535179138184,15.399535179138184,16.25506591796875,52074.0,11.831195831298828
2002-04-16,16.25506591796875,15.684712409973145,15.684712409973145,16.25506591796875,62875.0,11.831195831298828
2002-04-17,16.540241241455078,15.684712409973145,15.969887733459473,15.969887733459473,72517.0,11.623628616333008
2002-04-18,15.969887733459473,15.399535179138184,15.969887733459473,15.399535179138184,49375.0,11.208499908447266
2002-04-19,15.969887733459473,15.399535179138184,15.399535179138184,15.969887733459473,92574.0,11.623628616333008
2002-04-22,16.540241241455078,15.684712409973145,15.969887733459473,16.540241241455078,182835.0,12.038759231567383
2002-04-23,16.540241241455078,15.827300071716309,16.25506591796875,15.827300071716309,121884.0,11.51984691619873
2002-04-24,16.82541847229004,15.684712409973145,15.684712409973145,16.82541847229004,388425.0,12.24632453918457
2002-04-25,17.966123580932617,16.968006134033203,17.395771026611328,17.966123580932617,815673.0,13.076583862304688
2002-04-26,18.53647804260254,16.82541847229004,18.251300811767578,16.82541847229004,250184.0,12.24632453918457
2002-04-29,17.395771026611328,16.397653579711914,17.395771026611328,16.82541847229004,104644.0,12.24632453918457
2002-04-30,16.540241241455078,15.684712409973145,16.540241241455078,15.969887733459473,149324.0,11.623628616333008
2002-05-01,15.969887733459473,15.969887733459473,15.969887733459473,15.969887733459473,0.0,11.623628616333008
2002-05-02,16.25506591796875,15.114358901977539,15.542123794555664,15.684712409973145,66403.0,11.416067123413086
2002-05-03,15.542123794555664,15.114358901977539,15.114358901977539,15.542123794555664,39637.0,11.31228256225586
2002-05-06,15.114358901977539,14.544005393981934,15.114358901977539,14.544005393981934,96045.0,10.585805892944336
2002-05-07,13.831064224243164,13.545886993408203,13.5744047164917,13.831064224243164,135391.0,10.066893577575684
2002-05-08,14.544005393981934,13.688475608825684,13.688475608825684,14.258829116821289,33172.0,10.378242492675781
2002-05-09,14.544005393981934,13.945135116577148,14.544005393981934,14.258829116821289,43975.0,10.378242492675781
2002-05-10,14.230311393737793,14.002169609069824,14.1732759475708,14.230311393737793,29848.0,10.357484817504883
2002-05-13,14.230311393737793,13.403299331665039,14.230311393737793,13.88809871673584,32978.0,10.108406066894531
2002-05-14,14.201793670654297,13.061086654663086,13.061086654663086,13.745511054992676,28339.0,10.004623413085938
2002-05-15,13.945135116577148,13.631440162658691,13.688475608825684,13.945135116577148,30858.0,10.149920463562012
2002-05-16,13.945135116577148,13.431817054748535,13.945135116577148,13.945135116577148,6302.0,10.149920463562012
2002-05-17,13.88809871673584,13.431817054748535,13.431817054748535,13.88809871673584,29174.0,10.108406066894531
2002-05-20,13.88809871673584,12.975534439086914,13.88809871673584,12.975534439086914,23143.0,9.444199562072754
2002-05-21,12.918498992919922,12.69035816192627,12.69035816192627,12.889981269836426,26615.0,9.381929397583008
2002-05-22,12.889981269836426,12.262593269348145,12.262593269348145,12.661840438842773,16971.0,9.2158784866333
2002-05-23,13.118123054504395,12.547768592834473,12.547768592834473,13.118123054504395,42059.0,9.547981262207031
2002-05-24,13.688475608825684,13.118123054504395,13.118123054504395,13.688475608825684,11572.0,9.96311092376709
2002-05-27,13.460333824157715,13.17515754699707,13.403299331665039,13.460333824157715,7714.0,9.797059059143066
2002-05-28,13.659957885742188,13.232192993164062,13.659957885742188,13.5744047164917,11571.0,9.880084991455078
2002-05-29,13.545886993408203,13.403299331665039,13.545886993408203,13.460333824157715,21987.0,9.797059059143066
2002-05-30,13.802545547485352,13.431817054748535,13.802545547485352,13.631440162658691,19672.0,9.921597480773926
2002-05-31,13.659957885742188,13.403299331665039,13.403299331665039,13.602923393249512,26708.0,9.900842666625977
2002-06-03,13.118123054504395,12.661840438842773,12.86146354675293,13.00405216217041,42549.0,9.464956283569336
2002-06-04,12.947016716003418,12.262593269348145,12.262593269348145,12.947016716003418,18514.0,9.423443794250488
2002-06-05,13.061086654663086,12.69035816192627,12.69035816192627,13.061086654663086,39344.0,9.50646686553955
2002-06-06,13.118123054504395,12.71887493133545,12.71887493133545,13.061086654663086,12419.0,9.50646686553955
2002-06-07,13.118123054504395,12.86146354675293,13.118123054504395,13.118123054504395,32060.0,9.547981262207031
2002-06-10,13.146639823913574,12.775911331176758,12.775911331176758,13.061086654663086,38186.0,9.50646686553955
2002-06-11,13.118123054504395,13.061086654663086,13.061086654663086,13.118123054504395,46482.0,9.547981262207031
2002-06-12,13.260710716247559,12.918498992919922,12.975534439086914,13.260710716247559,38548.0,9.651762962341309
2002-06-13,13.916617393493652,13.032569885253906,13.032569885253906,13.88809871673584,38890.0,10.108406066894531
2002-06-14,13.831064224243164,13.488851547241211,13.831064224243164,13.831064224243164,35486.0,10.066893577575684
2002-06-17,13.945135116577148,13.517370223999023,13.545886993408203,13.831064224243164,54044.0,10.066893577575684
2002-06-18,13.745511054992676,13.545886993408203,13.745511054992676,13.745511054992676,44373.0,10.004623413085938
2002-06-19,13.745511054992676,13.545886993408203,13.545886993408203,13.688475608825684,40987.0,9.96311092376709
2002-06-20,13.774028778076172,13.31774616241455,13.31774616241455,13.774028778076172,55397.0,10.02538013458252
2002-06-21,13.745511054992676,13.5744047164917,13.688475608825684,13.71699333190918,11571.0,9.983866691589355
2002-06-24,13.403299331665039,13.403299331665039,13.403299331665039,13.403299331665039,2481.0,9.755546569824219
2002-06-25,13.688475608825684,13.146639823913574,13.403299331665039,13.403299331665039,46728.0,9.755546569824219
2002-06-26,13.403299331665039,13.061086654663086,13.403299331665039,13.289228439331055,25458.0,9.672520637512207
2002-06-27,13.260710716247559,13.118123054504395,13.118123054504395,13.260710716247559,82159.0,9.651762962341309
2002-06-28,13.688475608825684,13.260710716247559,13.260710716247559,13.31774616241455,91244.0,9.693276405334473
2002-07-01,13.545886993408203,13.31774616241455,13.31774616241455,13.545886993408203,34331.0,9.859328269958496
2002-07-02,13.374780654907227,12.633321762084961,12.633321762084961,13.374780654907227,2700.0,9.73478889465332
2002-07-03,13.545886993408203,13.374780654907227,13.374780654907227,13.460333824157715,5400.0,9.797059059143066
2002-07-04,14.258829116821289,12.519251823425293,12.519251823425293,14.258829116821289,51796.0,10.378242492675781
2002-07-05,13.973651885986328,13.688475608825684,13.973651885986328,13.688475608825684,30091.0,9.96311092376709
2002-07-08,13.945135116577148,13.260710716247559,13.688475608825684,13.945135116577148,11958.0,10.149920463562012
2002-07-09,13.973651885986328,13.631440162658691,13.631440162658691,13.973651885986328,5894.0,10.170675277709961
2002-07-10,13.831064224243164,13.831064224243164,13.831064224243164,13.831064224243164,386.0,10.066893577575684
2002-07-11,13.831064224243164,13.118123054504395,13.545886993408203,13.831064224243164,4628.0,10.066893577575684
2002-07-12,13.88809871673584,13.289228439331055,13.289228439331055,13.88809871673584,19674.0,10.108406066894531
2002-07-15,13.688475608825684,13.431817054748535,13.431817054748535,13.488851547241211,8742.0,9.817815780639648
2002-07-16,13.745511054992676,13.545886993408203,13.545886993408203,13.545886993408203,10797.0,9.859328269958496
2002-07-17,13.973651885986328,13.403299331665039,13.688475608825684,13.916617393493652,14119.0,10.129162788391113
2002-07-18,13.945135116577148,13.831064224243164,13.831064224243164,13.916617393493652,17001.0,10.129162788391113
2002-07-19,13.945135116577148,13.545886993408203,13.545886993408203,13.916617393493652,30086.0,10.129162788391113
2002-07-22,13.745511054992676,13.403299331665039,13.403299331665039,13.659957885742188,13376.0,9.942355155944824
2002-07-23,13.745511054992676,13.460333824157715,13.460333824157715,13.631440162658691,14657.0,9.921597480773926
2002-07-24,13.688475608825684,13.488851547241211,13.488851547241211,13.688475608825684,22059.0,9.96311092376709
2002-07-25,13.745511054992676,13.545886993408203,13.545886993408203,13.71699333190918,39344.0,9.983866691589355
2002-07-26,14.230311393737793,12.86146354675293,13.545886993408203,13.688475608825684,52076.0,9.96311092376709
2002-07-29,13.659957885742188,13.545886993408203,13.545886993408203,13.659957885742188,20058.0,9.942355155944824
2002-07-30,13.688475608825684,12.832945823669434,13.631440162658691,13.659957885742188,60944.0,9.942355155944824
2002-07-31,13.688475608825684,13.346263885498047,13.346263885498047,13.659957885742188,48987.0,9.942355155944824
2002-08-01,13.659957885742188,13.146639823913574,13.488851547241211,13.5744047164917,73673.0,9.880084991455078
2002-08-02,13.659957885742188,13.460333824157715,13.545886993408203,13.659957885742188,62102.0,9.942355155944824
2002-08-05,13.460333824157715,12.975534439086914,13.460333824157715,13.374780654907227,69431.0,9.73478889465332
2002-08-06,13.403299331665039,12.604804992675781,12.604804992675781,13.403299331665039,63645.0,9.755546569824219
2002-08-07,13.488851547241211,13.232192993164062,13.232192993164062,13.488851547241211,46672.0,9.817815780639648
2002-08-08,13.545886993408203,13.346263885498047,13.346263885498047,13.545886993408203,66730.0,9.859328269958496
2002-08-09,13.831064224243164,13.460333824157715,13.517370223999023,13.831064224243164,97485.0,10.066893577575684
2002-08-12,13.745511054992676,13.460333824157715,13.631440162658691,13.745511054992676,30472.0,10.004623413085938
2002-08-13,13.802545547485352,13.545886993408203,13.545886993408203,13.802545547485352,49758.0,10.046135902404785
2002-08-14,13.688475608825684,13.5744047164917,13.5744047164917,13.688475608825684,37030.0,9.96311092376709
2002-08-15,13.831064224243164,13.688475608825684,13.688475608825684,13.688475608825684,50916.0,9.96311092376709
2002-08-16,13.831064224243164,13.602923393249512,13.688475608825684,13.774028778076172,75602.0,10.02538013458252
2002-08-19,13.774028778076172,13.5744047164917,13.688475608825684,13.774028778076172,75988.0,10.02538013458252
2002-08-20,13.688475608825684,13.5744047164917,13.688475608825684,13.688475608825684,51301.0,9.96311092376709
2002-08-21,13.831064224243164,13.545886993408203,13.631440162658691,13.631440162658691,57858.0,9.921597480773926
2002-08-22,13.631440162658691,13.631440162658691,13.631440162658691,13.631440162658691,48215.0,9.921597480773926
2002-08-23,13.631440162658691,13.631440162658691,13.631440162658691,13.631440162658691,0.0,9.921597480773926
2002-08-26,13.631440162658691,13.5744047164917,13.631440162658691,13.631440162658691,50144.0,9.921597480773926
2002-08-27,13.688475608825684,13.460333824157715,13.545886993408203,13.688475608825684,100292.0,9.96311092376709
2002-08-28,13.688475608825684,13.488851547241211,13.5744047164917,13.688475608825684,46918.0,9.96311092376709
2002-08-29,13.688475608825684,13.488851547241211,13.488851547241211,13.688475608825684,13640.0,9.96311092376709
2002-08-30,13.88809871673584,13.488851547241211,13.545886993408203,13.831064224243164,44751.0,10.066893577575684
2002-09-02,13.745511054992676,13.517370223999023,13.545886993408203,13.745511054992676,62452.0,10.004623413085938
2002-09-03,13.745511054992676,13.374780654907227,13.545886993408203,13.745511054992676,38907.0,10.004623413085938
2002-09-04,13.745511054992676,12.889981269836426,13.745511054992676,13.659957885742188,91424.0,9.942355155944824
2002-09-05,13.631440162658691,13.203675270080566,13.203675270080566,13.631440162658691,15429.0,9.921597480773926
2002-09-06,13.631440162658691,13.631440162658691,13.631440162658691,13.631440162658691,0.0,9.921597480773926
2002-09-09,13.688475608825684,13.374780654907227,13.545886993408203,13.659957885742188,45619.0,9.942355155944824
2002-09-10,14.116241455078125,13.545886993408203,13.545886993408203,14.116241455078125,39768.0,10.274460792541504
2002-09-11,14.116241455078125,13.71699333190918,13.71699333190918,13.973651885986328,49372.0,10.170675277709961
2002-09-12,14.230311393737793,13.71699333190918,13.71699333190918,14.116241455078125,68273.0,10.274460792541504
2002-09-13,13.973651885986328,13.5744047164917,13.5744047164917,13.973651885986328,62881.0,10.170675277709961
2002-09-16,13.745511054992676,13.602923393249512,13.688475608825684,13.745511054992676,66344.0,10.004623413085938
2002-09-17,13.916617393493652,13.488851547241211,13.488851547241211,13.916617393493652,17386.0,10.129162788391113
2002-09-18,13.688475608825684,13.488851547241211,13.5744047164917,13.688475608825684,36258.0,9.96311092376709
2002-09-19,13.688475608825684,13.460333824157715,13.460333824157715,13.659957885742188,76373.0,9.942355155944824
2002-09-20,13.260710716247559,13.118123054504395,13.17515754699707,13.260710716247559,57473.0,9.651762962341309
2002-09-23,13.089605331420898,12.975534439086914,12.975534439086914,13.089605331420898,47058.0,9.527225494384766
2002-09-24,12.804428100585938,12.547768592834473,12.547768592834473,12.804428100585938,47830.0,9.319659233093262
2002-09-25,12.604804992675781,11.920380592346191,12.262593269348145,11.920380592346191,17743.0,8.676209449768066
2002-09-26,12.120003700256348,11.407062530517578,11.977416038513184,11.407062530517578,30086.0,8.302591323852539
2002-09-27,11.407062530517578,10.865226745605469,11.407062530517578,11.407062530517578,5400.0,8.302591323852539
2002-09-30,11.407062530517578,10.637085914611816,11.407062530517578,11.350028038024902,15043.0,8.261079788208008
2002-10-01,11.178921699523926,10.694122314453125,10.694122314453125,11.178921699523926,52072.0,8.136541366577148
2002-10-02,11.692239761352539,11.207439422607422,11.207439422607422,11.692239761352539,5786.0,8.510157585144043
2002-10-03,11.920380592346191,10.979297637939453,11.692239761352539,11.806309700012207,25457.0,8.593182563781738
2002-10-04,11.777792930603027,11.350028038024902,11.350028038024902,11.749275207519531,2662.0,8.55167007446289
2002-10-07,11.407062530517578,11.15040397644043,11.15040397644043,11.407062530517578,10028.0,8.302591323852539
2002-10-08,11.407062530517578,11.007816314697266,11.064850807189941,11.407062530517578,3471.0,8.302591323852539
2002-10-09,11.43558120727539,10.836709976196289,10.836709976196289,11.43558120727539,1928.0,8.323348999023438
2002-10-10,11.43558120727539,11.43558120727539,11.43558120727539,11.43558120727539,0.0,8.323348999023438
2002-10-11,11.378544807434082,11.007816314697266,11.007816314697266,11.378544807434082,3471.0,8.281835556030273
2002-10-14,11.777792930603027,11.46409797668457,11.46409797668457,11.777792930603027,6558.0,8.572425842285156
2002-10-15,12.14852237701416,11.635204315185547,11.635204315185547,12.120003700256348,45909.0,8.821503639221191
2002-10-16,12.832945823669434,11.549651145935059,12.490734100341797,12.832945823669434,34715.0,9.34041690826416
2002-10-17,12.832945823669434,11.948899269104004,12.291110038757324,12.832945823669434,35101.0,9.34041690826416
2002-10-18,13.260710716247559,12.519251823425293,12.519251823425293,13.260710716247559,35874.0,9.651762962341309
2002-10-21,13.545886993408203,13.517370223999023,13.545886993408203,13.517370223999023,1542.0,9.83857250213623
2002-10-22,13.460333824157715,12.633321762084961,13.460333824157715,13.460333824157715,15814.0,9.797059059143066
2002-10-23,13.659957885742188,13.403299331665039,13.403299331665039,13.659957885742188,3472.0,9.942355155944824
2002-10-24,13.659957885742188,13.032569885253906,13.403299331665039,13.659957885742188,15044.0,9.942355155944824
2002-10-25,13.659957885742188,13.032569885253906,13.032569885253906,13.659957885742188,9644.0,9.942355155944824
2002-10-28,13.688475608825684,13.032569885253906,13.032569885253906,13.688475608825684,21601.0,9.96311092376709
2002-10-29,13.631440162658691,13.374780654907227,13.374780654907227,13.631440162658691,5665.0,9.921597480773926
2002-10-30,13.659957885742188,13.374780654907227,13.460333824157715,13.659957885742188,30858.0,9.942355155944824
2002-10-31,13.659957885742188,13.545886993408203,13.545886993408203,13.659957885742188,25072.0,9.942355155944824
2002-11-01,13.602923393249512,13.545886993408203,13.545886993408203,13.545886993408203,0.0,9.859328269958496
2002-11-04,13.659957885742188,13.431817054748535,13.431817054748535,13.659957885742188,31630.0,9.942355155944824
2002-11-05,14.258829116821289,13.374780654907227,14.258829116821289,13.688475608825684,11479.0,9.96311092376709
2002-11-06,14.258829116821289,13.659957885742188,14.258829116821289,13.688475608825684,10029.0,9.96311092376709
2002-11-07,13.71699333190918,13.31774616241455,13.688475608825684,13.71699333190918,74060.0,9.983866691589355
2002-11-08,13.745511054992676,13.403299331665039,13.631440162658691,13.745511054992676,15953.0,10.004623413085938
2002-11-11,13.973651885986328,13.403299331665039,13.973651885986328,13.745511054992676,4242.0,10.004623413085938
2002-11-12,13.403299331665039,12.918498992919922,13.403299331665039,13.374780654907227,16973.0,9.73478889465332
2002-11-13,13.659957885742188,13.118123054504395,13.346263885498047,13.659957885742188,19801.0,9.942355155944824
2002-11-14,13.631440162658691,13.346263885498047,13.631440162658691,13.374780654907227,3087.0,9.73478889465332
2002-11-15,13.688475608825684,13.289228439331055,13.688475608825684,13.631440162658691,24300.0,9.921597480773926
2002-11-18,13.745511054992676,13.118123054504395,13.403299331665039,13.346263885498047,59787.0,9.714033126831055
2002-11-19,13.403299331665039,13.118123054504395,13.403299331665039,13.374780654907227,50005.0,9.73478889465332
2002-11-20,13.374780654907227,13.118123054504395,13.374780654907227,13.31774616241455,33558.0,9.693276405334473
2002-11-21,13.260710716247559,12.433698654174805,13.260710716247559,13.032569885253906,81388.0,9.485713005065918
2002-11-22,12.69035816192627,12.14852237701416,12.433698654174805,12.14852237701416,107232.0,8.842260360717773
2002-11-25,12.14852237701416,11.407062530517578,12.14852237701416,11.806309700012207,148119.0,8.593182563781738
2002-11-26,11.492615699768066,11.007816314697266,11.43558120727539,11.407062530517578,163296.0,8.302591323852539
2002-11-27,11.064850807189941,10.608569145202637,11.007816314697266,10.694122314453125,115369.0,7.783681869506836
2002-11-28,11.064850807189941,10.836709976196289,10.836709976196289,11.036333084106445,45901.0,8.032757759094238
2002-11-29,11.350028038024902,10.694122314453125,10.694122314453125,11.321510314941406,55159.0,8.240324020385742
2002-12-02,11.321510314941406,11.321510314941406,11.321510314941406,11.321510314941406,0.0,8.240324020385742
2002-12-03,11.264474868774414,10.979297637939453,10.979297637939453,10.979297637939453,0.0,7.991245269775391
2002-12-04,11.093368530273438,10.865226745605469,10.865226745605469,11.007816314697266,25458.0,8.012002944946289
2002-12-05,11.321510314941406,11.007816314697266,11.007816314697266,11.264474868774414,26298.0,8.198810577392578
2002-12-06,11.521134376525879,10.865226745605469,11.121886253356934,11.121886253356934,115332.0,8.095027923583984
2002-12-09,11.235957145690918,10.865226745605469,11.121886253356934,10.893745422363281,303574.0,7.928976058959961
2002-12-10,10.979297637939453,10.694122314453125,10.808192253112793,10.950779914855957,106082.0,7.970488548278809
2002-12-11,11.121886253356934,10.694122314453125,11.007816314697266,10.694122314453125,261808.0,7.783681869506836
2002-12-12,10.836709976196289,10.608569145202637,10.836709976196289,10.77967357635498,74830.0,7.845948696136475
2002-12-13,10.77967357635498,10.637085914611816,10.77967357635498,10.77967357635498,84597.0,7.845948696136475
2002-12-16,11.121886253356934,10.722639083862305,10.722639083862305,10.979297637939453,340552.0,7.991245269775391
2002-12-17,11.720756530761719,11.064850807189941,11.15040397644043,11.720756530761719,546433.0,8.530913352966309
2002-12-18,12.519251823425293,12.519251823425293,12.519251823425293,12.519251823425293,239802.0,9.112095832824707
2002-12-19,13.374780654907227,11.863346099853516,13.374780654907227,12.00593376159668,481744.0,8.738478660583496
2002-12-20,12.405180931091309,11.863346099853516,12.405180931091309,11.920380592346191,166660.0,8.676209449768066
2002-12-23,12.747392654418945,12.205556869506836,12.205556869506836,12.747392654418945,124170.0,9.278146743774414
2002-12-24,13.631440162658691,13.17515754699707,13.631440162658691,13.460333824157715,393840.0,9.797059059143066
2002-12-25,13.403299331665039,12.519251823425293,13.403299331665039,12.519251823425293,307494.0,9.112095832824707
2002-12-26,12.547768592834473,11.663722038269043,11.692239761352539,12.547768592834473,261101.0,9.132850646972656
2002-12-27,13.403299331665039,13.403299331665039,13.403299331665039,13.403299331665039,184376.0,9.755546569824219
2002-12-30,14.258829116821289,14.258829116821289,14.258829116821289,14.258829116821289,91167.0,10.378242492675781
2002-12-31,15.256946563720703,14.829181671142578,15.256946563720703,15.256946563720703,1001782.0,11.104718208312988
2003-01-01,15.256946563720703,15.256946563720703,15.256946563720703,15.256946563720703,0.0,11.104718208312988
2003-01-02,16.25506591796875,15.256946563720703,15.969887733459473,16.25506591796875,763351.0,11.831195831298828
2003-01-03,16.540241241455078,15.542123794555664,15.827300071716309,15.542123794555664,392166.0,11.31228256225586
2003-01-06,16.540241241455078,15.542123794555664,15.542123794555664,16.25506591796875,305370.0,11.831195831298828
2003-01-07,16.25506591796875,15.684712409973145,16.25506591796875,16.25506591796875,234583.0,11.831195831298828
2003-01-08,17.253183364868164,16.682830810546875,16.682830810546875,17.253183364868164,425841.0,12.557672500610352
2003-01-09,18.393888473510742,16.82541847229004,17.966123580932617,17.68094825744629,566415.0,12.8690185546875
2003-01-10,17.823535919189453,16.82541847229004,17.68094825744629,17.68094825744629,211593.0,12.8690185546875
2003-01-13,18.108713150024414,17.110595703125,17.823535919189453,17.68094825744629,175911.0,12.8690185546875
2003-01-14,18.393888473510742,17.538360595703125,17.68094825744629,18.108713150024414,200577.0,13.180365562438965
2003-01-15,18.251300811767578,17.68094825744629,18.251300811767578,17.966123580932617,146667.0,13.076583862304688
2003-01-16,19.106830596923828,19.106830596923828,19.106830596923828,19.106830596923828,240692.0,13.906844139099121
2003-01-17,20.390125274658203,19.106830596923828,20.390125274658203,19.534595489501953,856871.0,14.21819019317627
2003-01-20,19.534595489501953,18.679065704345703,19.534595489501953,19.39200782775879,186691.0,14.114408493041992
2003-01-21,19.534595489501953,18.108713150024414,19.249418258666992,18.108713150024414,381482.0,13.180365562438965
2003-01-22,19.249418258666992,17.966123580932617,18.108713150024414,18.53647804260254,402783.0,13.49171257019043
2003-01-23,19.106830596923828,18.393888473510742,18.53647804260254,18.679065704345703,281579.0,13.595494270324707
2003-01-24,19.962360382080078,18.679065704345703,18.964242935180664,19.962360382080078,295080.0,14.529537200927734
2003-01-27,21.245655059814453,19.249418258666992,21.10306739807129,19.962360382080078,465238.0,14.529537200927734
2003-01-28,20.675302505493164,19.106830596923828,19.106830596923828,19.962360382080078,172033.0,14.529537200927734
2003-01-29,19.962360382080078,19.962360382080078,19.962360382080078,19.962360382080078,0.0,14.529537200927734
2003-01-30,19.962360382080078,19.962360382080078,19.962360382080078,19.962360382080078,0.0,14.529537200927734
2003-01-31,19.962360382080078,19.962360382080078,19.962360382080078,19.962360382080078,0.0,14.529537200927734
2003-02-03,19.962360382080078,19.962360382080078,19.962360382080078,19.962360382080078,0.0,14.529537200927734
2003-02-04,19.962360382080078,19.962360382080078,19.962360382080078,19.962360382080078,0.0,14.529537200927734
2003-02-05,19.962360382080078,19.962360382080078,19.962360382080078,19.962360382080078,0.0,14.529537200927734
2003-02-06,21.245655059814453,20.53271484375,20.960479736328125,20.53271484375,453227.0,14.944668769836426
2003-02-07,21.95859718322754,19.962360382080078,21.530832290649414,21.95859718322754,793823.0,15.982492446899414
2003-02-10,23.384479522705078,22.243772506713867,22.814125061035156,22.386362075805664,693744.0,16.293840408325195
2003-02-11,22.386362075805664,20.960479736328125,21.245655059814453,20.960479736328125,434820.0,15.256012916564941
2003-02-12,20.817890167236328,19.677183151245117,19.819772720336914,20.675302505493164,193968.0,15.048450469970703
2003-02-13,20.390125274658203,19.249418258666992,19.962360382080078,19.962360382080078,170490.0,14.529537200927734
2003-02-14,20.675302505493164,19.819772720336914,19.819772720336914,19.962360382080078,160461.0,14.529537200927734
2003-02-17,20.817890167236328,19.962360382080078,20.104949951171875,20.390125274658203,224106.0,14.840882301330566
2003-02-18,20.53271484375,19.39200782775879,20.53271484375,19.39200782775879,57858.0,14.114408493041992
2003-02-19,19.534595489501953,18.108713150024414,19.39200782775879,18.108713150024414,259979.0,13.180365562438965
2003-02-20,17.966123580932617,16.968006134033203,17.253183364868164,16.968006134033203,243007.0,12.350105285644531
2003-02-21,17.966123580932617,15.969887733459473,16.25506591796875,17.966123580932617,239921.0,13.076583862304688
2003-02-24,18.251300811767578,17.110595703125,17.68094825744629,18.251300811767578,68659.0,13.284148216247559
2003-02-25,17.966123580932617,17.253183364868164,17.253183364868164,17.253183364868164,34337.0,12.557672500610352
2003-02-26,17.68094825744629,17.110595703125,17.110595703125,17.538360595703125,65581.0,12.765237808227539
2003-02-27,18.393888473510742,17.110595703125,17.110595703125,17.395771026611328,105098.0,12.661454200744629
2003-02-28,17.395771026611328,17.395771026611328,17.395771026611328,17.395771026611328,0.0,12.661454200744629
2003-03-03,17.823535919189453,17.395771026611328,17.68094825744629,17.395771026611328,28405.0,12.661454200744629
2003-03-04,17.538360595703125,16.682830810546875,17.110595703125,17.538360595703125,41273.0,12.765237808227539
2003-03-05,17.68094825744629,17.110595703125,17.538360595703125,17.395771026611328,47830.0,12.661454200744629
2003-03-06,17.68094825744629,16.682830810546875,17.253183364868164,17.68094825744629,57859.0,12.8690185546875
2003-03-07,17.68094825744629,16.682830810546875,17.395771026611328,17.68094825744629,96433.0,12.8690185546875
2003-03-10,18.821653366088867,17.68094825744629,17.68094825744629,18.821653366088867,128839.0,13.6992769241333
2003-03-11,20.104949951171875,20.104949951171875,20.104949951171875,20.104949951171875,122732.0,14.633319854736328
2003-03-12,21.38824462890625,21.38824462890625,21.38824462890625,21.38824462890625,305619.0,15.567363739013672
2003-03-13,22.814125061035156,21.816007614135742,22.814125061035156,22.814125061035156,1177706.0,16.605182647705078
2003-03-14,23.384479522705078,22.243772506713867,23.384479522705078,22.243772506713867,375336.0,16.19005584716797
2003-03-17,21.95859718322754,20.817890167236328,21.673419952392578,20.817890167236328,183822.0,15.152230262756348
2003-03-18,21.38824462890625,20.817890167236328,20.960479736328125,21.10306739807129,202224.0,15.359798431396484
2003-03-19,21.10306739807129,19.962360382080078,21.10306739807129,20.817890167236328,120346.0,15.152230262756348
2003-03-20,20.817890167236328,20.104949951171875,20.390125274658203,20.675302505493164,88716.0,15.048450469970703
2003-03-21,22.101184844970703,20.817890167236328,20.817890167236328,21.38824462890625,536159.0,15.567363739013672
2003-03-24,21.673419952392578,20.960479736328125,21.245655059814453,20.960479736328125,183931.0,15.256012916564941
2003-03-25,20.960479736328125,20.390125274658203,20.53271484375,20.390125274658203,58643.0,14.840882301330566
2003-03-26,21.816007614135742,20.817890167236328,20.960479736328125,20.960479736328125,298558.0,15.256012916564941
2003-03-27,21.245655059814453,20.53271484375,20.675302505493164,20.960479736328125,167071.0,15.256012916564941
2003-03-28,21.10306739807129,20.675302505493164,20.960479736328125,20.960479736328125,73674.0,15.256012916564941
2003-03-31,20.960479736328125,20.24753761291504,20.960479736328125,20.24753761291504,114564.0,14.737101554870605
2003-04-01,20.817890167236328,20.390125274658203,20.675302505493164,20.53271484375,47560.0,14.944668769836426
2003-04-02,20.53271484375,20.104949951171875,20.53271484375,20.390125274658203,38576.0,14.840882301330566
2003-04-03,20.817890167236328,20.390125274658203,20.675302505493164,20.390125274658203,104921.0,14.840882301330566
2003-04-04,21.245655059814453,20.390125274658203,20.675302505493164,21.245655059814453,103393.0,15.463578224182129
2003-04-07,21.38824462890625,20.53271484375,21.10306739807129,21.245655059814453,92578.0,15.463578224182129
2003-04-08,21.245655059814453,20.817890167236328,21.245655059814453,21.10306739807129,79073.0,15.359798431396484
2003-04-09,21.10306739807129,20.675302505493164,20.675302505493164,20.960479736328125,50156.0,15.256012916564941
2003-04-10,21.673419952392578,20.960479736328125,21.10306739807129,21.10306739807129,177441.0,15.359798431396484
2003-04-11,21.673419952392578,21.10306739807129,21.10306739807129,21.38824462890625,92477.0,15.567363739013672
2003-04-14,21.673419952392578,20.960479736328125,21.673419952392578,21.38824462890625,87949.0,15.567363739013672
2003-04-15,21.38824462890625,21.10306739807129,21.38824462890625,21.38824462890625,72520.0,15.567363739013672
2003-04-16,21.530832290649414,20.960479736328125,21.38824462890625,21.38824462890625,137474.0,15.567363739013672
2003-04-17,21.245655059814453,20.675302505493164,21.245655059814453,20.675302505493164,116493.0,15.048450469970703
2003-04-18,21.38824462890625,20.817890167236328,20.960479736328125,21.38824462890625,96433.0,15.567363739013672
2003-04-21,21.38824462890625,21.10306739807129,21.38824462890625,21.10306739807129,91417.0,15.359798431396484
2003-04-22,21.245655059814453,20.960479736328125,21.10306739807129,21.10306739807129,79852.0,15.359798431396484
2003-04-23,21.245655059814453,20.817890167236328,21.10306739807129,21.10306739807129,67116.0,15.359798431396484
2003-04-24,21.10306739807129,20.104949951171875,21.10306739807129,20.53271484375,125365.0,14.944668769836426
2003-04-25,20.53271484375,19.962360382080078,19.962360382080078,20.104949951171875,86792.0,14.633319854736328
2003-04-28,19.819772720336914,18.821653366088867,18.821653366088867,19.819772720336914,97974.0,14.425755500793457
2003-04-29,19.677183151245117,18.821653366088867,19.39200782775879,19.39200782775879,73287.0,14.114408493041992
2003-04-30,19.39200782775879,18.393888473510742,19.39200782775879,18.393888473510742,125310.0,13.38792896270752
2003-05-01,18.393888473510742,18.393888473510742,18.393888473510742,18.393888473510742,0.0,13.38792896270752
2003-05-02,18.393888473510742,17.253183364868164,17.68094825744629,18.393888473510742,84810.0,13.38792896270752
2003-05-05,18.393888473510742,17.253183364868164,17.253183364868164,18.108713150024414,30858.0,13.180365562438965
2003-05-06,18.108713150024414,17.538360595703125,17.538360595703125,17.68094825744629,17358.0,12.8690185546875
2003-05-07,18.393888473510742,17.68094825744629,18.393888473510742,18.108713150024414,26615.0,13.180365562438965
2003-05-08,18.108713150024414,17.68094825744629,18.108713150024414,18.108713150024414,17743.0,13.180365562438965
2003-05-09,18.53647804260254,17.823535919189453,18.53647804260254,18.53647804260254,37801.0,13.49171257019043
2003-05-12,19.677183151245117,18.53647804260254,18.53647804260254,19.106830596923828,48987.0,13.906844139099121
2003-05-13,19.39200782775879,18.821653366088867,19.249418258666992,19.39200782775879,36647.0,14.114408493041992
2003-05-14,19.534595489501953,18.821653366088867,19.39200782775879,19.39200782775879,11957.0,14.114408493041992
2003-05-15,18.964242935180664,18.393888473510742,18.393888473510742,18.821653366088867,8871.0,13.6992769241333
2003-05-16,19.39200782775879,18.679065704345703,19.249418258666992,19.249418258666992,77530.0,14.010624885559082
2003-05-19,19.249418258666992,18.821653366088867,18.964242935180664,19.249418258666992,52073.0,14.010624885559082
2003-05-20,19.249418258666992,18.964242935180664,18.964242935180664,19.249418258666992,28929.0,14.010624885559082
2003-05-21,19.39200782775879,18.964242935180664,19.39200782775879,19.249418258666992,47444.0,14.010624885559082
2003-05-22,19.39200782775879,18.964242935180664,18.964242935180664,19.39200782775879,32555.0,14.114408493041992
2003-05-23,19.677183151245117,19.106830596923828,19.677183151245117,19.534595489501953,43973.0,14.21819019317627
2003-05-26,19.962360382080078,19.534595489501953,19.534595489501953,19.819772720336914,65573.0,14.425755500793457
2003-05-27,19.962360382080078,19.534595489501953,19.962360382080078,19.534595489501953,106421.0,14.21819019317627
2003-05-28,20.104949951171875,19.677183151245117,19.962360382080078,20.104949951171875,75244.0,14.633319854736328
2003-05-29,20.24753761291504,19.677183151245117,20.104949951171875,19.962360382080078,74451.0,14.529537200927734
2003-05-30,20.104949951171875,19.677183151245117,19.819772720336914,19.962360382080078,31244.0,14.529537200927734
2003-06-02,20.24753761291504,19.962360382080078,19.962360382080078,20.24753761291504,79845.0,14.737101554870605
2003-06-03,20.53271484375,19.962360382080078,19.962360382080078,20.24753761291504,67699.0,14.737101554870605
2003-06-04,20.24753761291504,20.24753761291504,20.24753761291504,20.24753761291504,0.0,14.737101554870605
2003-06-05,20.53271484375,20.24753761291504,20.24753761291504,20.53271484375,41907.0,14.944668769836426
2003-06-06,20.53271484375,20.104949951171875,20.53271484375,20.53271484375,43489.0,14.944668769836426
2003-06-09,20.53271484375,19.962360382080078,20.53271484375,20.53271484375,27423.0,14.944668769836426
2003-06-10,20.53271484375,20.104949951171875,20.53271484375,20.24753761291504,54773.0,14.737101554870605
2003-06-11,20.53271484375,19.962360382080078,19.962360382080078,20.390125274658203,30126.0,14.840882301330566
2003-06-12,20.960479736328125,20.390125274658203,20.53271484375,20.53271484375,71858.0,14.944668769836426
2003-06-13,20.817890167236328,20.53271484375,20.817890167236328,20.817890167236328,59604.0,15.152230262756348
2003-06-16,21.95859718322754,20.53271484375,20.53271484375,21.38824462890625,192932.0,15.567363739013672
2003-06-17,22.671537399291992,21.673419952392578,22.243772506713867,21.95859718322754,384955.0,15.982492446899414
2003-06-18,21.95859718322754,21.38824462890625,21.816007614135742,21.95859718322754,257279.0,15.982492446899414
2003-06-19,21.95859718322754,21.10306739807129,21.95859718322754,21.530832290649414,92188.0,15.671144485473633
2003-06-20,21.38824462890625,20.960479736328125,21.38824462890625,21.38824462890625,221143.0,15.567363739013672
2003-06-23,21.530832290649414,20.675302505493164,21.38824462890625,21.38824462890625,83702.0,15.567363739013672
2003-06-24,21.38824462890625,20.960479736328125,21.38824462890625,21.245655059814453,31632.0,15.463578224182129
2003-06-25,21.530832290649414,20.960479736328125,21.10306739807129,21.38824462890625,117839.0,15.567363739013672
2003-06-26,21.530832290649414,21.10306739807129,21.38824462890625,21.10306739807129,87174.0,15.359798431396484
2003-06-27,22.528949737548828,21.38824462890625,22.528949737548828,21.38824462890625,296623.0,15.567363739013672
2003-06-30,21.673419952392578,21.245655059814453,21.38824462890625,21.530832290649414,150658.0,15.671144485473633
2003-07-01,21.816007614135742,21.245655059814453,21.530832290649414,21.530832290649414,166248.0,15.671144485473633
2003-07-02,21.530832290649414,21.245655059814453,21.530832290649414,21.530832290649414,111897.0,15.671144485473633
2003-07-03,21.530832290649414,21.10306739807129,21.530832290649414,21.38824462890625,123856.0,15.567363739013672
2003-07-04,21.38824462890625,20.960479736328125,21.245655059814453,21.38824462890625,51687.0,15.567363739013672
2003-07-07,21.530832290649414,21.10306739807129,21.38824462890625,21.245655059814453,67116.0,15.463578224182129
2003-07-08,21.38824462890625,21.10306739807129,21.38824462890625,21.245655059814453,161233.0,15.463578224182129
2003-07-09,21.245655059814453,20.960479736328125,21.245655059814453,21.245655059814453,48605.0,15.463578224182129
2003-07-10,21.816007614135742,21.245655059814453,21.245655059814453,21.38824462890625,325553.0,15.567363739013672
2003-07-11,21.816007614135742,21.245655059814453,21.530832290649414,21.673419952392578,338011.0,15.77492618560791
2003-07-14,22.243772506713867,21.673419952392578,22.243772506713867,21.816007614135742,451729.0,15.878706932067871
2003-07-15,23.241891860961914,23.241891860961914,23.241891860961914,23.241891860961914,341753.0,16.916534423828125
2003-07-16,24.81036376953125,24.81036376953125,24.81036376953125,24.81036376953125,291788.0,18.05813980102539
2003-07-17,26.521421432495117,25.523303985595703,26.521421432495117,26.521421432495117,1002518.0,19.303525924682617
2003-07-18,26.806598663330078,25.238126754760742,26.66400909423828,25.665891647338867,448579.0,18.68083381652832
2003-07-21,26.521421432495117,25.238126754760742,25.951068878173828,25.665891647338867,425107.0,18.68083381652832
2003-07-22,26.23624610900879,25.38071632385254,25.665891647338867,25.665891647338867,353748.0,18.68083381652832
2003-07-23,26.093656539916992,25.095539093017578,26.093656539916992,25.095539093017578,205591.0,18.265701293945312
2003-07-24,25.665891647338867,24.240009307861328,24.952951431274414,25.665891647338867,204434.0,18.68083381652832
2003-07-25,26.521421432495117,25.095539093017578,25.095539093017578,25.665891647338867,388811.0,18.68083381652832
2003-07-28,26.093656539916992,25.095539093017578,25.665891647338867,25.38071632385254,361810.0,18.473268508911133
2003-07-29,25.665891647338867,24.81036376953125,25.665891647338867,24.81036376953125,218320.0,18.05813980102539
2003-07-30,25.238126754760742,24.240009307861328,24.240009307861328,25.238126754760742,206749.0,18.36948585510254
2003-07-31,25.665891647338867,24.81036376953125,25.665891647338867,25.095539093017578,194791.0,18.265701293945312
2003-08-01,25.665891647338867,25.095539093017578,25.38071632385254,25.095539093017578,88573.0,18.265701293945312
2003-08-04,25.808481216430664,25.238126754760742,25.523303985595703,25.38071632385254,325552.0,18.473268508911133
2003-08-05,25.523303985595703,24.667774200439453,25.523303985595703,25.38071632385254,154852.0,18.473268508911133
2003-08-06,25.238126754760742,24.81036376953125,25.095539093017578,25.238126754760742,67675.0,18.36948585510254
2003-08-07,25.238126754760742,24.81036376953125,25.095539093017578,25.238126754760742,66897.0,18.36948585510254
2003-08-08,25.665891647338867,25.095539093017578,25.38071632385254,25.095539093017578,74059.0,18.265701293945312
2003-08-11,25.665891647338867,25.095539093017578,25.665891647338867,25.095539093017578,144647.0,18.265701293945312
2003-08-12,25.38071632385254,24.81036376953125,25.095539093017578,25.238126754760742,62641.0,18.36948585510254
2003-08-13,25.665891647338867,25.238126754760742,25.238126754760742,25.523303985595703,75216.0,18.577051162719727
2003-08-14,25.808481216430664,25.38071632385254,25.523303985595703,25.808481216430664,225263.0,18.784618377685547
2003-08-15,25.951068878173828,25.38071632385254,25.951068878173828,25.808481216430664,77375.0,18.784618377685547
2003-08-18,27.519540786743164,25.523303985595703,25.808481216430664,27.519540786743164,398240.0,20.030004501342773
2003-08-19,28.945423126220703,26.521421432495117,27.804716110229492,26.521421432495117,440124.0,19.303525924682617
2003-08-20,27.09177589416504,26.521421432495117,26.66400909423828,27.09177589416504,182834.0,19.718656539916992
2003-08-21,27.376951217651367,26.23624610900879,26.23624610900879,26.66400909423828,175871.0,19.407310485839844
2003-08-22,27.09177589416504,26.66400909423828,27.09177589416504,26.949186325073242,153673.0,19.61487579345703
2003-08-25,28.517658233642578,27.09177589416504,27.09177589416504,28.23248291015625,619491.0,20.548921585083008
2003-08-26,28.80283546447754,27.94730567932129,28.375070571899414,28.375070571899414,618005.0,20.652700424194336
2003-08-27,28.517658233642578,28.089893341064453,28.517658233642578,28.375070571899414,250471.0,20.652700424194336
2003-08-28,28.375070571899414,26.66400909423828,28.375070571899414,27.09177589416504,239963.0,19.718656539916992
2003-08-29,27.519540786743164,26.806598663330078,27.09177589416504,27.234363555908203,215837.0,19.82244110107422
2003-09-01,27.662128448486328,27.09177589416504,27.662128448486328,27.662128448486328,249233.0,20.133787155151367
2003-09-02,27.94730567932129,27.662128448486328,27.94730567932129,27.94730567932129,207906.0,20.341352462768555
2003-09-03,27.94730567932129,27.09177589416504,27.94730567932129,27.519540786743164,196064.0,20.030004501342773
2003-09-04,27.519540786743164,26.521421432495117,27.519540786743164,27.09177589416504,227964.0,19.718656539916992
2003-09-05,27.376951217651367,26.521421432495117,27.09177589416504,26.521421432495117,358725.0,19.303525924682617
2003-09-08,25.40923309326172,23.840761184692383,25.095539093017578,24.311304092407227,160952.0,18.604198455810547
2003-09-09,24.311304092407227,22.74283218383789,24.311304092407227,22.74283218383789,196303.0,17.403926849365234
2003-09-10,22.74283218383789,21.174360275268555,22.58598518371582,22.74283218383789,259137.0,17.403926849365234
2003-09-11,22.74283218383789,22.74283218383789,22.74283218383789,22.74283218383789,0.0,17.403926849365234
2003-09-12,22.74283218383789,21.331207275390625,22.74283218383789,21.80175018310547,151309.0,16.683765411376953
2003-09-15,22.11544418334961,21.174360275268555,21.80175018310547,21.644901275634766,125536.0,16.56373405456543
2003-09-16,22.11544418334961,21.488054275512695,22.11544418334961,21.644901275634766,76794.0,16.56373405456543
2003-09-17,22.89967918395996,22.11544418334961,22.11544418334961,22.58598518371582,83732.0,17.28390121459961
2003-09-18,22.74283218383789,21.95859718322754,22.74283218383789,22.74283218383789,33228.0,17.403926849365234
2003-09-19,23.05652618408203,22.58598518371582,22.74283218383789,22.89967918395996,71183.0,17.523954391479492
2003-09-22,23.05652618408203,22.27229118347168,23.05652618408203,22.58598518371582,159339.0,17.28390121459961
2003-09-23,22.58598518371582,22.27229118347168,22.58598518371582,22.58598518371582,32288.0,17.28390121459961
2003-09-24,22.74283218383789,22.42913818359375,22.58598518371582,22.74283218383789,37451.0,17.403926849365234
2003-09-25,22.74283218383789,22.11544418334961,22.58598518371582,22.58598518371582,76794.0,17.28390121459961
2003-09-26,22.58598518371582,22.27229118347168,22.58598518371582,22.42913818359375,42780.0,17.16387176513672
2003-09-29,22.58598518371582,22.11544418334961,22.27229118347168,22.11544418334961,51547.0,16.923818588256836
2003-09-30,22.27229118347168,22.11544418334961,22.27229118347168,22.27229118347168,20127.0,17.043846130371094
2003-10-01,22.11544418334961,21.95859718322754,22.11544418334961,22.11544418334961,34715.0,16.923818588256836
2003-10-02,22.42913818359375,22.11544418334961,22.27229118347168,22.27229118347168,32260.0,17.043846130371094
2003-10-03,22.27229118347168,21.95859718322754,22.11544418334961,22.27229118347168,49256.0,17.043846130371094
2003-10-06,22.42913818359375,22.11544418334961,22.27229118347168,22.42913818359375,51547.0,17.16387176513672
2003-10-07,22.58598518371582,22.27229118347168,22.42913818359375,22.42913818359375,132198.0,17.16387176513672
2003-10-08,23.840761184692383,22.58598518371582,22.58598518371582,23.2133731842041,273164.0,17.764005661010742
2003-10-09,23.2133731842041,22.58598518371582,23.2133731842041,22.58598518371582,148329.0,17.28390121459961
2003-10-10,22.58598518371582,22.58598518371582,22.58598518371582,22.58598518371582,0.0,17.28390121459961
2003-10-13,23.2133731842041,22.58598518371582,22.89967918395996,22.74283218383789,147627.0,17.403926849365234
2003-10-14,22.89967918395996,22.58598518371582,22.89967918395996,22.58598518371582,75742.0,17.28390121459961
2003-10-15,22.74283218383789,22.42913818359375,22.58598518371582,22.58598518371582,48468.0,17.28390121459961
2003-10-16,23.2133731842041,22.58598518371582,22.74283218383789,22.58598518371582,120575.0,17.28390121459961
2003-10-17,23.05652618408203,22.58598518371582,22.74283218383789,22.74283218383789,153939.0,17.403926849365234
2003-10-20,22.89967918395996,22.58598518371582,22.89967918395996,22.74283218383789,72338.0,17.403926849365234
2003-10-21,23.2133731842041,22.74283218383789,22.74283218383789,23.2133731842041,213902.0,17.764005661010742
2003-10-22,24.781845092773438,23.370220184326172,23.370220184326172,24.781845092773438,474358.0,18.964279174804688
2003-10-23,25.56608009338379,24.154455184936523,24.781845092773438,24.781845092773438,492121.0,18.964279174804688
2003-10-24,24.938692092895508,23.840761184692383,24.781845092773438,23.997608184814453,171122.0,18.36414337158203
2003-10-27,23.997608184814453,23.527067184448242,23.997608184814453,23.840761184692383,96106.0,18.244115829467773
2003-10-28,24.468151092529297,23.840761184692383,24.468151092529297,23.997608184814453,101099.0,18.36414337158203
2003-10-29,23.997608184814453,23.2133731842041,23.997608184814453,23.2133731842041,239031.0,17.764005661010742
2003-10-30,23.997608184814453,22.74283218383789,22.74283218383789,23.370220184326172,138040.0,17.884035110473633
2003-10-31,24.311304092407227,23.527067184448242,23.527067184448242,23.683914184570312,314189.0,18.124086380004883
2003-11-03,24.154455184936523,23.840761184692383,24.154455184936523,23.997608184814453,268453.0,18.36414337158203
2003-11-04,24.468151092529297,23.997608184814453,24.154455184936523,24.154455184936523,312571.0,18.484167098999023
2003-11-05,24.468151092529297,23.997608184814453,24.154455184936523,24.311304092407227,285893.0,18.604198455810547
2003-11-06,24.468151092529297,23.997608184814453,24.154455184936523,23.997608184814453,369557.0,18.36414337158203
2003-11-07,24.311304092407227,23.997608184814453,24.311304092407227,24.311304092407227,209343.0,18.604198455810547
2003-11-10,24.781845092773438,24.154455184936523,24.311304092407227,24.154455184936523,229114.0,18.484167098999023
2003-11-11,24.468151092529297,23.840761184692383,24.154455184936523,24.154455184936523,89242.0,18.484167098999023
2003-11-12,24.154455184936523,23.2133731842041,24.154455184936523,23.840761184692383,126490.0,18.244115829467773
2003-11-13,23.840761184692383,23.370220184326172,23.840761184692383,23.840761184692383,93490.0,18.244115829467773
2003-11-14,23.840761184692383,23.370220184326172,23.683914184570312,23.840761184692383,89628.0,18.244115829467773
2003-11-17,23.840761184692383,23.05652618408203,23.840761184692383,23.2133731842041,164108.0,17.764005661010742
2003-11-18,23.2133731842041,22.74283218383789,23.2133731842041,23.2133731842041,99938.0,17.764005661010742
2003-11-19,23.2133731842041,22.74283218383789,22.89967918395996,23.05652618408203,64170.0,17.64398193359375
2003-11-20,23.2133731842041,22.74283218383789,22.89967918395996,23.05652618408203,47339.0,17.64398193359375
2003-11-21,23.05652618408203,22.74283218383789,22.89967918395996,23.05652618408203,55708.0,17.64398193359375
2003-11-24,23.05652618408203,22.74283218383789,22.89967918395996,22.89967918395996,59213.0,17.523954391479492
2003-11-25,23.05652618408203,22.58598518371582,23.05652618408203,22.89967918395996,87665.0,17.523954391479492
2003-11-26,22.89967918395996,22.58598518371582,22.89967918395996,22.89967918395996,52949.0,17.523954391479492
2003-11-27,22.89967918395996,22.27229118347168,22.58598518371582,22.74283218383789,66347.0,17.403926849365234
2003-11-28,23.370220184326172,22.58598518371582,22.58598518371582,23.05652618408203,135846.0,17.64398193359375
2003-12-01,23.370220184326172,22.89967918395996,23.370220184326172,23.05652618408203,86437.0,17.64398193359375
2003-12-02,23.05652618408203,22.89967918395996,23.05652618408203,23.05652618408203,77753.0,17.64398193359375
2003-12-03,23.05652618408203,22.74283218383789,23.05652618408203,23.05652618408203,44132.0,17.64398193359375
2003-12-04,23.05652618408203,22.58598518371582,22.89967918395996,23.05652618408203,60320.0,17.64398193359375
2003-12-05,23.05652618408203,22.74283218383789,23.05652618408203,23.05652618408203,63388.0,17.64398193359375
2003-12-08,22.89967918395996,22.74283218383789,22.74283218383789,22.89967918395996,51238.0,17.523954391479492
2003-12-09,23.05652618408203,22.74283218383789,22.89967918395996,23.05652618408203,51196.0,17.64398193359375
2003-12-10,23.05652618408203,22.74283218383789,22.89967918395996,22.89967918395996,74339.0,17.523954391479492
2003-12-11,22.89967918395996,22.74283218383789,22.74283218383789,22.89967918395996,89088.0,17.523954391479492
2003-12-12,22.89967918395996,22.58598518371582,22.89967918395996,22.89967918395996,131829.0,17.523954391479492
2003-12-15,22.89967918395996,21.644901275634766,22.74283218383789,22.74283218383789,137458.0,17.403926849365234
2003-12-16,22.89967918395996,22.58598518371582,22.74283218383789,22.89967918395996,97918.0,17.523954391479492
2003-12-17,22.89967918395996,22.11544418334961,22.89967918395996,22.58598518371582,115367.0,17.28390121459961
2003-12-18,22.58598518371582,22.11544418334961,22.27229118347168,22.42913818359375,76619.0,17.16387176513672
2003-12-19,22.58598518371582,22.27229118347168,22.42913818359375,22.58598518371582,65924.0,17.28390121459961
2003-12-22,22.58598518371582,22.27229118347168,22.58598518371582,22.58598518371582,65573.0,17.28390121459961
2003-12-23,22.58598518371582,21.95859718322754,21.95859718322754,22.58598518371582,73638.0,17.28390121459961
2003-12-24,22.58598518371582,22.27229118347168,22.58598518371582,22.58598518371582,71885.0,17.28390121459961
2003-12-25,22.58598518371582,22.27229118347168,22.58598518371582,22.42913818359375,48143.0,17.16387176513672
2003-12-26,22.89967918395996,22.11544418334961,22.42913818359375,22.58598518371582,85585.0,17.28390121459961
2003-12-29,22.89967918395996,22.58598518371582,22.58598518371582,22.74283218383789,69794.0,17.403926849365234
2003-12-30,22.89967918395996,22.74283218383789,22.74283218383789,22.74283218383789,66215.0,17.403926849365234
2003-12-31,22.74283218383789,22.11544418334961,22.74283218383789,22.42913818359375,127219.0,17.16387176513672
2004-01-01,22.42913818359375,22.42913818359375,22.42913818359375,22.42913818359375,0.0,17.16387176513672
2004-01-02,22.89967918395996,22.11544418334961,22.42913818359375,22.89967918395996,88366.0,17.523954391479492
2004-01-05,23.840761184692383,22.58598518371582,22.89967918395996,23.527067184448242,150083.0,18.00406265258789
2004-01-06,23.683914184570312,22.89967918395996,23.527067184448242,23.2133731842041,116069.0,17.764005661010742
2004-01-07,23.527067184448242,22.89967918395996,23.527067184448242,22.89967918395996,87279.0,17.523954391479492
2004-01-08,23.527067184448242,22.89967918395996,23.527067184448242,23.2133731842041,108003.0,17.764005661010742
2004-01-09,23.2133731842041,22.74283218383789,22.89967918395996,23.2133731842041,151938.0,17.764005661010742
2004-01-12,23.370220184326172,22.89967918395996,22.89967918395996,23.05652618408203,142233.0,17.64398193359375
2004-01-13,23.2133731842041,22.89967918395996,23.05652618408203,23.05652618408203,109676.0,17.64398193359375
2004-01-14,23.370220184326172,22.89967918395996,22.89967918395996,23.2133731842041,122594.0,17.764005661010742
2004-01-15,23.840761184692383,23.05652618408203,23.2133731842041,23.527067184448242,228423.0,18.00406265258789
2004-01-16,23.840761184692383,23.2133731842041,23.2133731842041,23.683914184570312,230175.0,18.124086380004883
2004-01-19,23.683914184570312,23.683914184570312,23.683914184570312,23.683914184570312,0.0,18.124086380004883
2004-01-20,23.683914184570312,23.683914184570312,23.683914184570312,23.683914184570312,0.0,18.124086380004883
2004-01-21,23.683914184570312,23.683914184570312,23.683914184570312,23.683914184570312,0.0,18.124086380004883
2004-01-22,23.683914184570312,23.683914184570312,23.683914184570312,23.683914184570312,0.0,18.124086380004883
2004-01-23,23.683914184570312,23.683914184570312,23.683914184570312,23.683914184570312,0.0,18.124086380004883
2004-01-26,23.683914184570312,23.683914184570312,23.683914184570312,23.683914184570312,0.0,18.124086380004883
2004-01-27,25.095539093017578,23.840761184692383,23.840761184692383,24.311304092407227,367491.0,18.604198455810547
2004-01-28,24.938692092895508,24.311304092407227,24.311304092407227,24.468151092529297,236011.0,18.724224090576172
2004-01-29,26.03662109375,24.468151092529297,24.624998092651367,26.03662109375,954110.0,19.92449378967285
2004-01-30,27.448246002197266,25.56608009338379,26.35031509399414,27.448246002197266,872545.0,21.00473976135254
2004-02-02,29.173564910888672,27.605093002319336,27.605093002319336,28.38932991027832,1009058.0,21.724903106689453
2004-02-03,28.70302391052246,26.50716209411621,28.54617691040039,26.66400909423828,606183.0,20.404600143432617
2004-02-04,26.66400909423828,24.938692092895508,26.66400909423828,26.03662109375,385567.0,19.92449378967285
2004-02-05,26.50716209411621,25.40923309326172,25.56608009338379,26.03662109375,239791.0,19.92449378967285
2004-02-06,27.134552001953125,26.03662109375,26.35031509399414,26.977705001831055,390846.0,20.6446590423584
2004-02-09,28.38932991027832,27.291399002075195,27.448246002197266,27.918787002563477,779517.0,21.364818572998047
2004-02-10,29.644105911254883,28.54617691040039,29.0167179107666,29.644105911254883,1127047.0,22.685117721557617
2004-02-11,30.742036819458008,29.173564910888672,30.742036819458008,29.487258911132812,967195.0,22.565092086791992
2004-02-12,29.957799911499023,27.448246002197266,29.487258911132812,27.448246002197266,767123.0,21.00473976135254
2004-02-13,27.761940002441406,26.19346809387207,26.66400909423828,27.605093002319336,318539.0,21.124765396118164
2004-02-16,28.54617691040039,26.66400909423828,27.605093002319336,27.605093002319336,334290.0,21.124765396118164
2004-02-17,28.23248291015625,27.291399002075195,27.605093002319336,27.918787002563477,253189.0,21.364818572998047
2004-02-18,28.85987091064453,27.918787002563477,28.54617691040039,27.918787002563477,486926.0,21.364818572998047
2004-02-19,27.918787002563477,27.134552001953125,27.918787002563477,27.761940002441406,292975.0,21.244794845581055
2004-02-20,27.761940002441406,26.66400909423828,27.761940002441406,27.134552001953125,280076.0,20.764684677124023
2004-02-23,26.977705001831055,26.19346809387207,26.977705001831055,26.19346809387207,364008.0,20.04452133178711
2004-02-24,26.50716209411621,26.19346809387207,26.35031509399414,26.50716209411621,248239.0,20.284574508666992
2004-02-25,26.820858001708984,26.35031509399414,26.820858001708984,26.50716209411621,220986.0,20.284574508666992
2004-02-26,26.820858001708984,25.87977409362793,26.66400909423828,26.50716209411621,222169.0,20.284574508666992
2004-02-27,26.50716209411621,26.03662109375,26.50716209411621,26.50716209411621,171293.0,20.284574508666992
2004-03-01,27.134552001953125,26.66400909423828,26.820858001708984,27.134552001953125,589809.0,20.764684677124023
2004-03-02,27.918787002563477,26.977705001831055,27.605093002319336,27.918787002563477,355567.0,21.364818572998047
2004-03-03,28.23248291015625,26.03662109375,28.23248291015625,26.03662109375,372518.0,19.92449378967285
2004-03-04,27.291399002075195,26.35031509399414,27.291399002075195,26.820858001708984,370648.0,20.524629592895508
2004-03-05,27.291399002075195,26.66400909423828,27.134552001953125,26.977705001831055,411784.0,20.6446590423584
2004-03-08,27.605093002319336,26.977705001831055,26.977705001831055,27.291399002075195,249514.0,20.884714126586914
2004-03-09,27.605093002319336,26.977705001831055,27.291399002075195,27.291399002075195,248970.0,20.884714126586914
2004-03-10,29.173564910888672,29.173564910888672,29.173564910888672,29.173564910888672,501794.0,22.325037002563477
2004-03-11,31.21257781982422,30.898883819580078,31.21257781982422,31.21257781982422,1367775.0,23.885391235351562
2004-03-12,32.937896728515625,31.05573081970215,31.21257781982422,32.15365982055664,2124308.0,24.605548858642578
2004-03-15,33.87897872924805,31.68311882019043,33.4084358215332,31.68311882019043,1199466.0,24.245471954345703
2004-03-16,32.310508728027344,30.898883819580078,31.52627182006836,31.99681282043457,474098.0,24.485525131225586
2004-03-17,32.310508728027344,29.957799911499023,32.310508728027344,30.898883819580078,587779.0,23.645336151123047
2004-03-18,31.21257781982422,29.644105911254883,29.644105911254883,30.742036819458008,773302.0,23.52530860900879
2004-03-19,30.742036819458008,29.957799911499023,30.742036819458008,30.585187911987305,423001.0,23.4052791595459
2004-03-22,28.54617691040039,28.54617691040039,28.54617691040039,28.54617691040039,56845.0,21.84493064880371
2004-03-23,27.448246002197266,26.66400909423828,26.66400909423828,26.66400909423828,486014.0,20.404600143432617
2004-03-24,26.66400909423828,24.938692092895508,26.66400909423828,26.35031509399414,675374.0,20.164546966552734
2004-03-25,26.35031509399414,25.095539093017578,26.03662109375,25.40923309326172,252990.0,19.444387435913086
2004-03-26,25.40923309326172,24.154455184936523,25.095539093017578,25.095539093017578,235892.0,19.204330444335938
2004-03-29,26.820858001708984,25.40923309326172,25.40923309326172,26.820858001708984,326464.0,20.524629592895508
2004-03-30,26.820858001708984,25.72292709350586,26.66400909423828,26.820858001708984,270029.0,20.524629592895508
2004-03-31,27.605093002319336,26.66400909423828,26.977705001831055,27.291399002075195,369396.0,20.884714126586914
2004-04-01,27.605093002319336,26.03662109375,27.605093002319336,26.66400909423828,257832.0,20.404600143432617
2004-04-02,26.66400909423828,25.72292709350586,26.35031509399414,26.66400909423828,170284.0,20.404600143432617
2004-04-05,26.820858001708984,26.35031509399414,26.66400909423828,26.820858001708984,122035.0,20.524629592895508
2004-04-06,27.291399002075195,26.19346809387207,26.977705001831055,26.977705001831055,217400.0,20.6446590423584
2004-04-07,28.07563591003418,26.977705001831055,26.977705001831055,27.605093002319336,517604.0,21.124765396118164
2004-04-08,27.761940002441406,26.977705001831055,27.605093002319336,26.977705001831055,147983.0,20.6446590423584
2004-04-09,27.134552001953125,26.66400909423828,26.977705001831055,26.977705001831055,180765.0,20.6446590423584
2004-04-12,28.38932991027832,27.291399002075195,27.291399002075195,27.761940002441406,243989.0,21.244794845581055
2004-04-13,28.07563591003418,26.35031509399414,28.07563591003418,27.134552001953125,785127.0,20.764684677124023
2004-04-14,27.605093002319336,26.66400909423828,27.291399002075195,27.291399002075195,384673.0,20.884714126586914
2004-04-15,27.605093002319336,26.50716209411621,27.605093002319336,26.820858001708984,217794.0,20.524629592895508
2004-04-16,26.977705001831055,26.50716209411621,26.820858001708984,26.50716209411621,133618.0,20.284574508666992
2004-04-19,26.50716209411621,25.87977409362793,26.50716209411621,26.03662109375,303320.0,19.92449378967285
2004-04-20,26.35031509399414,25.72292709350586,26.03662109375,26.03662109375,164413.0,19.92449378967285
2004-04-21,27.291399002075195,26.03662109375,26.03662109375,26.50716209411621,204785.0,20.284574508666992
2004-04-22,26.66400909423828,25.72292709350586,26.50716209411621,25.87977409362793,224961.0,19.804466247558594
2004-04-23,26.03662109375,25.40923309326172,26.03662109375,25.87977409362793,145523.0,19.804466247558594
2004-04-26,25.87977409362793,25.40923309326172,25.56608009338379,25.87977409362793,86061.0,19.804466247558594
2004-04-27,25.87977409362793,25.25238609313965,25.87977409362793,25.40923309326172,98995.0,19.444387435913086
2004-04-28,26.19346809387207,25.40923309326172,25.40923309326172,25.40923309326172,232197.0,19.444387435913086
2004-04-29,25.87977409362793,24.781845092773438,25.40923309326172,25.40923309326172,167271.0,19.444387435913086
2004-04-30,25.40923309326172,23.840761184692383,25.40923309326172,24.468151092529297,131499.0,18.724224090576172
2004-05-03,24.781845092773438,22.89967918395996,24.781845092773438,23.05652618408203,201378.0,17.64398193359375
2004-05-04,23.840761184692383,22.74283218383789,22.89967918395996,23.527067184448242,219585.0,18.00406265258789
2004-05-05,23.527067184448242,21.95859718322754,23.527067184448242,21.95859718322754,172526.0,16.80379295349121
2004-05-06,23.2133731842041,21.331207275390625,21.331207275390625,21.95859718322754,187605.0,16.80379295349121
2004-05-07,21.95859718322754,21.331207275390625,21.644901275634766,21.95859718322754,78934.0,16.80379295349121
2004-05-10,21.95859718322754,20.703819274902344,21.95859718322754,21.174360275268555,112561.0,16.203657150268555
2004-05-11,21.174360275268555,20.390125274658203,20.703819274902344,21.017513275146484,50872.0,16.083629608154297
2004-05-12,21.644901275634766,20.703819274902344,20.703819274902344,21.331207275390625,157448.0,16.323680877685547
2004-05-13,21.174360275268555,20.703819274902344,21.174360275268555,21.174360275268555,82407.0,16.203657150268555
2004-05-14,21.174360275268555,20.076431274414062,21.174360275268555,20.860666275024414,89135.0,15.963602066040039
2004-05-17,20.703819274902344,19.44904327392578,19.44904327392578,20.703819274902344,188830.0,15.843574523925781
2004-05-18,20.233278274536133,19.44904327392578,19.762737274169922,19.762737274169922,108003.0,15.123414993286133
2004-05-19,21.017513275146484,19.919584274291992,19.919584274291992,20.860666275024414,117821.0,15.963602066040039
2004-05-20,21.017513275146484,20.076431274414062,20.860666275024414,20.390125274658203,74339.0,15.603521347045898
2004-05-21,21.80175018310547,20.390125274658203,20.390125274658203,21.644901275634766,142019.0,16.56373405456543
2004-05-24,22.42913818359375,21.331207275390625,21.331207275390625,22.27229118347168,72940.0,17.043846130371094
2004-05-25,22.42913818359375,21.95859718322754,22.11544418334961,22.42913818359375,124484.0,17.16387176513672
2004-05-26,23.370220184326172,22.58598518371582,22.58598518371582,22.74283218383789,67534.0,17.403926849365234
2004-05-27,23.527067184448242,22.58598518371582,23.2133731842041,23.05652618408203,106250.0,17.64398193359375
2004-05-28,23.527067184448242,23.2133731842041,23.370220184326172,23.2133731842041,142370.0,17.764005661010742
2004-05-31,22.58598518371582,21.95859718322754,22.58598518371582,22.11544418334961,95730.0,16.923818588256836
2004-06-01,22.58598518371582,21.80175018310547,21.80175018310547,22.11544418334961,34016.0,16.923818588256836
2004-06-02,22.27229118347168,21.488054275512695,22.27229118347168,21.644901275634766,36468.0,16.56373405456543
2004-06-03,22.11544418334961,21.017513275146484,22.11544418334961,21.017513275146484,27763.0,16.083629608154297
2004-06-04,21.174360275268555,20.703819274902344,20.703819274902344,20.860666275024414,19636.0,15.963602066040039
2004-06-07,21.95859718322754,20.860666275024414,21.174360275268555,20.860666275024414,51547.0,15.963602066040039
2004-06-08,22.11544418334961,21.331207275390625,22.11544418334961,21.331207275390625,7364.0,16.323680877685547
2004-06-09,21.95859718322754,21.331207275390625,21.95859718322754,21.488054275512695,16481.0,16.443710327148438
2004-06-10,21.331207275390625,20.703819274902344,21.331207275390625,21.174360275268555,27702.0,16.203657150268555
2004-06-11,21.331207275390625,20.390125274658203,21.017513275146484,21.331207275390625,53488.0,16.323680877685547
2004-06-14,21.174360275268555,20.546972274780273,20.703819274902344,20.546972274780273,7034.0,15.72354793548584
2004-06-15,20.390125274658203,19.919584274291992,19.919584274291992,20.233278274536133,19461.0,15.48349380493164
2004-06-16,20.860666275024414,19.762737274169922,20.860666275024414,20.233278274536133,41027.0,15.48349380493164
2004-06-17,21.331207275390625,19.919584274291992,20.860666275024414,20.703819274902344,59261.0,15.843574523925781
2004-06-18,20.546972274780273,19.44904327392578,19.44904327392578,20.076431274414062,54001.0,15.3634672164917
2004-06-21,20.703819274902344,19.762737274169922,20.703819274902344,20.390125274658203,44884.0,15.603521347045898
2004-06-22,20.390125274658203,20.390125274658203,20.390125274658203,20.390125274658203,0.0,15.603521347045898
2004-06-23,20.860666275024414,20.076431274414062,20.076431274414062,20.860666275024414,25949.0,15.963602066040039
2004-06-24,20.860666275024414,20.546972274780273,20.860666275024414,20.860666275024414,37930.0,15.963602066040039
2004-06-25,21.017513275146484,20.390125274658203,20.860666275024414,21.017513275146484,52248.0,16.083629608154297
2004-06-28,21.017513275146484,20.390125274658203,21.017513275146484,20.703819274902344,46638.0,15.843574523925781
2004-06-29,20.703819274902344,20.390125274658203,20.390125274658203,20.703819274902344,10870.0,15.843574523925781
2004-06-30,21.017513275146484,20.546972274780273,20.546972274780273,20.703819274902344,68028.0,15.843574523925781
2004-07-01,20.703819274902344,20.390125274658203,20.703819274902344,20.703819274902344,40676.0,15.843574523925781
2004-07-02,20.860666275024414,20.390125274658203,20.390125274658203,20.860666275024414,19286.0,15.963602066040039
2004-07-05,21.017513275146484,20.390125274658203,20.860666275024414,20.390125274658203,4558.0,15.603521347045898
2004-07-06,20.860666275024414,20.233278274536133,20.390125274658203,20.860666275024414,63122.0,15.963602066040039
2004-07-07,20.860666275024414,20.076431274414062,20.860666275024414,20.703819274902344,96431.0,15.843574523925781
2004-07-08,20.860666275024414,20.233278274536133,20.390125274658203,20.703819274902344,16130.0,15.843574523925781
2004-07-09,20.860666275024414,20.390125274658203,20.703819274902344,20.860666275024414,29111.0,15.963602066040039
2004-07-12,21.95859718322754,20.860666275024414,20.860666275024414,21.488054275512695,73638.0,16.443710327148438
2004-07-13,21.488054275512695,21.017513275146484,21.174360275268555,21.331207275390625,18237.0,16.323680877685547
2004-07-14,21.331207275390625,20.546972274780273,21.331207275390625,21.174360275268555,29806.0,16.203657150268555
2004-07-15,20.546972274780273,20.546972274780273,20.546972274780273,20.546972274780273,1402.0,15.72354793548584
2004-07-16,21.017513275146484,20.546972274780273,20.703819274902344,20.860666275024414,51897.0,15.963602066040039
2004-07-19,20.703819274902344,20.390125274658203,20.703819274902344,20.390125274658203,57227.0,15.603521347045898
2004-07-20,21.017513275146484,20.076431274414062,20.546972274780273,20.390125274658203,95379.0,15.603521347045898
2004-07-21,20.860666275024414,20.390125274658203,20.390125274658203,20.703819274902344,62024.0,15.843574523925781
2004-07-22,20.860666275024414,20.233278274536133,20.860666275024414,20.390125274658203,68133.0,15.603521347045898
2004-07-23,20.390125274658203,20.233278274536133,20.390125274658203,20.390125274658203,42780.0,15.603521347045898
2004-07-26,20.390125274658203,20.076431274414062,20.390125274658203,20.390125274658203,35767.0,15.603521347045898
2004-07-27,20.703819274902344,20.390125274658203,20.390125274658203,20.703819274902344,40325.0,15.843574523925781
2004-07-28,20.860666275024414,20.390125274658203,20.703819274902344,20.703819274902344,63277.0,15.843574523925781
2004-07-29,21.017513275146484,20.703819274902344,20.703819274902344,20.860666275024414,93629.0,15.963602066040039
2004-07-30,21.331207275390625,20.703819274902344,21.017513275146484,20.860666275024414,38572.0,15.963602066040039
2004-08-02,21.017513275146484,20.233278274536133,21.017513275146484,20.703819274902344,46998.0,15.843574523925781
2004-08-03,21.331207275390625,20.703819274902344,20.860666275024414,21.017513275146484,76443.0,16.083629608154297
2004-08-04,21.017513275146484,20.546972274780273,20.703819274902344,20.703819274902344,25601.0,15.843574523925781
2004-08-05,21.644901275634766,20.703819274902344,20.703819274902344,21.174360275268555,111510.0,16.203657150268555
2004-08-06,22.11544418334961,21.331207275390625,21.331207275390625,21.95859718322754,113617.0,16.80379295349121
2004-08-09,23.370220184326172,23.2133731842041,23.370220184326172,23.370220184326172,163758.0,17.884035110473633
2004-08-10,24.938692092895508,23.527067184448242,24.468151092529297,23.527067184448242,549408.0,18.00406265258789
2004-08-11,25.095539093017578,23.2133731842041,23.527067184448242,24.311304092407227,582192.0,18.604198455810547
2004-08-12,24.781845092773438,23.2133731842041,24.311304092407227,23.527067184448242,355261.0,18.00406265258789
2004-08-13,23.370220184326172,22.42913818359375,23.370220184326172,22.58598518371582,153071.0,17.28390121459961
2004-08-16,23.05652618408203,22.27229118347168,22.42913818359375,22.42913818359375,86262.0,17.16387176513672
2004-08-17,22.74283218383789,22.42913818359375,22.74283218383789,22.42913818359375,135705.0,17.16387176513672
2004-08-18,23.370220184326172,21.644901275634766,22.58598518371582,22.58598518371582,228279.0,17.28390121459961
2004-08-19,23.2133731842041,22.27229118347168,22.89967918395996,22.27229118347168,211447.0,17.043846130371094
2004-08-20,23.683914184570312,22.58598518371582,22.58598518371582,23.683914184570312,437623.0,18.124086380004883
2004-08-23,24.154455184936523,23.05652618408203,23.527067184448242,23.527067184448242,269306.0,18.00406265258789
2004-08-24,23.527067184448242,23.527067184448242,23.527067184448242,23.527067184448242,0.0,18.00406265258789
2004-08-25,23.527067184448242,23.527067184448242,23.527067184448242,23.527067184448242,0.0,18.00406265258789
2004-08-26,23.997608184814453,23.527067184448242,23.840761184692383,23.527067184448242,263859.0,18.00406265258789
2004-08-27,23.527067184448242,22.74283218383789,23.527067184448242,22.74283218383789,185499.0,17.403926849365234
2004-08-30,23.370220184326172,22.74283218383789,22.74283218383789,22.89967918395996,88272.0,17.523954391479492
2004-08-31,23.370220184326172,22.89967918395996,22.89967918395996,23.370220184326172,87234.0,17.884035110473633
2004-09-01,23.840761184692383,23.2133731842041,23.527067184448242,23.683914184570312,121328.0,18.124086380004883
2004-09-02,23.840761184692383,23.370220184326172,23.370220184326172,23.683914184570312,138510.0,18.124086380004883
2004-09-03,24.154455184936523,23.527067184448242,23.840761184692383,23.840761184692383,318749.0,18.244115829467773
2004-09-06,24.468151092529297,23.840761184692383,24.468151092529297,24.468151092529297,241254.0,18.724224090576172
2004-09-07,24.624998092651367,23.997608184814453,24.311304092407227,24.624998092651367,155342.0,18.84425163269043
2004-09-08,25.40923309326172,24.154455184936523,24.624998092651367,24.938692092895508,379063.0,19.084304809570312
2004-09-09,25.25238609313965,23.840761184692383,25.25238609313965,24.311304092407227,139889.0,18.604198455810547
2004-09-10,24.468151092529297,24.154455184936523,24.468151092529297,24.468151092529297,84509.0,18.724224090576172
2004-09-13,25.095539093017578,24.468151092529297,25.095539093017578,24.468151092529297,130129.0,18.724224090576172
2004-09-14,24.938692092895508,24.154455184936523,24.154455184936523,24.468151092529297,167615.0,18.724224090576172
2004-09-15,24.311304092407227,23.840761184692383,24.311304092407227,24.311304092407227,69216.0,18.604198455810547
2004-09-16,24.781845092773438,23.997608184814453,24.154455184936523,24.624998092651367,184389.0,18.84425163269043
2004-09-17,24.624998092651367,23.683914184570312,24.154455184936523,23.840761184692383,144121.0,18.244115829467773
2004-09-20,24.154455184936523,23.840761184692383,23.840761184692383,24.154455184936523,48040.0,18.484167098999023
2004-09-21,24.154455184936523,23.527067184448242,24.154455184936523,23.997608184814453,102451.0,18.36414337158203
2004-09-22,23.997608184814453,23.527067184448242,23.840761184692383,23.840761184692383,73287.0,18.244115829467773
2004-09-23,23.997608184814453,23.2133731842041,23.527067184448242,23.840761184692383,41377.0,18.244115829467773
2004-09-24,24.624998092651367,23.840761184692383,24.468151092529297,24.154455184936523,139562.0,18.484167098999023
2004-09-27,24.311304092407227,23.840761184692383,24.154455184936523,23.997608184814453,26464.0,18.36414337158203
2004-09-28,23.997608184814453,23.997608184814453,23.997608184814453,23.997608184814453,0.0,18.36414337158203
2004-09-29,23.997608184814453,23.370220184326172,23.997608184814453,23.370220184326172,52262.0,17.884035110473633
2004-09-30,23.840761184692383,23.370220184326172,23.840761184692383,23.527067184448242,32962.0,18.00406265258789
2004-10-01,24.468151092529297,23.370220184326172,23.370220184326172,23.527067184448242,78857.0,18.00406265258789
2004-10-04,24.468151092529297,23.683914184570312,23.840761184692383,23.997608184814453,99241.0,18.36414337158203
2004-10-05,24.468151092529297,23.527067184448242,23.527067184448242,23.840761184692383,24226.0,18.244115829467773
2004-10-06,24.154455184936523,23.527067184448242,24.154455184936523,23.683914184570312,97132.0,18.124086380004883
2004-10-07,24.311304092407227,23.683914184570312,23.840761184692383,23.683914184570312,201629.0,18.124086380004883
2004-10-08,23.997608184814453,23.527067184448242,23.840761184692383,23.997608184814453,99236.0,18.36414337158203
2004-10-11,24.468151092529297,23.683914184570312,23.997608184814453,23.997608184814453,177433.0,18.36414337158203
2004-10-12,24.468151092529297,23.840761184692383,23.997608184814453,23.997608184814453,86963.0,18.36414337158203
2004-10-13,24.468151092529297,24.154455184936523,24.154455184936523,24.311304092407227,118634.0,18.604198455810547
2004-10-14,24.468151092529297,23.683914184570312,24.468151092529297,23.840761184692383,139211.0,18.244115829467773
2004-10-15,23.840761184692383,23.527067184448242,23.683914184570312,23.840761184692383,59391.0,18.244115829467773
2004-10-18,23.527067184448242,22.89967918395996,23.527067184448242,23.527067184448242,12623.0,18.00406265258789
2004-10-19,23.370220184326172,22.11544418334961,23.2133731842041,23.05652618408203,113964.0,17.64398193359375
2004-10-20,23.05652618408203,22.74283218383789,22.89967918395996,23.05652618408203,134653.0,17.64398193359375
2004-10-21,23.370220184326172,22.74283218383789,23.370220184326172,23.370220184326172,227227.0,17.884035110473633
2004-10-22,23.370220184326172,23.2133731842041,23.370220184326172,23.2133731842041,8415.0,17.764005661010742
2004-10-25,23.2133731842041,23.2133731842041,23.2133731842041,23.2133731842041,0.0,17.764005661010742
2004-10-26,22.89967918395996,22.58598518371582,22.89967918395996,22.58598518371582,8556.0,17.28390121459961
2004-10-27,22.42913818359375,22.27229118347168,22.27229118347168,22.42913818359375,12276.0,17.16387176513672
2004-10-28,22.58598518371582,22.11544418334961,22.11544418334961,22.27229118347168,28754.0,17.043846130371094
2004-10-29,21.95859718322754,21.017513275146484,21.95859718322754,21.017513275146484,49442.0,16.083629608154297
2004-11-01,21.331207275390625,20.860666275024414,21.017513275146484,21.331207275390625,9509.0,16.323680877685547
2004-11-02,21.174360275268555,20.860666275024414,20.860666275024414,21.174360275268555,107114.0,16.203657150268555
2004-11-03,21.80175018310547,21.017513275146484,21.174360275268555,21.80175018310547,115401.0,16.683765411376953
2004-11-04,21.644901275634766,21.174360275268555,21.644901275634766,21.644901275634766,39273.0,16.56373405456543
2004-11-05,21.95859718322754,21.644901275634766,21.644901275634766,21.95859718322754,33312.0,16.80379295349121
2004-11-08,22.58598518371582,21.017513275146484,21.95859718322754,22.58598518371582,35784.0,17.28390121459961
2004-11-09,22.42913818359375,21.644901275634766,21.95859718322754,22.11544418334961,18584.0,16.923818588256836
2004-11-10,22.27229118347168,21.95859718322754,22.11544418334961,21.95859718322754,102392.0,16.80379295349121
2004-11-11,22.11544418334961,21.644901275634766,21.95859718322754,22.11544418334961,60488.0,16.923818588256836
2004-11-12,22.42913818359375,21.644901275634766,22.42913818359375,22.11544418334961,107085.0,16.923818588256836
2004-11-15,22.11544418334961,21.644901275634766,22.11544418334961,22.11544418334961,70833.0,16.923818588256836
2004-11-16,22.27229118347168,21.95859718322754,22.11544418334961,22.11544418334961,118172.0,16.923818588256836
2004-11-17,22.27229118347168,21.95859718322754,22.11544418334961,22.11544418334961,124850.0,16.923818588256836
2004-11-18,22.58598518371582,22.11544418334961,22.11544418334961,22.42913818359375,128341.0,17.16387176513672
2004-11-19,22.58598518371582,22.27229118347168,22.27229118347168,22.58598518371582,94795.0,17.28390121459961
2004-11-22,23.05652618408203,22.58598518371582,22.74283218383789,22.58598518371582,123432.0,17.28390121459961
2004-11-23,22.58598518371582,22.11544418334961,22.58598518371582,22.11544418334961,89067.0,16.923818588256836
2004-11-24,22.42913818359375,22.11544418334961,22.11544418334961,22.11544418334961,41728.0,16.923818588256836
2004-11-25,22.11544418334961,21.80175018310547,22.11544418334961,22.11544418334961,73287.0,16.923818588256836
2004-11-26,22.89967918395996,22.11544418334961,22.11544418334961,22.42913818359375,90027.0,17.16387176513672
2004-11-29,22.58598518371582,22.27229118347168,22.58598518371582,22.58598518371582,82055.0,17.28390121459961
2004-11-30,22.58598518371582,21.95859718322754,22.42913818359375,22.58598518371582,71885.0,17.28390121459961
2004-12-01,22.58598518371582,21.80175018310547,22.58598518371582,22.27229118347168,38923.0,17.043846130371094
2004-12-02,22.27229118347168,22.27229118347168,22.27229118347168,22.27229118347168,13325.0,17.043846130371094
2004-12-03,22.27229118347168,22.11544418334961,22.27229118347168,22.11544418334961,30507.0,16.923818588256836
2004-12-06,22.27229118347168,22.11544418334961,22.11544418334961,22.27229118347168,38923.0,17.043846130371094
2004-12-07,22.42913818359375,21.95859718322754,22.27229118347168,22.42913818359375,95032.0,17.16387176513672
2004-12-08,22.58598518371582,22.11544418334961,22.11544418334961,22.58598518371582,91522.0,17.28390121459961
2004-12-09,22.58598518371582,22.27229118347168,22.58598518371582,22.58598518371582,61365.0,17.28390121459961
2004-12-10,22.58598518371582,22.11544418334961,22.58598518371582,22.42913818359375,83457.0,17.16387176513672
2004-12-13,22.74283218383789,22.27229118347168,22.42913818359375,22.58598518371582,28730.0,17.28390121459961
2004-12-14,22.58598518371582,22.58598518371582,22.58598518371582,22.58598518371582,28052.0,17.28390121459961
2004-12-15,22.58598518371582,22.42913818359375,22.58598518371582,22.58598518371582,46637.0,17.28390121459961
2004-12-16,23.370220184326172,22.42913818359375,22.42913818359375,22.89967918395996,122029.0,17.523954391479492
2004-12-17,24.468151092529297,22.89967918395996,22.89967918395996,23.840761184692383,664149.0,18.244115829467773
2004-12-20,24.154455184936523,22.89967918395996,23.370220184326172,23.840761184692383,237303.0,18.244115829467773
2004-12-21,24.468151092529297,23.683914184570312,23.683914184570312,24.468151092529297,250464.0,18.724224090576172
2004-12-22,26.03662109375,24.781845092773438,24.781845092773438,26.03662109375,1087526.0,19.92449378967285
2004-12-23,26.03662109375,24.781845092773438,26.03662109375,25.25238609313965,353403.0,19.324359893798828
2004-12-24,25.87977409362793,24.938692092895508,24.938692092895508,25.40923309326172,252833.0,19.444387435913086
2004-12-27,25.56608009338379,25.095539093017578,25.56608009338379,25.095539093017578,159434.0,19.204330444335938
2004-12-28,26.19346809387207,25.25238609313965,25.25238609313965,25.40923309326172,142042.0,19.444387435913086
2004-12-29,26.35031509399414,25.56608009338379,25.72292709350586,25.56608009338379,385840.0,19.56441307067871
2004-12-30,26.03662109375,25.56608009338379,25.87977409362793,25.56608009338379,315593.0,19.56441307067871
2004-12-31,25.87977409362793,24.781845092773438,25.87977409362793,25.40923309326172,342945.0,19.444387435913086
2005-01-03,27.134552001953125,25.40923309326172,25.40923309326172,27.134552001953125,1045667.0,20.764684677124023
2005-01-04,27.918787002563477,26.977705001831055,27.605093002319336,27.448246002197266,1196534.0,21.00473976135254
2005-01-05,27.448246002197266,26.66400909423828,27.134552001953125,26.820858001708984,329620.0,20.524629592895508
2005-01-06,28.07563591003418,26.66400909423828,26.820858001708984,27.291399002075195,307178.0,20.884714126586914
2005-01-07,27.918787002563477,26.820858001708984,27.605093002319336,26.820858001708984,369595.0,20.524629592895508
2005-01-10,27.134552001953125,26.19346809387207,27.134552001953125,26.35031509399414,122730.0,20.164546966552734
2005-01-11,27.448246002197266,26.35031509399414,26.35031509399414,27.134552001953125,186200.0,20.764684677124023
2005-01-12,27.448246002197266,25.56608009338379,26.977705001831055,25.56608009338379,244690.0,19.56441307067871
2005-01-13,26.50716209411621,25.72292709350586,25.72292709350586,26.19346809387207,146575.0,20.04452133178711
2005-01-14,26.66400909423828,25.72292709350586,26.19346809387207,26.35031509399414,187847.0,20.164546966552734
2005-01-17,26.820858001708984,25.87977409362793,26.820858001708984,26.03662109375,136461.0,19.92449378967285
2005-01-18,26.35031509399414,25.40923309326172,26.35031509399414,25.56608009338379,168934.0,19.56441307067871
2005-01-19,25.87977409362793,25.095539093017578,25.87977409362793,25.56608009338379,243534.0,19.56441307067871
2005-01-20,25.87977409362793,25.095539093017578,25.095539093017578,25.40923309326172,262749.0,19.444387435913086
2005-01-21,25.72292709350586,25.095539093017578,25.72292709350586,25.095539093017578,203032.0,19.204330444335938
2005-01-24,25.25238609313965,24.154455184936523,25.25238609313965,24.311304092407227,174628.0,18.604198455810547
2005-01-25,24.468151092529297,23.05652618408203,24.154455184936523,24.311304092407227,183395.0,18.604198455810547
2005-01-26,24.624998092651367,24.154455184936523,24.624998092651367,24.154455184936523,219162.0,18.484167098999023
2005-01-27,24.154455184936523,23.527067184448242,23.997608184814453,24.154455184936523,168667.0,18.484167098999023
2005-01-28,24.311304092407227,23.527067184448242,23.683914184570312,23.840761184692383,152537.0,18.244115829467773
2005-01-31,24.154455184936523,23.840761184692383,24.154455184936523,24.154455184936523,262763.0,18.484167098999023
2005-02-01,24.468151092529297,23.840761184692383,24.468151092529297,23.840761184692383,64170.0,18.244115829467773
2005-02-02,23.997608184814453,23.683914184570312,23.840761184692383,23.840761184692383,178275.0,18.244115829467773
2005-02-03,24.468151092529297,23.840761184692383,23.840761184692383,24.154455184936523,141322.0,18.484167098999023
2005-02-04,24.154455184936523,24.154455184936523,24.154455184936523,24.154455184936523,0.0,18.484167098999023
2005-02-07,24.154455184936523,24.154455184936523,24.154455184936523,24.154455184936523,0.0,18.484167098999023
2005-02-08,24.154455184936523,24.154455184936523,24.154455184936523,24.154455184936523,0.0,18.484167098999023
2005-02-09,24.154455184936523,24.154455184936523,24.154455184936523,24.154455184936523,0.0,18.484167098999023
2005-02-10,24.154455184936523,24.154455184936523,24.154455184936523,24.154455184936523,0.0,18.484167098999023
2005-02-11,24.154455184936523,24.154455184936523,24.154455184936523,24.154455184936523,0.0,18.484167098999023
2005-02-14,24.468151092529297,23.683914184570312,24.468151092529297,24.154455184936523,179187.0,18.484167098999023
2005-02-15,24.781845092773438,23.527067184448242,23.527067184448242,24.154455184936523,180589.0,18.484167098999023
2005-02-16,24.154455184936523,23.527067184448242,24.154455184936523,23.683914184570312,207941.0,18.124086380004883
2005-02-17,23.527067184448242,22.74283218383789,23.527067184448242,22.89967918395996,398454.0,17.523954391479492
2005-02-18,23.2133731842041,22.89967918395996,22.89967918395996,23.05652618408203,104496.0,17.64398193359375
2005-02-21,23.527067184448242,22.27229118347168,23.05652618408203,23.2133731842041,230383.0,17.764005661010742
2005-02-22,23.370220184326172,22.74283218383789,23.2133731842041,22.74283218383789,170420.0,17.403926849365234
2005-02-23,23.2133731842041,22.74283218383789,22.74283218383789,22.74283218383789,201629.0,17.403926849365234
2005-02-24,23.2133731842041,22.89967918395996,22.89967918395996,23.05652618408203,225474.0,17.64398193359375
2005-02-25,23.370220184326172,23.05652618408203,23.2133731842041,23.2133731842041,179537.0,17.764005661010742
2005-02-28,23.2133731842041,23.2133731842041,23.2133731842041,23.2133731842041,0.0,17.764005661010742
2005-03-01,23.683914184570312,23.2133731842041,23.2133731842041,23.2133731842041,103094.0,17.764005661010742
2005-03-02,23.527067184448242,23.0878963470459,23.24474334716797,23.0878963470459,109405.0,17.667987823486328
2005-03-03,23.840761184692383,23.2133731842041,23.2133731842041,23.80939292907715,247865.0,18.220109939575195
2005-03-04,23.997608184814453,23.589807510375977,23.80939292907715,23.589807510375977,245461.0,18.052074432373047
2005-03-07,24.468151092529297,23.683914184570312,23.683914184570312,24.311304092407227,390686.0,18.604198455810547
2005-03-08,24.43678092956543,23.683914184570312,24.43678092956543,23.683914184570312,111509.0,18.124086380004883
2005-03-09,24.154455184936523,23.683914184570312,23.997608184814453,23.683914184570312,225474.0,18.124086380004883
2005-03-10,23.683914184570312,22.89967918395996,23.683914184570312,23.30748176574707,135354.0,17.836023330688477
2005-03-11,23.2133731842041,22.42913818359375,23.2133731842041,22.89967918395996,120977.0,17.523954391479492
2005-03-14,22.42913818359375,21.29983901977539,21.95859718322754,21.644901275634766,184535.0,16.56373405456543
2005-03-15,21.644901275634766,20.703819274902344,21.644901275634766,21.29983901977539,189391.0,16.299678802490234
2005-03-16,21.174360275268555,20.546972274780273,20.546972274780273,21.017513275146484,58209.0,16.083629608154297
2005-03-17,22.460508346557617,20.546972274780273,20.546972274780273,21.362577438354492,156043.0,16.34769058227539
2005-03-18,21.80175018310547,21.205730438232422,21.488054275512695,21.331207275390625,86963.0,16.323680877685547
2005-03-21,22.805570602416992,21.362577438354492,21.644901275634766,22.74283218383789,263755.0,17.403926849365234
2005-03-22,22.83694076538086,21.989965438842773,22.74283218383789,21.989965438842773,255981.0,16.827795028686523
2005-03-23,22.83694076538086,22.27229118347168,22.27229118347168,22.83694076538086,148679.0,17.475942611694336
2005-03-24,23.182004928588867,22.52324676513672,22.83694076538086,22.52324676513672,174979.0,17.235889434814453
2005-03-25,22.89967918395996,22.052705764770508,22.052705764770508,22.36639976501465,97834.0,17.115861892700195
2005-03-28,23.903501510620117,22.648723602294922,22.648723602294922,22.648723602294922,340140.0,17.331911087036133
2005-03-29,23.77802276611328,23.2133731842041,23.2133731842041,23.370220184326172,351361.0,17.884035110473633
2005-03-30,23.80939292907715,23.370220184326172,23.527067184448242,23.80939292907715,207941.0,18.220109939575195
2005-03-31,24.12308692932129,23.55843734741211,23.840761184692383,23.55843734741211,128341.0,18.02806854248047
2005-04-01,23.55843734741211,23.338851928710938,23.55843734741211,23.338851928710938,78547.0,17.860029220581055
2005-04-04,23.370220184326172,22.99378776550293,23.370220184326172,23.2133731842041,50845.0,17.764005661010742
2005-04-05,23.2133731842041,23.2133731842041,23.2133731842041,23.2133731842041,0.0,17.764005661010742
2005-04-06,23.527067184448242,23.05652618408203,23.2133731842041,23.2133731842041,98708.0,17.764005661010742
2005-04-07,23.24474334716797,22.89967918395996,23.2133731842041,22.89967918395996,146087.0,17.523954391479492
2005-04-08,24.154455184936523,22.89967918395996,22.89967918395996,23.0878963470459,113964.0,17.667987823486328
2005-04-11,23.77802276611328,22.99378776550293,23.77802276611328,22.99378776550293,7013.0,17.595970153808594
2005-04-12,23.370220184326172,22.89967918395996,23.150634765625,23.05652618408203,18935.0,17.64398193359375
2005-04-13,23.370220184326172,22.42913818359375,22.42913818359375,22.962417602539062,6662.0,17.571964263916016
2005-04-14,23.527067184448242,22.89967918395996,22.89967918395996,22.89967918395996,90821.0,17.523954391479492
2005-04-15,23.182004928588867,21.80175018310547,23.182004928588867,22.58598518371582,51897.0,17.28390121459961
2005-04-18,23.2133731842041,21.017513275146484,23.2133731842041,21.582164764404297,82405.0,16.51572608947754
2005-04-19,21.927227020263672,21.331207275390625,21.644901275634766,21.331207275390625,26299.0,16.323680877685547
2005-04-20,21.95859718322754,20.89203643798828,21.95859718322754,20.89203643798828,32392.0,15.987607955932617
2005-04-21,21.425317764282227,20.42149543762207,20.57834243774414,21.331207275390625,87314.0,16.323680877685547
2005-04-22,21.95859718322754,21.23710060119629,21.95859718322754,21.23710060119629,65222.0,16.25166893005371
2005-04-25,21.488054275512695,20.89203643798828,21.23710060119629,20.89203643798828,26299.0,15.987607955932617
2005-04-26,21.61353302001953,20.89203643798828,20.92340660095215,21.268468856811523,28403.0,16.275671005249023
2005-04-27,21.205730438232422,20.860666275024414,21.017513275146484,21.205730438232422,28403.0,16.2276611328125
2005-04-28,21.488054275512695,20.703819274902344,20.703819274902344,21.331207275390625,16481.0,16.323680877685547
2005-04-29,21.331207275390625,21.017513275146484,21.08025360107422,21.017513275146484,77495.0,16.083629608154297
2005-05-02,21.017513275146484,21.017513275146484,21.017513275146484,21.017513275146484,0.0,16.083629608154297
2005-05-03,21.86448860168457,21.14299201965332,21.29983901977539,21.14299201965332,21740.0,16.179649353027344
2005-05-04,21.644901275634766,20.73518943786621,21.14299201965332,20.73518943786621,43481.0,15.867578506469727
2005-05-05,21.017513275146484,20.452863693237305,21.017513275146484,20.452863693237305,58560.0,15.651533126831055
2005-05-06,20.98614501953125,20.10780143737793,20.452863693237305,20.452863693237305,82755.0,15.651533126831055
2005-05-09,20.703819274902344,20.139169692993164,20.703819274902344,20.139169692993164,25247.0,15.411477088928223
2005-05-10,20.17053985595703,19.637258529663086,19.637258529663086,20.10780143737793,34963.0,15.387473106384277
2005-05-11,20.390125274658203,19.762737274169922,20.045061111450195,19.762737274169922,19035.0,15.123414993286133
2005-05-12,19.794105529785156,19.260826110839844,19.762737274169922,19.762737274169922,103588.0,15.123414993286133
2005-05-13,20.201908111572266,18.382482528686523,20.201908111572266,18.41385269165039,1251512.0,14.091179847717285
2005-05-16,18.445220947265625,17.315921783447266,18.41385269165039,18.131526947021484,71541.0,13.875129699707031
2005-05-17,18.476591110229492,18.068788528442383,18.194265365600586,18.100156784057617,21390.0,13.85112476348877
2005-05-18,18.507959365844727,17.880571365356445,18.100156784057617,18.507959365844727,188304.0,14.16319465637207
2005-05-19,18.790285110473633,18.194265365600586,18.790285110473633,18.507959365844727,20293.0,14.16319465637207
2005-05-20,19.731367111206055,18.507959365844727,18.507959365844727,19.417673110961914,39273.0,14.859352111816406
2005-05-23,19.417673110961914,18.57069969177246,19.417673110961914,19.103979110717773,18234.0,14.61929702758789
2005-05-24,18.821653366088867,18.821653366088867,18.821653366088867,18.821653366088867,31559.0,14.403247833251953
2005-05-25,19.38630485534668,18.664806365966797,19.38630485534668,18.664806365966797,16481.0,14.283222198486328
2005-05-26,19.103979110717773,18.25700569152832,18.382482528686523,19.103979110717773,27000.0,14.61929702758789
2005-05-27,19.009870529174805,18.57069969177246,18.57069969177246,19.009870529174805,23143.0,14.547280311584473
2005-05-30,19.009870529174805,18.351112365722656,19.009870529174805,18.41385269165039,140754.0,14.091179847717285
2005-05-31,18.947132110595703,18.41385269165039,18.947132110595703,18.41385269165039,21740.0,14.091179847717285
2005-06-01,18.91576385498047,18.445220947265625,18.821653366088867,18.8843936920166,142017.0,14.451260566711426
2005-06-02,19.13534927368164,18.696176528930664,18.696176528930664,18.696176528930664,46637.0,14.30722713470459
2005-06-03,19.103979110717773,18.57069969177246,18.57069969177246,19.041240692138672,211798.0,14.571288108825684
2005-06-06,19.60589027404785,18.821653366088867,18.978500366210938,19.60589027404785,610849.0,15.003386497497559
2005-06-07,19.480411529541016,18.947132110595703,19.480411529541016,19.198087692260742,340140.0,14.691314697265625
2005-06-08,19.44904327392578,19.198087692260742,19.22945785522461,19.44904327392578,158205.0,14.883357048034668
2005-06-09,19.794105529785156,19.13534927368164,19.44904327392578,19.166717529296875,181641.0,14.667308807373047
2005-06-10,19.574520111083984,19.041240692138672,19.574520111083984,19.166717529296875,120131.0,14.667308807373047
2005-06-13,19.44904327392578,18.821653366088867,19.38630485534668,19.198087692260742,172875.0,14.691314697265625
2005-06-14,19.38630485534668,18.978500366210938,19.198087692260742,19.198087692260742,164459.0,14.691314697265625
2005-06-15,19.354934692382812,18.821653366088867,19.07261085510254,19.198087692260742,185516.0,14.691314697265625
2005-06-16,19.762737274169922,18.978500366210938,19.762737274169922,19.323564529418945,63469.0,14.787335395812988
2005-06-17,19.323564529418945,18.978500366210938,19.166717529296875,19.13534927368164,59612.0,14.643302917480469
2005-06-20,19.260826110839844,18.8843936920166,19.260826110839844,18.947132110595703,43481.0,14.49927043914795
2005-06-21,19.13534927368164,18.664806365966797,18.853023529052734,19.13534927368164,48493.0,14.643302917480469
2005-06-22,20.17053985595703,18.978500366210938,19.13534927368164,20.17053985595703,262994.0,15.435483932495117
2005-06-23,21.14299201965332,20.233278274536133,20.2646484375,20.797927856445312,442532.0,15.915589332580566
2005-06-24,21.23710060119629,20.42149543762207,20.797927856445312,20.703819274902344,156394.0,15.843574523925781
2005-06-27,22.146812438964844,20.390125274658203,20.73518943786621,20.546972274780273,225890.0,15.72354793548584
2005-06-28,20.860666275024414,20.201908111572266,20.484233856201172,20.233278274536133,124484.0,15.48349380493164
2005-06-29,20.641080856323242,19.919584274291992,20.2646484375,20.233278274536133,133250.0,15.48349380493164
2005-06-30,20.233278274536133,19.60589027404785,20.233278274536133,20.076431274414062,90119.0,15.3634672164917
2005-07-01,19.825475692749023,19.323564529418945,19.825475692749023,19.44904327392578,133250.0,14.883357048034668
2005-07-04,19.637258529663086,19.44904327392578,19.44904327392578,19.511781692504883,87371.0,14.931368827819824
2005-07-05,19.762737274169922,19.166717529296875,19.668628692626953,19.29219627380371,96431.0,14.763331413269043
2005-07-06,19.60589027404785,19.29219627380371,19.29219627380371,19.417673110961914,84509.0,14.859352111816406
2005-07-07,19.417673110961914,18.978500366210938,19.417673110961914,19.13534927368164,88366.0,14.643302917480469
2005-07-08,19.417673110961914,18.978500366210938,19.07261085510254,18.978500366210938,175329.0,14.523275375366211
2005-07-11,19.29219627380371,18.978500366210938,19.009870529174805,18.978500366210938,44884.0,14.523275375366211
2005-07-12,19.323564529418945,19.009870529174805,19.166717529296875,19.009870529174805,71885.0,14.547280311584473
2005-07-13,19.60589027404785,18.853023529052734,18.853023529052734,19.44904327392578,102042.0,14.883357048034668
2005-07-14,19.762737274169922,19.38630485534668,19.44904327392578,19.60589027404785,149903.0,15.003386497497559
2005-07-15,20.01369285583496,19.480411529541016,19.762737274169922,19.480411529541016,99236.0,14.907362937927246
2005-07-18,19.480411529541016,19.480411529541016,19.480411529541016,19.480411529541016,0.0,14.907362937927246
2005-07-19,19.888214111328125,19.44904327392578,19.480411529541016,19.69999885559082,156043.0,15.075403213500977
2005-07-20,19.794105529785156,19.29219627380371,19.69999885559082,19.323564529418945,64170.0,14.787335395812988
2005-07-21,19.417673110961914,19.13534927368164,19.13534927368164,19.323564529418945,130796.0,14.787335395812988
2005-07-22,19.60589027404785,19.323564529418945,19.323564529418945,19.354934692382812,28403.0,14.811342239379883
2005-07-25,19.731367111206055,18.978500366210938,19.354934692382812,19.13534927368164,142367.0,14.643302917480469
2005-07-26,20.452863693237305,19.95095443725586,20.01369285583496,20.452863693237305,391336.0,15.651533126831055
2005-07-27,21.331207275390625,20.10780143737793,21.331207275390625,20.10780143737793,328807.0,15.387473106384277
2005-07-28,20.515602111816406,19.22945785522461,20.139169692993164,19.22945785522461,96431.0,14.715319633483887
2005-07-29,19.668628692626953,19.13534927368164,19.54315185546875,19.13534927368164,140138.0,14.643302917480469
2005-08-01,19.762737274169922,17.817832946777344,17.817832946777344,19.13534927368164,198006.0,14.643302917480469
2005-08-02,19.103979110717773,18.382482528686523,18.821653366088867,18.664806365966797,219162.0,14.283222198486328
2005-08-03,18.8843936920166,18.57069969177246,18.664806365966797,18.664806365966797,134583.0,14.283222198486328
2005-08-04,18.978500366210938,18.507959365844727,18.8843936920166,18.664806365966797,24896.0,14.283222198486328
2005-08-05,18.664806365966797,18.664806365966797,18.664806365966797,18.664806365966797,0.0,14.283222198486328
2005-08-08,19.260826110839844,18.696176528930664,18.821653366088867,19.13534927368164,11922.0,14.643302917480469
2005-08-09,19.323564529418945,18.821653366088867,19.13534927368164,18.821653366088867,25948.0,14.403247833251953
2005-08-10,19.103979110717773,18.602067947387695,18.853023529052734,18.821653366088867,27702.0,14.403247833251953
2005-08-11,19.07261085510254,18.41385269165039,18.41385269165039,18.978500366210938,34715.0,14.523275375366211
2005-08-12,19.103979110717773,18.57069969177246,18.978500366210938,19.041240692138672,127990.0,14.571288108825684
2005-08-15,19.13534927368164,18.037418365478516,19.13534927368164,18.25700569152832,300164.0,13.971153259277344
2005-08-16,18.72754669189453,18.31974220275879,18.31974220275879,18.351112365722656,39975.0,14.043169975280762
2005-08-17,18.664806365966797,18.037418365478516,18.037418365478516,18.664806365966797,8681.0,14.283222198486328
2005-08-18,18.758914947509766,18.194265365600586,18.194265365600586,18.664806365966797,124486.0,14.283222198486328
2005-08-19,19.07261085510254,18.476591110229492,18.664806365966797,18.978500366210938,146225.0,14.523275375366211
2005-08-22,19.103979110717773,18.507959365844727,18.853023529052734,18.507959365844727,69430.0,14.16319465637207
2005-08-23,18.633438110351562,18.225635528564453,18.225635528564453,18.382482528686523,50147.0,14.067173957824707
2005-08-24,18.445220947265625,18.225635528564453,18.382482528686523,18.225635528564453,59612.0,13.947147369384766
2005-08-25,18.382482528686523,18.037418365478516,18.037418365478516,18.31974220275879,37169.0,14.019161224365234
2005-08-26,18.821653366088867,18.037418365478516,18.25700569152832,18.821653366088867,22266.0,14.403247833251953
2005-08-29,18.821653366088867,18.225635528564453,18.821653366088867,18.507959365844727,56456.0,14.16319465637207
2005-08-30,18.539329528808594,18.068788528442383,18.068788528442383,18.288373947143555,90119.0,13.995158195495605
2005-08-31,18.507959365844727,17.817832946777344,18.507959365844727,18.476591110229492,122029.0,14.139191627502441
2005-09-01,18.476591110229492,18.476591110229492,18.476591110229492,18.476591110229492,0.0,14.139191627502441
2005-09-02,18.821653366088867,18.037418365478516,18.382482528686523,18.821653366088867,53650.0,14.403247833251953
2005-09-05,18.821653366088867,18.225635528564453,18.821653366088867,18.25700569152832,50845.0,13.971153259277344
2005-09-06,18.539329528808594,18.068788528442383,18.539329528808594,18.507959365844727,20595.0,14.16319465637207
2005-09-07,18.758914947509766,18.194265365600586,18.31974220275879,18.288373947143555,20688.0,13.995158195495605
2005-09-08,18.758914947509766,18.31974220275879,18.72754669189453,18.31974220275879,10169.0,14.019161224365234
2005-09-09,18.758914947509766,18.225635528564453,18.225635528564453,18.758914947509766,19987.0,14.35523796081543
2005-09-12,18.539329528808594,18.131526947021484,18.539329528808594,18.194265365600586,25598.0,13.923140525817871
2005-09-13,18.25700569152832,18.068788528442383,18.225635528564453,18.068788528442383,15779.0,13.827119827270508
2005-09-14,18.100156784057617,17.880571365356445,18.068788528442383,17.880571365356445,28662.0,13.683087348937988
2005-09-15,18.00604820251465,17.880571365356445,17.880571365356445,18.00604820251465,8065.0,13.779108047485352
2005-09-16,18.068788528442383,17.880571365356445,17.911941528320312,17.880571365356445,76443.0,13.683087348937988
2005-09-19,17.943309783935547,17.880571365356445,17.880571365356445,17.911941528320312,96431.0,13.70709228515625
2005-09-20,17.849201202392578,17.253183364868164,17.253183364868164,17.566877365112305,159865.0,13.443033218383789
2005-09-21,17.598247528076172,17.253183364868164,17.566877365112305,17.315921783447266,63820.0,13.25098991394043
2005-09-22,17.566877365112305,17.033597946166992,17.096336364746094,17.535507202148438,133601.0,13.419028282165527
2005-09-23,17.504138946533203,17.096336364746094,17.504138946533203,17.410030364990234,51196.0,13.323005676269531
2005-09-26,17.535507202148438,17.410030364990234,17.410030364990234,17.535507202148438,38572.0,13.419028282165527
2005-09-27,17.535507202148438,17.033597946166992,17.535507202148438,17.253183364868164,24546.0,13.202978134155273
2005-09-28,17.378660202026367,17.096336364746094,17.378660202026367,17.253183364868164,25948.0,13.202978134155273
2005-09-29,17.410030364990234,17.2845516204834,17.378660202026367,17.2845516204834,46542.0,13.226983070373535
2005-09-30,18.00604820251465,17.2845516204834,17.2845516204834,18.00604820251465,99900.0,13.779108047485352
2005-10-03,19.260826110839844,19.260826110839844,19.260826110839844,19.260826110839844,108704.0,14.739325523376465
2005-10-04,20.57834243774414,20.045061111450195,20.57834243774414,20.57834243774414,321013.0,15.74755573272705
2005-10-05,21.644901275634766,20.703819274902344,21.205730438232422,21.644901275634766,719809.0,16.56373405456543
2005-10-06,22.58598518371582,21.362577438354492,21.362577438354492,22.58598518371582,453859.0,17.28390121459961
2005-10-07,22.83694076538086,22.42913818359375,22.58598518371582,22.711463928222656,615125.0,17.37992286682129
2005-10-10,22.711463928222656,22.711463928222656,22.711463928222656,22.711463928222656,0.0,17.37992286682129
2005-10-11,22.74283218383789,21.86448860168457,21.86448860168457,22.74283218383789,382920.0,17.403926849365234
2005-10-12,22.89967918395996,22.33502960205078,22.711463928222656,22.68009376525879,254929.0,17.355915069580078
2005-10-13,22.58598518371582,22.33502960205078,22.58598518371582,22.36639976501465,138861.0,17.115861892700195
2005-10-14,22.36639976501465,22.209552764892578,22.36639976501465,22.209552764892578,190057.0,16.995834350585938
2005-10-17,22.209552764892578,21.739011764526367,22.209552764892578,21.80175018310547,145618.0,16.683765411376953
2005-10-18,22.11544418334961,21.739011764526367,21.80175018310547,21.80175018310547,64171.0,16.683765411376953
2005-10-19,21.95859718322754,21.362577438354492,21.739011764526367,21.80175018310547,247916.0,16.683765411376953
2005-10-20,21.80175018310547,21.017513275146484,21.488054275512695,21.331207275390625,206538.0,16.323680877685547
2005-10-21,21.95859718322754,20.73518943786621,20.73518943786621,21.331207275390625,29806.0,16.323680877685547
2005-10-24,21.644901275634766,21.331207275390625,21.331207275390625,21.331207275390625,133250.0,16.323680877685547
2005-10-25,21.95859718322754,21.331207275390625,21.488054275512695,21.362577438354492,86262.0,16.34769058227539
2005-10-26,21.739011764526367,21.331207275390625,21.362577438354492,21.362577438354492,287895.0,16.34769058227539
2005-10-27,21.644901275634766,21.14299201965332,21.23710060119629,21.644901275634766,197070.0,16.56373405456543
2005-10-28,21.7703800201416,21.23710060119629,21.7703800201416,21.61353302001953,35703.0,16.539731979370117
2005-10-31,21.739011764526367,21.017513275146484,21.739011764526367,21.017513275146484,108003.0,16.083629608154297
2005-11-01,21.23710060119629,20.860666275024414,21.017513275146484,21.04888343811035,100735.0,16.107633590698242
2005-11-02,21.80175018310547,21.111621856689453,21.111621856689453,21.80175018310547,163056.0,16.683765411376953
2005-11-03,22.209552764892578,21.488054275512695,21.927227020263672,21.95859718322754,104560.0,16.80379295349121
2005-11-04,22.17818260192871,21.582164764404297,21.676271438598633,22.17818260192871,70833.0,16.971830368041992
2005-11-07,22.240922927856445,21.95859718322754,22.17818260192871,22.17818260192871,69494.0,16.971830368041992
2005-11-08,22.209552764892578,22.11544418334961,22.11544418334961,22.209552764892578,147282.0,16.995834350585938
2005-11-09,23.182004928588867,22.11544418334961,22.209552764892578,22.868310928344727,174433.0,17.499950408935547
2005-11-10,22.805570602416992,22.33502960205078,22.805570602416992,22.36639976501465,114665.0,17.115861892700195
2005-11-11,22.74283218383789,22.303659439086914,22.36639976501465,22.42913818359375,155692.0,17.16387176513672
2005-11-14,22.58598518371582,22.146812438964844,22.27229118347168,22.146812438964844,14345.0,16.94782257080078
2005-11-15,22.27229118347168,21.95859718322754,22.27229118347168,21.95859718322754,43035.0,16.80379295349121
2005-11-16,22.42913818359375,21.644901275634766,21.95859718322754,22.146812438964844,86613.0,16.94782257080078
2005-11-17,22.460508346557617,21.676271438598633,22.146812438964844,22.146812438964844,129042.0,16.94782257080078
2005-11-18,22.397769927978516,21.95859718322754,21.95859718322754,22.33502960205078,29806.0,17.091856002807617
2005-11-21,22.33502960205078,21.989965438842773,22.33502960205078,22.11544418334961,12623.0,16.923818588256836
2005-11-22,22.240922927856445,21.86448860168457,21.989965438842773,22.240922927856445,196050.0,17.019840240478516
2005-11-23,22.27229118347168,21.95859718322754,22.27229118347168,22.240922927856445,43354.0,17.019840240478516
2005-11-24,22.209552764892578,21.80175018310547,22.02133560180664,22.02133560180664,89418.0,16.8518009185791
2005-11-25,22.27229118347168,21.80175018310547,21.833118438720703,22.11544418334961,119543.0,16.923818588256836
2005-11-28,21.927227020263672,21.927227020263672,21.927227020263672,21.927227020263672,14982.0,16.779787063598633
2005-11-29,22.084074020385742,21.80175018310547,21.80175018310547,22.084074020385742,91171.0,16.899812698364258
2005-11-30,22.11544418334961,21.833118438720703,22.11544418334961,21.989965438842773,182343.0,16.827795028686523
2005-12-01,22.11544418334961,21.86448860168457,21.86448860168457,21.95859718322754,36468.0,16.80379295349121
2005-12-02,22.11544418334961,21.86448860168457,21.86448860168457,21.95859718322754,186901.0,16.80379295349121
2005-12-05,22.89967918395996,22.052705764770508,22.052705764770508,22.554616928100586,55468.0,17.25989532470703
2005-12-06,23.182004928588867,22.617355346679688,23.182004928588867,22.68009376525879,72937.0,17.355915069580078
2005-12-07,23.182004928588867,22.27229118347168,23.182004928588867,22.52324676513672,11476.0,17.235889434814453
2005-12-08,22.74283218383789,21.927227020263672,21.989965438842773,22.397769927978516,34109.0,17.139867782592773
2005-12-09,22.52324676513672,22.084074020385742,22.52324676513672,22.397769927978516,3155.0,17.139867782592773
2005-12-12,22.33502960205078,22.209552764892578,22.27229118347168,22.27229118347168,17851.0,17.043846130371094
2005-12-13,22.58598518371582,21.989965438842773,22.33502960205078,22.146812438964844,51547.0,16.94782257080078
2005-12-14,22.58598518371582,22.084074020385742,22.084074020385742,22.58598518371582,25247.0,17.28390121459961
2005-12-15,22.58598518371582,22.209552764892578,22.58598518371582,22.240922927856445,25502.0,17.019840240478516
2005-12-16,22.74283218383789,21.95859718322754,22.554616928100586,22.240922927856445,227610.0,17.019840240478516
2005-12-19,22.58598518371582,22.084074020385742,22.554616928100586,22.58598518371582,191587.0,17.28390121459961
2005-12-20,22.89967918395996,21.95859718322754,22.89967918395996,22.58598518371582,701319.0,17.28390121459961
2005-12-21,22.58598518371582,22.27229118347168,22.58598518371582,22.58598518371582,314956.0,17.28390121459961
2005-12-22,22.774202346801758,22.33502960205078,22.58598518371582,22.554616928100586,389583.0,17.25989532470703
2005-12-23,22.58598518371582,22.42913818359375,22.42913818359375,22.554616928100586,66306.0,17.25989532470703
2005-12-26,22.74283218383789,22.554616928100586,22.58598518371582,22.648723602294922,48040.0,17.331911087036133
2005-12-27,22.89967918395996,22.42913818359375,22.42913818359375,22.89967918395996,108704.0,17.523954391479492
2005-12-28,23.150634765625,22.74283218383789,22.962417602539062,23.119264602661133,63469.0,17.691991806030273
2005-12-29,23.683914184570312,23.119264602661133,23.119264602661133,23.370220184326172,152887.0,17.884035110473633
2005-12-30,23.527067184448242,23.370220184326172,23.370220184326172,23.527067184448242,218811.0,18.00406265258789
2006-01-02,23.997608184814453,23.2133731842041,23.527067184448242,23.80939292907715,124484.0,18.220109939575195
2006-01-03,25.064170837402344,23.40159034729004,23.40159034729004,24.217195510864258,71534.0,18.532180786132812
2006-01-04,24.781845092773438,24.154455184936523,24.781845092773438,24.154455184936523,77495.0,18.484167098999023
2006-01-05,24.43678092956543,23.903501510620117,24.154455184936523,24.02897834777832,57380.0,18.38814926147461
2006-01-06,24.217195510864258,23.997608184814453,24.02897834777832,23.997608184814453,21039.0,18.36414337158203
2006-01-09,23.997608184814453,23.05652618408203,23.683914184570312,23.652545928955078,13707.0,18.100082397460938
2006-01-10,23.683914184570312,23.119264602661133,23.683914184570312,23.150634765625,24546.0,17.71599578857422
2006-01-11,23.55843734741211,22.99378776550293,23.2133731842041,23.495698928833008,50048.0,17.980056762695312
2006-01-12,23.495698928833008,23.150634765625,23.150634765625,23.2133731842041,46988.0,17.764005661010742
2006-01-13,23.182004928588867,22.11544418334961,23.05652618408203,22.397769927978516,102392.0,17.139867782592773
2006-01-16,22.397769927978516,22.084074020385742,22.397769927978516,22.36639976501465,73287.0,17.115861892700195
2006-01-17,22.146812438964844,22.084074020385742,22.11544418334961,22.146812438964844,76093.0,16.94782257080078
2006-01-18,22.11544418334961,21.833118438720703,22.11544418334961,21.95859718322754,67900.0,16.80379295349121
2006-01-19,22.084074020385742,21.895858764648438,21.95859718322754,22.052705764770508,75391.0,16.875808715820312
2006-01-20,22.58598518371582,21.95859718322754,22.052705764770508,22.52324676513672,64521.0,17.235889434814453
2006-01-23,22.58598518371582,21.95859718322754,21.95859718322754,22.52324676513672,65924.0,17.235889434814453
2006-01-24,22.83694076538086,22.460508346557617,22.58598518371582,22.52324676513672,56806.0,17.235889434814453
2006-01-25,22.617355346679688,22.17818260192871,22.17818260192871,22.617355346679688,24195.0,17.307905197143555
2006-02-03,22.774202346801758,22.209552764892578,22.58598518371582,22.74283218383789,16130.0,17.403926849365234
2006-02-06,22.89967918395996,22.240922927856445,22.554616928100586,22.33502960205078,5100.0,17.091856002807617
2006-02-07,22.868310928344727,22.33502960205078,22.33502960205078,22.42913818359375,2805.0,17.16387176513672
2006-02-08,22.648723602294922,22.052705764770508,22.42913818359375,22.648723602294922,5259.0,17.331911087036133
2006-02-09,22.52324676513672,21.95859718322754,22.27229118347168,22.303659439086914,14345.0,17.06785011291504
2006-02-10,22.084074020385742,21.989965438842773,22.02133560180664,22.02133560180664,32260.0,16.8518009185791
2006-02-13,23.370220184326172,21.331207275390625,22.02133560180664,23.370220184326172,180239.0,17.884035110473633
2006-02-14,22.868310928344727,22.02133560180664,22.02133560180664,22.74283218383789,131848.0,17.403926849365234
2006-02-15,23.40159034729004,22.774202346801758,23.40159034729004,22.805570602416992,113263.0,17.451936721801758
2006-02-16,22.99378776550293,22.42913818359375,22.805570602416992,22.774202346801758,112211.0,17.427932739257812
2006-02-17,22.74283218383789,22.42913818359375,22.74283218383789,22.52324676513672,115717.0,17.235889434814453
2006-02-20,22.42913818359375,22.27229118347168,22.27229118347168,22.303659439086914,102966.0,17.06785011291504
2006-02-21,23.683914184570312,22.303659439086914,22.33502960205078,23.589807510375977,436922.0,18.052074432373047
2006-02-22,23.77802276611328,23.527067184448242,23.589807510375977,23.62117576599121,253431.0,18.07607650756836
2006-02-23,24.12308692932129,23.527067184448242,23.527067184448242,23.840761184692383,197772.0,18.244115829467773
2006-02-24,24.154455184936523,23.683914184570312,23.683914184570312,24.154455184936523,176031.0,18.484167098999023
2006-02-27,24.217195510864258,23.683914184570312,23.683914184570312,24.154455184936523,163407.0,18.484167098999023
2006-03-01,24.374042510986328,23.71528434753418,24.154455184936523,24.154455184936523,73957.0,18.484167098999023
2006-03-02,24.18582534790039,23.997608184814453,24.12308692932129,23.997608184814453,137458.0,18.36414337158203
2006-03-03,23.997608184814453,23.589807510375977,23.997608184814453,23.840761184692383,30156.0,18.244115829467773
2006-03-06,24.02897834777832,23.527067184448242,23.527067184448242,24.02897834777832,138032.0,18.38814926147461
2006-03-07,24.750476837158203,23.87213134765625,23.96623992919922,24.719106674194336,203382.0,18.91626739501953
2006-03-08,24.68773651123047,24.091718673706055,24.624998092651367,24.68773651123047,146958.0,18.892263412475586
2006-03-09,24.750476837158203,24.34267234802246,24.34267234802246,24.750476837158203,19764.0,18.940275192260742
2006-03-10,25.346494674682617,24.562259674072266,24.562259674072266,25.126909255981445,75870.0,19.22833824157715
2006-03-13,26.005252838134766,24.719106674194336,24.719106674194336,25.72292709350586,115367.0,19.68444061279297
2006-03-14,25.691558837890625,24.468151092529297,25.691558837890625,24.5936279296875,21358.0,18.82024383544922
2006-03-15,24.5936279296875,24.311304092407227,24.5936279296875,24.374042510986328,22792.0,18.652210235595703
2006-03-16,24.02897834777832,23.997608184814453,24.02897834777832,23.997608184814453,21358.0,18.36414337158203
2006-03-17,23.96623992919922,23.71528434753418,23.840761184692383,23.71528434753418,36341.0,18.148094177246094
2006-03-20,23.746654510498047,23.55843734741211,23.746654510498047,23.683914184570312,26299.0,18.124086380004883
2006-03-21,23.746654510498047,23.527067184448242,23.527067184448242,23.62117576599121,2550.0,18.07607650756836
2006-03-22,23.840761184692383,23.40159034729004,23.527067184448242,23.40159034729004,28403.0,17.908039093017578
2006-03-23,23.683914184570312,23.30748176574707,23.30748176574707,23.40159034729004,38572.0,17.908039093017578
2006-03-24,24.374042510986328,23.370220184326172,23.80939292907715,23.527067184448242,10169.0,18.00406265258789
2006-03-27,23.527067184448242,23.40159034729004,23.40159034729004,23.432960510253906,3506.0,17.932044982910156
2006-03-28,23.432960510253906,22.89967918395996,23.40159034729004,22.931049346923828,13675.0,17.547958374023438
2006-03-29,22.931049346923828,22.58598518371582,22.89967918395996,22.805570602416992,31559.0,17.451936721801758
2006-03-30,22.774202346801758,22.58598518371582,22.58598518371582,22.774202346801758,17883.0,17.427932739257812
2006-03-31,23.182004928588867,22.648723602294922,22.648723602294922,22.774202346801758,33663.0,17.427932739257812
2006-04-03,23.80939292907715,22.648723602294922,22.774202346801758,22.774202346801758,62417.0,17.427932739257812
2006-04-04,23.150634765625,22.58598518371582,22.74283218383789,22.868310928344727,58910.0,17.499950408935547
2006-04-06,23.05652618408203,22.774202346801758,22.868310928344727,22.89967918395996,75742.0,17.523954391479492
2006-04-07,23.370220184326172,22.805570602416992,22.89967918395996,23.338851928710938,93626.0,17.860029220581055
2006-04-10,23.652545928955078,22.89967918395996,23.276113510131836,23.652545928955078,7013.0,18.100082397460938
2006-04-11,24.781845092773438,22.648723602294922,22.648723602294922,24.781845092773438,39975.0,18.964279174804688
2006-04-12,24.781845092773438,23.495698928833008,24.468151092529297,24.781845092773438,39975.0,18.964279174804688
2006-04-13,25.25238609313965,24.719106674194336,24.719106674194336,25.064170837402344,25247.0,19.180326461791992
2006-04-14,25.377864837646484,24.34267234802246,24.34267234802246,25.377864837646484,43354.0,19.420381546020508
2006-04-17,25.597450256347656,25.283756256103516,25.283756256103516,25.597450256347656,41027.0,19.588420867919922
2006-04-18,25.72292709350586,25.095539093017578,25.47197151184082,25.72292709350586,57858.0,19.68444061279297
2006-04-19,25.911144256591797,25.31512451171875,25.40923309326172,25.911144256591797,77782.0,19.828474044799805
2006-04-20,26.66400909423828,26.03662109375,26.35031509399414,26.601272583007812,120818.0,20.356592178344727
2006-04-21,27.00907325744629,26.601272583007812,26.66400909423828,26.758119583129883,149508.0,20.47661781311035
2006-04-24,26.977705001831055,26.601272583007812,26.601272583007812,26.85222625732422,47498.0,20.548635482788086
2006-04-25,27.291399002075195,27.040443420410156,27.16592025756836,27.260028839111328,50048.0,20.860706329345703
2006-04-26,27.918787002563477,27.260028839111328,27.32276725769043,27.918787002563477,137108.0,21.364818572998047
2006-04-27,28.044265747070312,26.946334838867188,27.981525421142578,27.856048583984375,74913.0,21.316808700561523
2006-04-28,27.918787002563477,27.41687774658203,27.605093002319336,27.918787002563477,116674.0,21.364818572998047
2006-05-02,28.483436584472656,27.918787002563477,27.918787002563477,28.07563591003418,236217.0,21.484848022460938
2006-05-03,28.38932991027832,28.23248291015625,28.23248291015625,28.263851165771484,235994.0,21.628881454467773
2006-05-04,28.38932991027832,28.23248291015625,28.38932991027832,28.29521942138672,231786.0,21.65288734436035
2006-05-05,28.514806747436523,28.23248291015625,28.29521942138672,28.326589584350586,170867.0,21.676889419555664
2006-05-08,29.173564910888672,28.70302391052246,28.70302391052246,28.85987091064453,145045.0,22.084983825683594
2006-05-09,29.236303329467773,28.263851165771484,29.236303329467773,28.54617691040039,62800.0,21.84493064880371
2006-05-10,29.173564910888672,28.452068328857422,28.54617691040039,29.0167179107666,110298.0,22.20500946044922
2006-05-11,29.330411911010742,28.23248291015625,29.330411911010742,28.734392166137695,218811.0,21.988962173461914
2006-05-12,28.828500747680664,28.23248291015625,28.70302391052246,28.828500747680664,108704.0,22.060976028442383
2006-05-15,29.42452049255371,28.85987091064453,28.85987091064453,29.42452049255371,66625.0,22.51708221435547
2006-05-16,29.706844329833984,28.357959747314453,29.706844329833984,28.953977584838867,73638.0,22.156997680664062
2006-05-17,28.797130584716797,28.07563591003418,28.07563591003418,28.797130584716797,46860.0,22.036972045898438
2006-05-18,28.514806747436523,28.07563591003418,28.107004165649414,28.23248291015625,62768.0,21.604875564575195
2006-05-19,28.828500747680664,28.07563591003418,28.07563591003418,28.38932991027832,312087.0,21.724903106689453
2006-05-22,28.54617691040039,27.950157165527344,28.54617691040039,28.23248291015625,51323.0,21.604875564575195
2006-05-23,28.38932991027832,27.950157165527344,27.950157165527344,28.201112747192383,73287.0,21.58087158203125
2006-05-24,28.54617691040039,27.32276725769043,28.201112747192383,28.201112747192383,39210.0,21.58087158203125
2006-05-25,28.357959747314453,27.918787002563477,28.357959747314453,28.23248291015625,19286.0,21.604875564575195
2006-05-26,28.357959747314453,28.07563591003418,28.201112747192383,28.23248291015625,35065.0,21.604875564575195
2006-05-29,28.514806747436523,27.856048583984375,28.326589584350586,28.23248291015625,24896.0,21.604875564575195
2006-05-30,28.514806747436523,27.856048583984375,28.326589584350586,28.23248291015625,22633.0,21.604875564575195
2006-06-01,28.23248291015625,28.107004165649414,28.201112747192383,28.23248291015625,21039.0,21.604875564575195
2006-06-02,28.23248291015625,27.793310165405273,28.23248291015625,27.793310165405273,32962.0,21.268800735473633
2006-06-05,28.201112747192383,26.03662109375,27.856048583984375,26.19346809387207,11794.0,20.04452133178711
2006-06-06,26.66400909423828,26.19346809387207,26.66400909423828,26.601272583007812,5419.0,20.356592178344727
2006-06-07,27.071813583374023,26.067991256713867,26.067991256713867,26.820858001708984,14663.0,20.524629592895508
2006-06-08,26.820858001708984,25.40923309326172,26.820858001708984,25.40923309326172,58974.0,19.444387435913086
2006-06-09,26.28757667541504,25.503341674804688,25.56608009338379,26.256208419799805,47179.0,20.092531204223633
2006-06-12,26.256208419799805,25.40923309326172,26.224838256835938,26.224838256835938,22633.0,20.068525314331055
2006-06-13,26.224838256835938,25.47197151184082,26.224838256835938,26.224838256835938,58209.0,20.068525314331055
2006-06-14,27.5737247467041,26.224838256835938,26.224838256835938,26.256208419799805,10169.0,20.092531204223633
2006-06-15,26.632640838623047,25.72292709350586,25.72292709350586,26.632640838623047,12623.0,20.380596160888672
2006-06-16,27.291399002075195,26.256208419799805,27.291399002075195,26.789487838745117,21390.0,20.500625610351562
2006-06-19,26.758119583129883,26.35031509399414,26.758119583129883,26.35031509399414,2231.0,20.164546966552734
2006-06-20,26.50716209411621,25.189647674560547,26.50716209411621,26.475793838500977,21740.0,20.260570526123047
2006-06-21,26.13072967529297,25.283756256103516,25.56608009338379,25.40923309326172,12113.0,19.444387435913086
2006-06-22,26.03662109375,25.095539093017578,25.095539093017578,26.03662109375,17182.0,19.92449378967285
2006-06-23,26.03662109375,25.25238609313965,26.03662109375,25.503341674804688,22792.0,19.516401290893555
2006-06-26,25.72292709350586,25.40923309326172,25.72292709350586,25.40923309326172,33790.0,19.444387435913086
2006-06-27,25.72292709350586,25.25238609313965,25.40923309326172,25.40923309326172,31559.0,19.444387435913086
2006-06-28,25.72292709350586,25.346494674682617,25.40923309326172,25.72292709350586,37616.0,19.68444061279297
2006-06-29,26.66400909423828,25.72292709350586,25.72292709350586,26.66400909423828,32260.0,20.404600143432617
2006-06-30,27.228660583496094,26.19346809387207,26.19346809387207,26.946334838867188,3825.0,20.620651245117188
2006-07-03,27.510984420776367,26.381685256958008,26.946334838867188,26.977705001831055,14982.0,20.6446590423584
2006-07-04,26.977705001831055,26.381685256958008,26.977705001831055,26.977705001831055,6694.0,20.6446590423584
2006-07-05,26.977705001831055,26.538532257080078,26.946334838867188,26.977705001831055,9117.0,20.6446590423584
2006-07-06,26.820858001708984,26.50716209411621,26.69537925720215,26.538532257080078,42079.0,20.30858039855957
2006-07-07,27.41687774658203,26.067991256713867,26.569902420043945,26.099361419677734,11157.0,19.97250747680664
2006-07-10,25.72292709350586,25.095539093017578,25.597450256347656,25.440603256225586,12623.0,19.46839141845703
2006-07-11,26.381685256958008,25.440603256225586,25.440603256225586,26.381685256958008,7650.0,20.188554763793945
2006-07-12,26.318946838378906,25.534711837768555,26.28757667541504,25.534711837768555,5961.0,19.540409088134766
2006-07-13,25.911144256591797,25.47197151184082,25.47197151184082,25.911144256591797,39624.0,19.828474044799805
2006-07-14,25.848405838012695,25.15827751159668,25.15827751159668,25.848405838012695,33312.0,19.78046226501465
2006-07-17,25.848405838012695,25.126909255981445,25.189647674560547,25.126909255981445,63118.0,19.22833824157715
2006-07-18,25.377864837646484,25.126909255981445,25.126909255981445,25.346494674682617,21677.0,19.396373748779297
2006-07-19,25.40923309326172,25.346494674682617,25.346494674682617,25.40923309326172,55468.0,19.444387435913086
2006-07-20,26.19346809387207,25.31512451171875,25.40923309326172,25.691558837890625,30284.0,19.660436630249023
2006-07-21,25.87977409362793,25.440603256225586,25.87977409362793,25.785667419433594,5738.0,19.732452392578125
2006-07-24,25.785667419433594,25.62881851196289,25.785667419433594,25.660188674926758,28690.0,19.636430740356445
2006-07-25,25.660188674926758,25.40923309326172,25.40923309326172,25.660188674926758,8288.0,19.636430740356445
2006-07-26,26.03662109375,25.40923309326172,25.503341674804688,25.72292709350586,7013.0,19.68444061279297
2006-07-27,25.72292709350586,25.72292709350586,25.72292709350586,25.72292709350586,27702.0,19.68444061279297
2006-07-28,26.03662109375,25.440603256225586,25.691558837890625,25.87977409362793,21677.0,19.804466247558594
2006-07-31,25.87977409362793,25.848405838012695,25.87977409362793,25.848405838012695,1051.0,19.78046226501465
2006-08-01,25.15827751159668,25.095539093017578,25.15827751159668,25.095539093017578,11221.0,19.204330444335938
2006-08-02,25.9738826751709,25.40923309326172,25.440603256225586,25.9738826751709,21039.0,19.876483917236328
2006-08-03,26.03662109375,25.47197151184082,25.47197151184082,26.03662109375,43832.0,19.92449378967285
2006-08-04,26.66400909423828,25.503341674804688,26.03662109375,26.66400909423828,21390.0,20.404600143432617
2006-08-07,26.66400909423828,26.66400909423828,26.66400909423828,26.66400909423828,36819.0,20.404600143432617
2006-08-08,26.381685256958008,26.03662109375,26.381685256958008,26.03662109375,29009.0,19.92449378967285
2006-08-09,26.413055419921875,25.942514419555664,26.03662109375,26.413055419921875,21039.0,20.212560653686523
2006-08-10,26.318946838378906,25.440603256225586,26.318946838378906,25.440603256225586,211989.0,19.46839141845703
2006-08-11,25.72292709350586,25.40923309326172,25.40923309326172,25.72292709350586,1275.0,19.68444061279297
2006-08-14,25.754297256469727,25.72292709350586,25.72292709350586,25.754297256469727,14026.0,19.708444595336914
2006-08-15,26.005252838134766,25.72292709350586,25.72292709350586,26.005252838134766,34014.0,19.900489807128906
2006-08-16,26.005252838134766,26.005252838134766,26.005252838134766,26.005252838134766,17532.0,19.900489807128906
2006-08-17,26.005252838134766,25.72292709350586,26.005252838134766,25.72292709350586,22091.0,19.68444061279297
2006-08-18,25.72292709350586,25.72292709350586,25.72292709350586,25.72292709350586,21039.0,19.68444061279297
2006-08-21,25.72292709350586,25.346494674682617,25.72292709350586,25.660188674926758,44948.0,19.636430740356445
2006-08-22,25.72292709350586,25.126909255981445,25.346494674682617,25.126909255981445,92765.0,19.22833824157715
2006-08-23,25.221017837524414,25.126909255981445,25.126909255981445,25.221017837524414,51547.0,19.300355911254883
2006-08-24,25.25238609313965,25.126909255981445,25.25238609313965,25.126909255981445,51547.0,19.22833824157715
2006-08-25,25.126909255981445,25.126909255981445,25.126909255981445,25.126909255981445,34364.0,19.22833824157715
2006-08-28,25.660188674926758,25.189647674560547,25.189647674560547,25.660188674926758,52248.0,19.636430740356445
2006-08-29,25.660188674926758,23.87213134765625,25.660188674926758,25.095539093017578,351010.0,19.204330444335938
2006-08-30,26.19346809387207,24.781845092773438,25.032800674438477,26.19346809387207,180430.0,20.04452133178711
2006-08-31,26.66400909423828,26.19346809387207,26.19346809387207,26.19346809387207,61843.0,20.04452133178711
2006-09-01,26.475793838500977,25.942514419555664,26.381685256958008,25.942514419555664,23271.0,19.852479934692383
2006-09-04,26.726749420166016,26.067991256713867,26.726749420166016,26.632640838623047,57061.0,20.380596160888672
2006-09-05,26.569902420043945,26.569902420043945,26.569902420043945,26.569902420043945,22792.0,20.33258628845215
2006-09-06,26.569902420043945,26.35031509399414,26.35031509399414,26.569902420043945,9563.0,20.33258628845215
2006-09-07,26.977705001831055,26.569902420043945,26.569902420043945,26.977705001831055,54702.0,20.6446590423584
2006-09-08,28.514806747436523,26.883596420288086,26.883596420288086,27.918787002563477,185212.0,21.364818572998047
2006-09-11,28.38932991027832,26.977705001831055,27.918787002563477,28.23248291015625,102042.0,21.604875564575195
2006-09-12,28.23248291015625,27.824678421020508,27.824678421020508,28.23248291015625,121678.0,21.604875564575195
2006-09-13,28.23248291015625,28.23248291015625,28.23248291015625,28.23248291015625,134302.0,21.604875564575195
2006-09-14,28.326589584350586,27.981525421142578,28.23248291015625,28.326589584350586,133250.0,21.676889419555664
2006-09-15,28.420698165893555,27.260028839111328,27.260028839111328,28.420698165893555,39624.0,21.74890899658203
2006-09-18,28.38932991027832,27.761940002441406,28.38932991027832,28.357959747314453,5610.0,21.700895309448242
2006-09-19,28.23248291015625,27.542354583740234,27.887418746948242,27.667831420898438,20083.0,21.172775268554688
2006-09-20,28.29521942138672,27.667831420898438,27.667831420898438,28.29521942138672,35065.0,21.65288734436035
2006-09-21,29.73821449279785,28.23248291015625,28.29521942138672,28.70302391052246,12432.0,21.96495819091797
2006-09-22,28.70302391052246,28.54617691040039,28.54617691040039,28.70302391052246,23271.0,21.96495819091797
2006-09-25,28.734392166137695,28.483436584472656,28.483436584472656,28.70302391052246,21677.0,21.96495819091797
2006-09-26,28.797130584716797,28.671653747558594,28.671653747558594,28.797130584716797,81002.0,22.036972045898438
2006-09-27,29.675474166870117,28.797130584716797,28.797130584716797,29.11082649230957,184574.0,22.277029037475586
2006-09-28,29.079456329345703,28.797130584716797,28.797130584716797,28.85987091064453,27351.0,22.084983825683594
2006-09-29,28.922609329223633,28.70302391052246,28.70302391052246,28.922609329223633,4144.0,22.13299560546875
2006-10-02,29.487258911132812,28.70302391052246,28.70302391052246,28.953977584838867,8288.0,22.156997680664062
2006-10-03,29.361780166625977,28.953977584838867,28.953977584838867,29.330411911010742,122380.0,22.445064544677734
2006-10-04,29.455888748168945,29.11082649230957,29.173564910888672,29.455888748168945,68856.0,22.541086196899414
2006-10-05,29.800952911376953,29.26767349243164,29.58136749267578,29.769582748413086,112848.0,22.781137466430664
2006-10-09,29.769582748413086,29.769582748413086,29.769582748413086,29.769582748413086,0.0,22.781137466430664
2006-10-11,29.800952911376953,29.644105911254883,29.769582748413086,29.800952911376953,94678.0,22.805145263671875
2006-10-12,29.895061492919922,29.769582748413086,29.800952911376953,29.800952911376953,81289.0,22.805145263671875
2006-10-13,29.800952911376953,28.420698165893555,29.800952911376953,28.420698165893555,82054.0,21.74890899658203
2006-10-16,29.299041748046875,28.85987091064453,29.299041748046875,28.985347747802734,98535.0,22.181007385253906
2006-10-17,29.11082649230957,28.70302391052246,28.953977584838867,28.70302391052246,98503.0,21.96495819091797
2006-10-18,28.85987091064453,28.38932991027832,28.38932991027832,28.608915328979492,19636.0,21.892942428588867
2006-10-19,28.797130584716797,28.54617691040039,28.54617691040039,28.608915328979492,34428.0,21.892942428588867
2006-10-20,28.640283584594727,28.54617691040039,28.608915328979492,28.54617691040039,55149.0,21.84493064880371
2006-10-23,28.70302391052246,28.54617691040039,28.54617691040039,28.70302391052246,37935.0,21.96495819091797
2006-10-24,29.0167179107666,28.70302391052246,28.70302391052246,29.0167179107666,50367.0,22.20500946044922
2006-10-25,29.0167179107666,28.671653747558594,29.0167179107666,28.671653747558594,43832.0,21.94095230102539
2006-10-26,28.734392166137695,28.608915328979492,28.671653747558594,28.671653747558594,68729.0,21.94095230102539
2006-10-27,28.734392166137695,28.671653747558594,28.70302391052246,28.671653747558594,46223.0,21.94095230102539
2006-10-30,28.671653747558594,28.54617691040039,28.608915328979492,28.671653747558594,44310.0,21.94095230102539
2006-10-31,29.0167179107666,28.671653747558594,28.671653747558594,28.671653747558594,29806.0,21.94095230102539
2006-11-01,28.922609329223633,28.671653747558594,28.671653747558594,28.70302391052246,5100.0,21.96495819091797
2006-11-02,29.518627166748047,28.608915328979492,28.765762329101562,29.455888748168945,12273.0,22.541086196899414
2006-11-03,29.330411911010742,29.0167179107666,29.173564910888672,29.0167179107666,5100.0,22.20500946044922
2006-11-06,30.114646911621094,28.765762329101562,28.765762329101562,30.08327865600586,240202.0,23.021194458007812
2006-11-07,30.114646911621094,29.204933166503906,30.114646911621094,29.330411911010742,22633.0,22.445064544677734
2006-11-08,30.271493911743164,29.0167179107666,29.236303329467773,29.800952911376953,47339.0,22.805145263671875
2006-11-09,30.585187911987305,29.800952911376953,29.800952911376953,30.428340911865234,165160.0,23.285253524780273
2006-11-10,30.39697265625,28.577545166015625,30.30286407470703,29.487258911132812,43354.0,22.565092086791992
2006-11-13,29.487258911132812,29.0167179107666,29.487258911132812,29.11082649230957,18808.0,22.277029037475586
2006-11-14,30.55381965637207,29.299041748046875,30.271493911743164,30.114646911621094,44533.0,23.04520034790039
2006-11-15,29.957799911499023,29.361780166625977,29.957799911499023,29.361780166625977,2103.0,22.46906852722168
2006-11-16,29.957799911499023,29.361780166625977,29.361780166625977,29.769582748413086,10519.0,22.781137466430664
2006-11-17,29.957799911499023,28.85987091064453,29.957799911499023,29.675474166870117,90470.0,22.709121704101562
2006-11-20,29.675474166870117,29.0167179107666,29.42452049255371,29.675474166870117,59261.0,22.709121704101562
2006-11-21,30.051908493041992,29.549997329711914,29.800952911376953,29.73821449279785,25948.0,22.75713348388672
2006-11-22,31.68311882019043,30.114646911621094,30.271493911743164,31.68311882019043,1108786.0,24.245471954345703
2006-11-23,32.78104782104492,30.271493911743164,32.310508728027344,30.271493911743164,400804.0,23.165225982666016
2006-11-24,31.05573081970215,30.428340911865234,31.05573081970215,30.616558074951172,86708.0,23.42928695678711
2006-11-27,31.52627182006836,30.428340911865234,30.742036819458008,30.773405075073242,135004.0,23.549312591552734
2006-11-28,31.36942481994629,30.585187911987305,30.773405075073242,30.585187911987305,105899.0,23.4052791595459
2006-11-29,31.21257781982422,30.114646911621094,30.773405075073242,30.55381965637207,91490.0,23.381275177001953
2006-11-30,32.624202728271484,31.02436065673828,31.02436065673828,32.624202728271484,203032.0,24.965633392333984
2006-12-01,34.66321563720703,33.09474182128906,34.66321563720703,33.87897872924805,418687.0,25.92584800720215
2006-12-04,34.97690963745117,33.565284729003906,34.349517822265625,34.50636672973633,299463.0,26.405956268310547
2006-12-05,34.82006072998047,32.310508728027344,34.82006072998047,32.310508728027344,152537.0,24.7255802154541
2006-12-06,34.50636672973633,32.310508728027344,32.78104782104492,34.50636672973633,326113.0,26.405956268310547
2006-12-07,36.859073638916016,35.44744873046875,36.545379638671875,36.859073638916016,637149.0,28.20635986328125
2006-12-08,39.36862564086914,37.01592254638672,37.95700454711914,39.36862564086914,2308394.0,30.126794815063477
2006-12-11,40.30971145629883,37.32961654663086,39.68232345581055,38.27069854736328,696410.0,29.286605834960938
2006-12-12,38.27069854736328,35.60429763793945,38.27069854736328,36.07483673095703,376258.0,27.606229782104492
2006-12-13,36.07483673095703,33.565284729003906,35.917991638183594,33.565284729003906,407116.0,25.685794830322266
2006-12-14,34.19267272949219,32.310508728027344,33.09474182128906,32.937896728515625,369946.0,25.2056884765625
2006-12-15,34.50636672973633,33.4084358215332,33.87897872924805,33.565284729003906,233188.0,25.685794830322266
2006-12-18,34.50636672973633,32.937896728515625,33.722129821777344,33.87897872924805,185499.0,25.92584800720215
2006-12-19,34.50636672973633,33.09474182128906,33.87897872924805,33.09474182128906,94678.0,25.325712203979492
2006-12-20,34.035823822021484,33.251590728759766,33.251590728759766,33.565284729003906,185499.0,25.685794830322266
2006-12-21,33.565284729003906,31.8399658203125,33.565284729003906,33.565284729003906,281229.0,25.685794830322266
2006-12-22,33.4084358215332,32.310508728027344,32.310508728027344,33.4084358215332,243708.0,25.565767288208008
2006-12-25,35.60429763793945,32.624202728271484,33.722129821777344,35.60429763793945,448143.0,27.246145248413086
2006-12-26,37.95700454711914,36.07483673095703,36.38853073120117,37.95700454711914,638902.0,29.046552658081055
2006-12-27,37.95700454711914,36.07483673095703,37.95700454711914,36.231685638427734,220422.0,27.726255416870117
2006-12-28,36.231685638427734,34.19267272949219,36.231685638427734,35.76114273071289,265449561.0,27.366174697875977
2006-12-29,37.643310546875,35.29060363769531,35.60429763793945,37.643310546875,233188.0,28.806499481201172
2007-01-02,37.643310546875,35.76114273071289,37.643310546875,35.76114273071289,327165.0,27.366174697875977
2007-01-03,36.70222473144531,35.60429763793945,35.60429763793945,35.917991638183594,56105.0,27.4862060546875
2007-01-04,36.70222473144531,35.44744873046875,35.76114273071289,35.44744873046875,68729.0,27.126117706298828
2007-01-05,37.172767639160156,34.50636672973633,34.97690963745117,35.44744873046875,160251.0,27.126117706298828
2007-01-08,35.76114273071289,34.50636672973633,35.13375473022461,35.44744873046875,35416.0,27.126117706298828
2007-01-09,36.231685638427734,35.13375473022461,35.44744873046875,35.44744873046875,84859.0,27.126117706298828
2007-01-10,34.97690963745117,34.19267272949219,34.19267272949219,34.66321563720703,110107.0,26.525985717773438
2007-01-11,35.76114273071289,34.19267272949219,34.50636672973633,34.19267272949219,223721.0,26.16590118408203
2007-01-12,36.545379638671875,34.035823822021484,34.035823822021484,36.545379638671875,314892.0,27.966310501098633
2007-01-15,37.4864616394043,36.07483673095703,37.4864616394043,36.231685638427734,64521.0,27.726255416870117
2007-01-16,36.231685638427734,35.44744873046875,36.07483673095703,36.231685638427734,72235.0,27.726255416870117
2007-01-17,36.07483673095703,35.44744873046875,35.44744873046875,35.76114273071289,25598.0,27.366174697875977
2007-01-18,36.07483673095703,35.44744873046875,35.44744873046875,35.60429763793945,19636.0,27.246145248413086
2007-01-19,36.07483673095703,35.13375473022461,35.44744873046875,35.76114273071289,46287.0,27.366174697875977
2007-01-22,35.76114273071289,35.13375473022461,35.13375473022461,35.76114273071289,23143.0,27.366174697875977
2007-01-23,35.44744873046875,35.13375473022461,35.29060363769531,35.29060363769531,13325.0,27.00609588623047
2007-01-24,35.44744873046875,35.13375473022461,35.29060363769531,35.29060363769531,26299.0,27.00609588623047
2007-01-25,35.60429763793945,34.50636672973633,35.13375473022461,34.97690963745117,77846.0,26.76603889465332
2007-01-26,36.38853073120117,34.82006072998047,35.13375473022461,34.82006072998047,51196.0,26.646011352539062
2007-01-29,35.60429763793945,35.13375473022461,35.13375473022461,35.44744873046875,32260.0,27.126117706298828
2007-01-30,35.76114273071289,34.82006072998047,35.29060363769531,35.44744873046875,4207.0,27.126117706298828
2007-01-31,35.29060363769531,34.82006072998047,34.97690963745117,34.97690963745117,14026.0,26.76603889465332
2007-02-01,35.60429763793945,34.50636672973633,34.97690963745117,34.50636672973633,17182.0,26.405956268310547
2007-02-02,35.29060363769531,34.50636672973633,34.50636672973633,35.13375473022461,24546.0,26.886066436767578
2007-02-05,36.38853073120117,35.29060363769531,35.29060363769531,36.38853073120117,36468.0,27.846281051635742
2007-02-06,36.38853073120117,35.60429763793945,36.38853073120117,36.38853073120117,43481.0,27.846281051635742
2007-02-07,35.917991638183594,35.13375473022461,35.44744873046875,35.60429763793945,41728.0,27.246145248413086
2007-02-08,35.917991638183594,35.60429763793945,35.60429763793945,35.60429763793945,49092.0,27.246145248413086
2007-02-09,36.70222473144531,35.60429763793945,36.07483673095703,36.07483673095703,42780.0,27.606229782104492
2007-02-12,36.07483673095703,35.13375473022461,36.07483673095703,36.07483673095703,62066.0,27.606229782104492
2007-02-13,36.07483673095703,34.97690963745117,34.97690963745117,35.60429763793945,13675.0,27.246145248413086
2007-02-14,36.38853073120117,35.60429763793945,35.917991638183594,36.38853073120117,56806.0,27.846281051635742
2007-02-26,37.32961654663086,35.917991638183594,36.70222473144531,36.545379638671875,63469.0,27.966310501098633
2007-02-27,36.545379638671875,35.76114273071289,35.917991638183594,35.76114273071289,68028.0,27.366174697875977
2007-03-01,35.76114273071289,34.97690963745117,35.13375473022461,34.97690963745117,64170.0,26.76603889465332
2007-03-02,35.44744873046875,34.66321563720703,35.13375473022461,35.13375473022461,31559.0,26.886066436767578
2007-03-05,35.76114273071289,35.13375473022461,35.29060363769531,35.60429763793945,102392.0,27.246145248413086
2007-03-06,35.917991638183594,35.13375473022461,35.13375473022461,35.917991638183594,43481.0,27.4862060546875
2007-03-07,36.70222473144531,35.76114273071289,35.917991638183594,36.231685638427734,56105.0,27.726255416870117
2007-03-08,36.545379638671875,35.76114273071289,35.917991638183594,36.545379638671875,32260.0,27.966310501098633
2007-03-09,36.70222473144531,35.60429763793945,36.38853073120117,36.231685638427734,23494.0,27.726255416870117
2007-03-12,36.231685638427734,35.60429763793945,36.231685638427734,35.60429763793945,53650.0,27.246145248413086
2007-03-13,35.917991638183594,35.60429763793945,35.76114273071289,35.60429763793945,45936.0,27.246145248413086
2007-03-14,35.60429763793945,34.97690963745117,35.29060363769531,35.13375473022461,56806.0,26.886066436767578
2007-03-15,35.76114273071289,34.82006072998047,35.13375473022461,35.13375473022461,72586.0,26.886066436767578
2007-03-16,35.76114273071289,34.82006072998047,35.13375473022461,35.13375473022461,47339.0,26.886066436767578
2007-03-19,35.13375473022461,34.82006072998047,35.13375473022461,34.82006072998047,53300.0,26.646011352539062
2007-03-20,35.13375473022461,34.82006072998047,34.82006072998047,35.13375473022461,31208.0,26.886066436767578
2007-03-21,35.60429763793945,35.13375473022461,35.13375473022461,35.13375473022461,24896.0,26.886066436767578
2007-03-22,35.44744873046875,35.13375473022461,35.13375473022461,35.29060363769531,29455.0,27.00609588623047
2007-03-23,35.917991638183594,35.29060363769531,35.29060363769531,35.917991638183594,18584.0,27.4862060546875
2007-03-26,37.643310546875,35.76114273071289,35.76114273071289,36.859073638916016,155342.0,28.20635986328125
2007-03-27,36.70222473144531,35.76114273071289,36.70222473144531,36.07483673095703,50845.0,27.606229782104492
2007-03-28,36.38853073120117,35.60429763793945,35.60429763793945,36.231685638427734,34715.0,27.726255416870117
2007-03-29,36.38853073120117,36.07483673095703,36.231685638427734,36.38853073120117,7714.0,27.846281051635742
2007-03-30,35.917991638183594,35.44744873046875,35.76114273071289,35.917991638183594,92574.0,27.4862060546875
2007-04-02,36.07483673095703,35.44744873046875,35.917991638183594,35.76114273071289,102042.0,27.366174697875977
2007-04-03,35.917991638183594,35.44744873046875,35.76114273071289,35.76114273071289,77846.0,27.366174697875977
2007-04-04,37.643310546875,35.76114273071289,35.76114273071289,36.545379638671875,108353.0,27.966310501098633
2007-04-09,37.172767639160156,36.545379638671875,37.172767639160156,37.01592254638672,123432.0,28.326391220092773
2007-04-10,36.70222473144531,35.76114273071289,36.07483673095703,36.545379638671875,30156.0,27.966310501098633
2007-04-11,36.07483673095703,35.76114273071289,35.917991638183594,36.07483673095703,28403.0,27.606229782104492
2007-04-12,36.38853073120117,35.76114273071289,35.76114273071289,36.07483673095703,42780.0,27.606229782104492
2007-04-13,36.545379638671875,36.07483673095703,36.07483673095703,36.38853073120117,73287.0,27.846281051635742
2007-04-16,37.172767639160156,36.70222473144531,37.01592254638672,37.01592254638672,45585.0,28.326391220092773
2007-04-17,39.36862564086914,37.32961654663086,37.32961654663086,37.643310546875,309282.0,28.806499481201172
2007-04-18,38.58439254760742,37.95700454711914,38.27069854736328,37.95700454711914,100990.0,29.046552658081055
2007-04-19,38.11384963989258,37.643310546875,37.95700454711914,37.643310546875,68028.0,28.806499481201172
2007-04-20,38.27069854736328,37.80015563964844,37.80015563964844,37.95700454711914,63118.0,29.046552658081055
2007-04-23,38.42754364013672,37.95700454711914,37.95700454711914,38.27069854736328,81703.0,29.286605834960938
2007-04-24,38.74123764038086,37.80015563964844,38.58439254760742,37.80015563964844,61014.0,28.92652702331543
2007-04-25,37.80015563964844,36.07483673095703,37.80015563964844,36.231685638427734,99236.0,27.726255416870117
2007-04-26,36.70222473144531,36.07483673095703,36.231685638427734,36.38853073120117,49092.0,27.846281051635742
2007-04-27,36.545379638671875,36.07483673095703,36.07483673095703,36.545379638671875,15078.0,27.966310501098633
2007-04-30,38.27069854736328,36.231685638427734,36.38853073120117,38.27069854736328,122730.0,29.286605834960938
2007-05-02,37.643310546875,37.01592254638672,37.01592254638672,37.32961654663086,19987.0,28.566448211669922
2007-05-03,37.4864616394043,36.38853073120117,37.32961654663086,36.859073638916016,27702.0,28.20635986328125
2007-05-04,38.27069854736328,36.859073638916016,37.80015563964844,37.643310546875,93626.0,28.806499481201172
2007-05-07,37.643310546875,36.70222473144531,37.32961654663086,37.643310546875,34715.0,28.806499481201172
2007-05-08,37.80015563964844,36.859073638916016,37.80015563964844,37.643310546875,4558.0,28.806499481201172
2007-05-09,37.80015563964844,36.545379638671875,37.643310546875,36.70222473144531,54001.0,28.086339950561523
2007-05-10,37.01592254638672,36.07483673095703,36.545379638671875,36.859073638916016,57508.0,28.20635986328125
2007-05-11,36.38853073120117,35.917991638183594,36.38853073120117,36.38853073120117,17883.0,27.846281051635742
2007-05-14,36.38853073120117,36.07483673095703,36.38853073120117,36.07483673095703,15078.0,27.606229782104492
2007-05-15,36.38853073120117,35.13375473022461,36.07483673095703,35.13375473022461,29104.0,26.886066436767578
2007-05-16,35.44744873046875,34.82006072998047,35.44744873046875,34.82006072998047,37520.0,26.646011352539062
2007-05-17,35.13375473022461,34.349517822265625,35.13375473022461,35.13375473022461,44884.0,26.886066436767578
2007-05-18,35.13375473022461,34.50636672973633,34.82006072998047,34.50636672973633,55404.0,26.405956268310547
2007-05-21,35.29060363769531,34.66321563720703,34.82006072998047,34.66321563720703,34364.0,26.525985717773438
2007-05-22,35.29060363769531,34.66321563720703,34.82006072998047,34.82006072998047,25948.0,26.646011352539062
2007-05-23,34.82006072998047,34.50636672973633,34.66321563720703,34.82006072998047,97483.0,26.646011352539062
2007-05-24,34.97690963745117,34.66321563720703,34.82006072998047,34.97690963745117,28403.0,26.76603889465332
2007-05-25,34.97690963745117,34.82006072998047,34.82006072998047,34.82006072998047,39273.0,26.646011352539062
2007-05-28,34.82006072998047,34.19267272949219,34.82006072998047,34.19267272949219,110808.0,26.16590118408203
2007-05-29,34.50636672973633,34.035823822021484,34.035823822021484,34.19267272949219,87314.0,26.16590118408203
2007-05-30,34.50636672973633,34.19267272949219,34.19267272949219,34.50636672973633,7363.0,26.405956268310547
2007-05-31,36.07483673095703,34.50636672973633,34.50636672973633,36.07483673095703,25948.0,27.606229782104492
2007-06-01,35.76114273071289,34.82006072998047,35.76114273071289,34.82006072998047,44884.0,26.646011352539062
2007-06-04,34.97690963745117,34.66321563720703,34.97690963745117,34.82006072998047,8065.0,26.646011352539062
2007-06-05,34.82006072998047,34.50636672973633,34.82006072998047,34.82006072998047,12974.0,26.646011352539062
2007-06-06,35.13375473022461,34.50636672973633,34.82006072998047,34.82006072998047,50144.0,26.646011352539062
2007-06-07,35.13375473022461,34.82006072998047,34.82006072998047,35.13375473022461,39273.0,26.886066436767578
2007-06-08,35.44744873046875,34.82006072998047,35.13375473022461,35.13375473022461,81353.0,26.886066436767578
2007-06-11,35.13375473022461,34.82006072998047,34.82006072998047,35.13375473022461,8415.0,26.886066436767578
2007-06-12,35.44744873046875,35.13375473022461,35.13375473022461,35.13375473022461,26299.0,26.886066436767578
2007-06-13,35.13375473022461,34.82006072998047,34.82006072998047,35.13375473022461,27351.0,26.886066436767578
2007-06-14,35.44744873046875,34.82006072998047,35.13375473022461,35.44744873046875,71183.0,27.126117706298828
2007-06-15,36.07483673095703,35.13375473022461,35.44744873046875,35.76114273071289,32962.0,27.366174697875977
2007-06-20,35.76114273071289,35.13375473022461,35.76114273071289,35.76114273071289,11922.0,27.366174697875977
2007-06-21,36.231685638427734,35.60429763793945,35.76114273071289,35.76114273071289,127640.0,27.366174697875977
2007-06-22,36.07483673095703,35.76114273071289,35.76114273071289,36.07483673095703,25247.0,27.606229782104492
2007-06-25,37.172767639160156,35.917991638183594,36.70222473144531,36.70222473144531,65573.0,28.086339950561523
2007-06-26,36.545379638671875,36.231685638427734,36.545379638671875,36.231685638427734,19987.0,27.726255416870117
2007-06-27,36.545379638671875,35.44744873046875,36.07483673095703,36.545379638671875,131848.0,27.966310501098633
2007-06-28,36.545379638671875,35.44744873046875,36.38853073120117,36.545379638671875,257735.0,27.966310501098633
2007-06-29,36.70222473144531,34.66321563720703,36.545379638671875,36.38853073120117,481105.0,27.846281051635742
2007-07-02,38.89808654785156,37.01592254638672,37.01592254638672,38.89808654785156,293853.0,29.766714096069336
2007-07-03,39.36862564086914,38.27069854736328,39.36862564086914,38.89808654785156,251072.0,29.766714096069336
2007-07-04,39.525474548339844,37.01592254638672,37.01592254638672,38.58439254760742,106600.0,29.526662826538086
2007-07-05,40.466556549072266,38.89808654785156,38.89808654785156,39.525474548339844,279125.0,30.246829986572266
2007-07-06,39.525474548339844,38.74123764038086,39.525474548339844,39.525474548339844,53300.0,30.246829986572266
2007-07-09,40.152862548828125,39.054931640625,40.152862548828125,39.68232345581055,107301.0,30.366851806640625
2007-07-10,39.68232345581055,38.58439254760742,38.58439254760742,39.68232345581055,135354.0,30.366851806640625
2007-07-11,39.68232345581055,38.27069854736328,39.2117805480957,39.68232345581055,152887.0,30.366851806640625
2007-07-12,40.152862548828125,38.89808654785156,39.839168548583984,39.525474548339844,112561.0,30.246829986572266
2007-07-13,39.839168548583984,38.27069854736328,39.839168548583984,39.2117805480957,65222.0,30.006772994995117
2007-07-16,40.152862548828125,38.89808654785156,39.2117805480957,39.054931640625,193564.0,29.88673973083496
2007-07-17,41.72133255004883,38.58439254760742,38.58439254760742,41.25079345703125,314191.0,31.567121505737305
2007-07-18,44.074039459228516,41.25079345703125,41.25079345703125,44.074039459228516,410272.0,33.727603912353516
2007-07-19,46.89728927612305,42.976112365722656,44.54458236694336,43.91719436645508,443584.0,33.60758590698242
2007-07-20,45.79935836791992,42.662418365478516,43.91719436645508,45.17197036743164,252475.0,34.56780242919922
2007-07-23,45.642513275146484,44.23088836669922,45.17197036743164,45.0151252746582,175680.0,34.44777297973633
2007-07-24,45.642513275146484,43.2898063659668,43.2898063659668,44.70143127441406,267553.0,34.20771789550781
2007-07-25,44.54458236694336,43.446651458740234,43.446651458740234,43.91719436645508,98535.0,33.60758590698242
2007-07-26,44.074039459228516,42.662418365478516,43.446651458740234,43.91719436645508,321905.0,33.60758590698242
2007-07-27,43.91719436645508,41.40763854980469,42.03502655029297,42.19187545776367,266501.0,32.28728485107422
2007-07-30,42.03502655029297,39.36862564086914,42.03502655029297,41.25079345703125,271761.0,31.567121505737305
2007-07-31,41.40763854980469,40.152862548828125,41.40763854980469,41.09394454956055,96782.0,31.44709587097168
2007-08-01,40.30971145629883,38.27069854736328,40.30971145629883,39.36862564086914,293853.0,30.126794815063477
2007-08-02,39.36862564086914,37.4864616394043,39.2117805480957,38.58439254760742,209694.0,29.526662826538086
2007-08-03,40.780250549316406,38.58439254760742,38.58439254760742,39.525474548339844,195668.0,30.246829986572266
2007-08-06,39.2117805480957,37.643310546875,39.2117805480957,39.2117805480957,240903.0,30.006772994995117
2007-08-07,39.525474548339844,38.11384963989258,38.11384963989258,39.2117805480957,68028.0,30.006772994995117
2007-08-08,39.839168548583984,38.89808654785156,39.2117805480957,39.2117805480957,194966.0,30.006772994995117
2007-08-09,39.36862564086914,38.42754364013672,39.2117805480957,39.2117805480957,176732.0,30.006772994995117
2007-08-10,39.2117805480957,37.80015563964844,39.2117805480957,39.2117805480957,68729.0,30.006772994995117
2007-08-13,39.2117805480957,37.643310546875,39.2117805480957,39.054931640625,68378.0,29.88673973083496
2007-08-14,38.74123764038086,37.80015563964844,38.58439254760742,38.58439254760742,76794.0,29.526662826538086
2007-08-15,37.80015563964844,35.917991638183594,37.80015563964844,37.80015563964844,198824.0,28.92652702331543
2007-08-16,36.38853073120117,35.29060363769531,36.07483673095703,35.917991638183594,131146.0,27.4862060546875
2007-08-17,36.38853073120117,33.87897872924805,35.76114273071289,35.29060363769531,265800.0,27.00609588623047
2007-08-20,37.172767639160156,36.07483673095703,37.172767639160156,36.70222473144531,38572.0,28.086339950561523
2007-08-21,37.01592254638672,36.545379638671875,36.70222473144531,36.859073638916016,114665.0,28.20635986328125
2007-08-22,37.4864616394043,36.545379638671875,37.01592254638672,37.01592254638672,113263.0,28.326391220092773
2007-08-23,37.95700454711914,36.921810150146484,37.6119384765625,37.95700454711914,92736.0,29.046552658081055
2007-08-24,38.12953567504883,37.43940734863281,38.12953567504883,37.95700454711914,32457.0,29.046552658081055
2007-08-27,38.647132873535156,37.43940734863281,38.647132873535156,37.95700454711914,15939.0,29.046552658081055
2007-08-28,38.647132873535156,37.95700454711914,37.95700454711914,38.647132873535156,73319.0,29.57467269897461
2007-08-29,38.302066802978516,37.6119384765625,37.6119384765625,38.302066802978516,37674.0,29.31061553955078
2007-08-30,40.19991683959961,38.302066802978516,38.302066802978516,39.854854583740234,109545.0,30.498882293701172
2007-08-31,40.3724479675293,38.647132873535156,38.647132873535156,40.19991683959961,62597.0,30.7629451751709
2007-09-03,38.99219512939453,38.302066802978516,38.99219512939453,38.81966018676758,45788.0,29.706701278686523
2007-09-04,38.81966018676758,38.302066802978516,38.81966018676758,38.647132873535156,71580.0,29.57467269897461
2007-09-05,38.647132873535156,37.6119384765625,38.647132873535156,37.6119384765625,31298.0,28.782495498657227
2007-09-06,37.6119384765625,37.09434509277344,37.6119384765625,37.266876220703125,63756.0,28.518430709838867
2007-09-07,37.95700454711914,37.266876220703125,37.266876220703125,37.43940734863281,11302.0,28.650461196899414
2007-09-10,37.95700454711914,36.57674789428711,36.7492790222168,37.43940734863281,76797.0,28.650461196899414
2007-09-11,37.78446960449219,36.921810150146484,37.266876220703125,37.266876220703125,15359.0,28.518430709838867
2007-09-12,37.43940734863281,36.921810150146484,37.266876220703125,36.921810150146484,19706.0,28.25437355041504
2007-09-13,37.43940734863281,36.7492790222168,36.921810150146484,36.7492790222168,16228.0,28.122343063354492
2007-09-14,37.266876220703125,36.7492790222168,36.7492790222168,36.921810150146484,5796.0,28.25437355041504
2007-09-17,37.78446960449219,36.921810150146484,37.266876220703125,36.921810150146484,62307.0,28.25437355041504
2007-09-18,36.921810150146484,36.921810150146484,36.921810150146484,36.921810150146484,0.0,28.25437355041504
2007-09-19,37.78446960449219,36.57674789428711,36.921810150146484,36.921810150146484,37964.0,28.25437355041504
2007-09-20,37.6119384765625,36.57674789428711,36.921810150146484,36.921810150146484,38253.0,28.25437355041504
2007-09-21,37.95700454711914,37.09434509277344,37.266876220703125,37.43940734863281,43180.0,28.650461196899414
2007-09-26,38.81966018676758,37.266876220703125,38.81966018676758,37.78446960449219,45498.0,28.914525985717773
2007-09-27,37.78446960449219,37.266876220703125,37.266876220703125,37.78446960449219,13620.0,28.914525985717773
2007-09-28,38.12953567504883,37.266876220703125,38.12953567504883,37.78446960449219,37384.0,28.914525985717773
2007-10-01,38.4745979309082,37.266876220703125,37.6119384765625,37.95700454711914,117079.0,29.046552658081055
2007-10-02,40.544979095458984,37.95700454711914,37.95700454711914,40.544979095458984,187501.0,31.026994705200195
2007-10-03,43.30548858642578,40.544979095458984,41.235107421875,43.30548858642578,336749.0,33.13948059082031
2007-10-04,44.34067916870117,42.0977668762207,43.82308578491211,43.65055465698242,106067.0,33.40353775024414
2007-10-05,46.41106414794922,41.40763854980469,43.65055465698242,45.89346694946289,252127.0,35.11991882324219
2007-10-08,45.89346694946289,42.78789520263672,45.89346694946289,43.132957458496094,161709.0,33.0074462890625
2007-10-09,41.925235748291016,40.19991683959961,41.925235748291016,40.19991683959961,112443.0,30.7629451751709
2007-10-11,41.40763854980469,38.647132873535156,40.19991683959961,39.68232345581055,24053.0,30.366851806640625
2007-10-12,40.3724479675293,36.921810150146484,39.68232345581055,37.43940734863281,375293.0,28.650461196899414
2007-10-15,37.95700454711914,36.231685638427734,37.95700454711914,36.57674789428711,22314.0,27.99031639099121
2007-10-16,37.09434509277344,36.231685638427734,37.09434509277344,36.921810150146484,26951.0,28.25437355041504
2007-10-17,37.95700454711914,36.921810150146484,37.09434509277344,36.921810150146484,49845.0,28.25437355041504
2007-10-18,37.43940734863281,36.7492790222168,36.921810150146484,36.7492790222168,6375.0,28.122343063354492
2007-10-19,37.6119384765625,36.921810150146484,37.266876220703125,36.921810150146484,85491.0,28.25437355041504
2007-10-22,36.921810150146484,35.36902618408203,36.231685638427734,36.921810150146484,93895.0,28.25437355041504
2007-10-23,37.43940734863281,36.05915451049805,36.05915451049805,37.266876220703125,42600.0,28.518430709838867
2007-10-24,37.6119384765625,36.7492790222168,37.266876220703125,37.09434509277344,17967.0,28.38640594482422
2007-10-25,37.09434509277344,36.7492790222168,36.7492790222168,37.09434509277344,33327.0,28.38640594482422
2007-10-26,37.266876220703125,36.57674789428711,37.09434509277344,37.266876220703125,49845.0,28.518430709838867
2007-10-29,37.95700454711914,37.266876220703125,37.266876220703125,37.95700454711914,104908.0,29.046552658081055
2007-10-30,37.6119384765625,36.7492790222168,37.6119384765625,37.266876220703125,21445.0,28.518430709838867
2007-10-31,39.337257385253906,36.921810150146484,37.6119384765625,39.337257385253906,46658.0,30.102794647216797
2007-11-01,38.4745979309082,36.921810150146484,38.4745979309082,37.95700454711914,42600.0,29.046552658081055
2007-11-02,37.43940734863281,36.231685638427734,36.7492790222168,37.09434509277344,13620.0,28.38640594482422
2007-11-05,37.266876220703125,36.231685638427734,36.231685638427734,37.09434509277344,8983.0,28.38640594482422
2007-11-06,37.09434509277344,36.57674789428711,37.09434509277344,37.09434509277344,19416.0,28.38640594482422
2007-11-07,37.266876220703125,36.7492790222168,36.921810150146484,37.09434509277344,33616.0,28.38640594482422
2007-11-08,36.921810150146484,35.02396011352539,36.7492790222168,36.231685638427734,50425.0,27.726255416870117
2007-11-09,36.921810150146484,35.886619567871094,35.886619567871094,36.231685638427734,57090.0,27.726255416870117
2007-11-12,36.921810150146484,34.50636672973633,36.231685638427734,35.196495056152344,73899.0,26.9340763092041
2007-11-13,36.05915451049805,34.50636672973633,35.196495056152344,36.05915451049805,75928.0,27.594226837158203
2007-11-14,36.921810150146484,35.886619567871094,36.05915451049805,36.7492790222168,85781.0,28.122343063354492
2007-11-15,36.57674789428711,35.714088439941406,36.57674789428711,35.886619567871094,51584.0,27.462196350097656
2007-11-16,36.231685638427734,35.196495056152344,35.54155731201172,35.886619567871094,89258.0,27.462196350097656
2007-11-19,36.231685638427734,35.714088439941406,35.886619567871094,36.231685638427734,22604.0,27.726255416870117
2007-11-20,36.231685638427734,35.54155731201172,35.54155731201172,36.231685638427734,19126.0,27.726255416870117
2007-11-21,36.05915451049805,35.54155731201172,36.05915451049805,35.54155731201172,33906.0,27.198137283325195
2007-11-22,35.54155731201172,35.196495056152344,35.54155731201172,35.54155731201172,28110.0,27.198137283325195
2007-11-23,35.886619567871094,34.8514289855957,35.54155731201172,35.36902618408203,47817.0,27.066110610961914
2007-11-26,35.714088439941406,35.36902618408203,35.36902618408203,35.54155731201172,52164.0,27.198137283325195
2007-11-27,36.05915451049805,34.50636672973633,35.54155731201172,35.886619567871094,44049.0,27.462196350097656
2007-11-28,35.886619567871094,35.54155731201172,35.886619567871094,35.886619567871094,26661.0,27.462196350097656
2007-11-29,37.266876220703125,35.02396011352539,35.886619567871094,36.921810150146484,142292.0,28.25437355041504
2007-11-30,37.6119384765625,36.231685638427734,36.921810150146484,37.6119384765625,66364.0,28.782495498657227
2007-12-03,37.6119384765625,36.7492790222168,37.6119384765625,36.921810150146484,50425.0,28.25437355041504
2007-12-04,36.7492790222168,36.05915451049805,36.57674789428711,36.231685638427734,44919.0,27.726255416870117
2007-12-05,36.7492790222168,35.886619567871094,36.231685638427734,36.40421676635742,61727.0,27.85828399658203
2007-12-06,36.7492790222168,35.886619567871094,36.57674789428711,36.40421676635742,44919.0,27.85828399658203
2007-12-07,36.7492790222168,36.40421676635742,36.40421676635742,36.57674789428711,72740.0,27.99031639099121
2007-12-10,36.7492790222168,36.05915451049805,36.57674789428711,36.57674789428711,60858.0,27.99031639099121
2007-12-11,36.57674789428711,36.231685638427734,36.57674789428711,36.231685638427734,105487.0,27.726255416870117
2007-12-12,36.57674789428711,35.886619567871094,36.231685638427734,36.57674789428711,109255.0,27.99031639099121
2007-12-13,36.57674789428711,35.886619567871094,36.57674789428711,35.886619567871094,66074.0,27.462196350097656
2007-12-14,36.57674789428711,34.8514289855957,36.231685638427734,36.57674789428711,97663.0,27.99031639099121
2007-12-17,36.40421676635742,34.50636672973633,36.40421676635742,34.50636672973633,40572.0,26.405956268310547
2007-12-18,35.714088439941406,34.50636672973633,34.8514289855957,35.196495056152344,62307.0,26.9340763092041
2007-12-19,35.54155731201172,34.33383560180664,35.36902618408203,35.196495056152344,49556.0,26.9340763092041
2007-12-20,35.02396011352539,34.16130447387695,35.02396011352539,34.19580841064453,44339.0,26.168304443359375
2007-12-21,33.781734466552734,32.43598556518555,33.781734466552734,33.47117614746094,136496.0,25.613779067993164
2007-12-24,33.47117614746094,31.193754196166992,33.47117614746094,33.436668395996094,92736.0,25.587371826171875
2007-12-25,33.12611389160156,32.090919494628906,32.29795837402344,32.91907501220703,102299.0,25.191282272338867
2007-12-26,32.91907501220703,32.090919494628906,32.78104782104492,32.43598556518555,89838.0,24.82160186767578
2007-12-27,34.2993278503418,32.43598556518555,32.43598556518555,32.95357894897461,88099.0,25.217689514160156
2007-12-28,33.81623840332031,32.50499725341797,32.95357894897461,33.81623840332031,41151.0,25.877838134765625
2007-12-31,34.8514289855957,34.092288970947266,34.2993278503418,34.8514289855957,21445.0,26.67001724243164
2008-01-02,35.714088439941406,34.023277282714844,34.50636672973633,35.02396011352539,55062.0,26.802043914794922
2008-01-03,34.8514289855957,33.88525390625,34.8514289855957,34.50636672973633,24053.0,26.405956268310547
2008-01-04,35.196495056152344,34.50636672973633,34.50636672973633,35.02396011352539,44629.0,26.802043914794922
2008-01-07,35.02396011352539,32.815555572509766,35.02396011352539,32.88456726074219,22604.0,25.164878845214844
2008-01-08,33.36765670776367,33.33314895629883,33.36765670776367,33.33314895629883,15649.0,25.50815200805664
2008-01-09,34.8514289855957,33.33314895629883,34.33383560180664,34.092288970947266,23473.0,26.08908462524414
2008-01-10,34.023277282714844,33.47117614746094,34.023277282714844,33.98876953125,22314.0,26.00986671447754
2008-01-11,34.092288970947266,33.12611389160156,33.98876953125,33.81623840332031,41441.0,25.877838134765625
2008-01-14,34.8514289855957,33.88525390625,34.8514289855957,33.91975784301758,4347.0,25.95705795288086
2008-01-15,35.196495056152344,33.91975784301758,33.91975784301758,34.16130447387695,69262.0,26.14189910888672
2008-01-16,35.02396011352539,34.16130447387695,34.16130447387695,34.50636672973633,25212.0,26.405956268310547
2008-01-17,35.02396011352539,33.67821502685547,34.05778503417969,33.98876953125,33037.0,26.00986671447754
2008-01-18,34.50636672973633,33.91975784301758,34.16130447387695,34.50636672973633,41151.0,26.405956268310547
2008-01-21,36.57674789428711,34.678897857666016,34.678897857666016,35.36902618408203,227204.0,27.066110610961914
2008-01-22,34.50636672973633,32.91907501220703,34.50636672973633,34.16130447387695,78536.0,26.14189910888672
2008-01-23,34.8514289855957,33.12611389160156,34.092288970947266,33.12611389160156,64915.0,25.349720001220703
2008-01-24,34.471858978271484,33.195125579833984,33.98876953125,33.50568389892578,153884.0,25.640186309814453
2008-01-25,34.471858978271484,33.50568389892578,33.50568389892578,33.50568389892578,170982.0,25.640186309814453
2008-01-28,34.05778503417969,31.400793075561523,33.50568389892578,31.400793075561523,24343.0,24.029420852661133
2008-01-29,32.57400894165039,30.74517250061035,32.05641555786133,32.4014778137207,186922.0,24.79519271850586
2008-01-30,32.4014778137207,30.71066665649414,30.814184188842773,32.4014778137207,50425.0,24.79519271850586
2008-01-31,32.43598556518555,30.952211380004883,30.952211380004883,32.43598556518555,10143.0,24.82160186767578
2008-02-01,33.81623840332031,31.15924835205078,33.81623840332031,32.50499725341797,35065.0,24.87441062927246
2008-02-12,32.78104782104492,31.91838836669922,32.4014778137207,32.78104782104492,66074.0,25.08565902709961
2008-02-13,33.0225944519043,32.12542724609375,32.12542724609375,32.608516693115234,4926.0,24.953630447387695
2008-02-14,33.29864501953125,32.366973876953125,32.608516693115234,33.29864501953125,36804.0,25.48175048828125
2008-02-15,33.47117614746094,32.021907806396484,32.43598556518555,33.47117614746094,19126.0,25.613779067993164
2008-02-18,33.47117614746094,32.78104782104492,33.47117614746094,32.78104782104492,3767.0,25.08565902709961
2008-02-19,34.50636672973633,32.95357894897461,32.95357894897461,34.50636672973633,55931.0,26.405956268310547
2008-02-20,34.471858978271484,33.81623840332031,34.33383560180664,34.471858978271484,58250.0,26.379552841186523
2008-02-21,34.50636672973633,33.781734466552734,34.05778503417969,34.50636672973633,35935.0,26.405956268310547
2008-02-22,34.8514289855957,33.74722671508789,33.74722671508789,34.8514289855957,31878.0,26.67001724243164
2008-02-25,35.196495056152344,34.678897857666016,34.8514289855957,35.196495056152344,39992.0,26.9340763092041
2008-02-26,35.54155731201172,34.8514289855957,35.54155731201172,35.54155731201172,108385.0,27.198137283325195
2008-02-27,35.54155731201172,35.02396011352539,35.54155731201172,35.02396011352539,62307.0,26.802043914794922
2008-02-29,37.266876220703125,35.02396011352539,35.02396011352539,37.266876220703125,143451.0,28.518430709838867
2008-03-03,37.95700454711914,36.231685638427734,36.40421676635742,36.231685638427734,63466.0,27.726255416870117
2008-03-04,37.6119384765625,35.714088439941406,36.40421676635742,37.266876220703125,46658.0,28.518430709838867
2008-03-05,39.854854583740234,37.266876220703125,37.266876220703125,39.337257385253906,226335.0,30.102794647216797
2008-03-06,39.337257385253906,36.921810150146484,39.337257385253906,36.921810150146484,157362.0,28.25437355041504
2008-03-07,37.95700454711914,36.921810150146484,36.921810150146484,37.6119384765625,54772.0,28.782495498657227
2008-03-10,37.78446960449219,35.886619567871094,36.921810150146484,35.886619567871094,53323.0,27.462196350097656
2008-03-11,37.78446960449219,36.231685638427734,37.78446960449219,37.266876220703125,59119.0,28.518430709838867
2008-03-12,37.95700454711914,36.57674789428711,37.09434509277344,37.266876220703125,66654.0,28.518430709838867
2008-03-13,37.266876220703125,35.714088439941406,37.09434509277344,36.57674789428711,56511.0,27.99031639099121
2008-03-14,36.57674789428711,35.02396011352539,35.714088439941406,36.231685638427734,54192.0,27.726255416870117
2008-03-17,35.714088439941406,34.50636672973633,34.8514289855957,35.54155731201172,11881.0,27.198137283325195
2008-03-18,35.886619567871094,34.678897857666016,35.36902618408203,35.886619567871094,17967.0,27.462196350097656
2008-03-19,36.05915451049805,34.8514289855957,35.886619567871094,35.714088439941406,48976.0,27.33016586303711
2008-03-20,35.886619567871094,35.02396011352539,35.714088439941406,35.886619567871094,128671.0,27.462196350097656
2008-03-21,36.921810150146484,35.54155731201172,36.231685638427734,36.921810150146484,119398.0,28.25437355041504
2008-03-24,38.81966018676758,37.266876220703125,38.647132873535156,38.4745979309082,131280.0,29.442642211914062
2008-03-25,38.647132873535156,37.266876220703125,38.647132873535156,37.95700454711914,54482.0,29.046552658081055
2008-03-26,38.647132873535156,37.6119384765625,38.302066802978516,38.302066802978516,72450.0,29.31061553955078
2008-03-27,38.647132873535156,37.95700454711914,38.302066802978516,38.302066802978516,113312.0,29.31061553955078
2008-03-28,38.4745979309082,37.6119384765625,38.302066802978516,38.4745979309082,43180.0,29.442642211914062
2008-03-31,38.647132873535156,37.78446960449219,38.647132873535156,38.647132873535156,55352.0,29.57467269897461
2008-04-01,38.4745979309082,37.09434509277344,38.4745979309082,37.78446960449219,32167.0,28.914525985717773
2008-04-02,38.302066802978516,37.266876220703125,38.302066802978516,37.78446960449219,60568.0,28.914525985717773
2008-04-03,37.95700454711914,37.266876220703125,37.95700454711914,37.78446960449219,28110.0,28.914525985717773
2008-04-07,37.95700454711914,37.43940734863281,37.78446960449219,37.78446960449219,31588.0,28.914525985717773
2008-04-08,37.78446960449219,36.7492790222168,37.78446960449219,37.43940734863281,28400.0,28.650461196899414
2008-04-09,38.647132873535156,37.266876220703125,37.6119384765625,37.78446960449219,33616.0,28.914525985717773
2008-04-10,37.95700454711914,37.266876220703125,37.78446960449219,37.78446960449219,30139.0,28.914525985717773
2008-04-11,40.3724479675293,37.43940734863281,37.78446960449219,40.19991683959961,706826.0,30.7629451751709
2008-04-14,42.960426330566406,40.890045166015625,41.235107421875,42.960426330566406,1412203.0,32.87541580200195
2008-04-15,45.89346694946289,42.78789520263672,44.168148040771484,43.82308578491211,1328740.0,33.53556442260742
2008-04-16,43.65055465698242,40.890045166015625,43.478023529052734,41.75270462036133,595252.0,31.951208114624023
2008-04-17,44.513214111328125,41.40763854980469,42.0977668762207,44.513214111328125,1260926.0,34.063690185546875
2008-04-18,46.92865753173828,44.68574523925781,44.8582763671875,44.8582763671875,1264114.0,34.32774353027344
2008-04-21,45.89346694946289,42.0977668762207,45.89346694946289,42.27029800415039,794635.0,32.34729766845703
2008-04-22,43.65055465698242,42.0977668762207,42.0977668762207,43.132957458496094,451510.0,33.0074462890625
2008-04-23,42.960426330566406,41.40763854980469,42.960426330566406,41.75270462036133,243143.0,31.951208114624023
2008-04-24,42.27029800415039,41.06257629394531,41.925235748291016,42.27029800415039,212714.0,32.34729766845703
2008-04-25,42.61536407470703,40.3724479675293,42.61536407470703,41.40763854980469,199383.0,31.687149047851562
2008-04-28,41.58017349243164,40.71751403808594,41.40763854980469,41.235107421875,176199.0,31.55512237548828
2008-04-29,41.40763854980469,38.4745979309082,41.40763854980469,39.16472625732422,218510.0,29.97075843811035
2008-04-30,39.68232345581055,38.12953567504883,39.68232345581055,39.337257385253906,206338.0,30.102794647216797
2008-05-02,39.68232345581055,38.4745979309082,39.68232345581055,38.4745979309082,255605.0,29.442642211914062
2008-05-05,41.06257629394531,38.647132873535156,38.647132873535156,41.06257629394531,340516.0,31.42308807373047
2008-05-06,41.06257629394531,38.99219512939453,41.06257629394531,38.99219512939453,209526.0,29.83873176574707
2008-05-07,40.02738571166992,38.99219512939453,38.99219512939453,39.16472625732422,184603.0,29.97075843811035
2008-05-08,40.3724479675293,38.647132873535156,38.99219512939453,40.3724479675293,165766.0,30.89497184753418
2008-05-09,41.235107421875,40.19991683959961,40.544979095458984,40.3724479675293,166346.0,30.89497184753418
2008-05-12,40.71751403808594,40.02738571166992,40.3724479675293,40.3724479675293,84622.0,30.89497184753418
2008-05-13,41.06257629394531,40.3724479675293,40.3724479675293,40.71751403808594,145770.0,31.159032821655273
2008-05-14,41.06257629394531,39.68232345581055,40.71751403808594,40.02738571166992,123165.0,30.63091278076172
2008-05-15,40.3724479675293,39.854854583740234,40.02738571166992,40.02738571166992,131569.0,30.63091278076172
2008-05-16,40.02738571166992,38.81966018676758,40.02738571166992,40.02738571166992,141423.0,30.63091278076172
2008-05-19,40.02738571166992,38.99219512939453,40.02738571166992,40.02738571166992,143451.0,30.63091278076172
2008-05-20,40.3724479675293,38.81966018676758,40.02738571166992,39.509788513183594,172142.0,30.234821319580078
2008-05-21,39.68232345581055,39.16472625732422,39.509788513183594,39.509788513183594,217930.0,30.234821319580078
2008-05-22,40.19991683959961,38.99219512939453,39.509788513183594,40.19991683959961,191269.0,30.7629451751709
2008-05-23,40.19991683959961,39.16472625732422,40.19991683959961,39.509788513183594,177648.0,30.234821319580078
2008-05-26,39.509788513183594,38.99219512939453,39.509788513183594,39.337257385253906,187501.0,30.102794647216797
2008-05-27,39.509788513183594,38.81966018676758,39.337257385253906,39.16472625732422,162868.0,29.97075843811035
2008-05-28,39.337257385253906,38.647132873535156,39.337257385253906,38.647132873535156,32167.0,29.57467269897461
2008-05-29,39.16472625732422,37.95700454711914,39.16472625732422,38.302066802978516,93026.0,29.31061553955078
2008-05-30,38.647132873535156,37.09434509277344,38.647132873535156,38.302066802978516,203730.0,29.31061553955078
2008-06-02,38.302066802978516,36.7492790222168,38.12953567504883,37.6119384765625,144321.0,28.782495498657227
2008-06-03,37.6119384765625,36.231685638427734,37.09434509277344,36.231685638427734,187211.0,27.726255416870117
2008-06-04,36.40421676635742,35.714088439941406,36.231685638427734,36.40421676635742,159390.0,27.85828399658203
2008-06-05,37.266876220703125,36.05915451049805,36.40421676635742,36.921810150146484,96503.0,28.25437355041504
2008-06-06,37.78446960449219,36.921810150146484,37.09434509277344,37.09434509277344,162578.0,28.38640594482422
2008-06-09,36.57674789428711,35.886619567871094,36.57674789428711,36.231685638427734,128671.0,27.726255416870117
2008-06-10,36.57674789428711,36.05915451049805,36.231685638427734,36.05915451049805,121426.0,27.594226837158203
2008-06-11,36.40421676635742,35.714088439941406,36.05915451049805,36.231685638427734,109255.0,27.726255416870117
2008-06-12,35.886619567871094,34.50636672973633,35.886619567871094,35.196495056152344,252417.0,26.9340763092041
2008-06-13,35.886619567871094,34.678897857666016,35.886619567871094,35.54155731201172,30139.0,27.198137283325195
2008-06-16,35.886619567871094,34.8514289855957,35.886619567871094,35.54155731201172,105197.0,27.198137283325195
2008-06-17,35.54155731201172,33.88525390625,35.54155731201172,34.8514289855957,92736.0,26.67001724243164
2008-06-18,35.196495056152344,34.437355041503906,34.8514289855957,34.8514289855957,62017.0,26.67001724243164
2008-06-19,34.230316162109375,33.54018783569336,34.16130447387695,34.230316162109375,68103.0,26.194711685180664
2008-06-20,34.471858978271484,33.29864501953125,34.471858978271484,34.19580841064453,49845.0,26.168304443359375
2008-06-23,34.16130447387695,33.47117614746094,33.47117614746094,33.643707275390625,39992.0,25.74580955505371
2008-06-24,34.16130447387695,32.78104782104492,33.643707275390625,33.643707275390625,67523.0,25.74580955505371
2008-06-25,33.643707275390625,32.78104782104492,33.643707275390625,33.12611389160156,123165.0,25.349720001220703
2008-06-26,33.436668395996094,32.91907501220703,33.12611389160156,33.436668395996094,98822.0,25.587371826171875
2008-06-27,33.12611389160156,31.74585723876953,33.12611389160156,32.78104782104492,224016.0,25.08565902709961
2008-06-30,32.64302444458008,31.642337799072266,32.64302444458008,32.090919494628906,79115.0,24.557537078857422
2008-07-01,32.090919494628906,29.848007202148438,32.090919494628906,29.848007202148438,119977.0,22.84115219116211
2008-07-02,29.675474166870117,27.777624130249023,29.675474166870117,29.261398315429688,642200.0,22.392250061035156
2008-07-03,28.605777740478516,27.605093002319336,28.29521942138672,28.29521942138672,289511.0,21.65288734436035
2008-07-04,28.985347747802734,27.63960075378418,28.985347747802734,27.63960075378418,117079.0,21.151174545288086
2008-07-07,27.329042434692383,26.67342185974121,26.949472427368164,27.08749771118164,81724.0,20.728675842285156
2008-07-08,27.570587158203125,25.87977409362793,27.570587158203125,25.87977409362793,63176.0,19.804466247558594
2008-07-09,26.08681297302246,24.49951934814453,25.87977409362793,25.155141830444336,57670.0,19.249942779541016
2008-07-10,25.534711837768555,25.155141830444336,25.189647674560547,25.293167114257812,119398.0,19.355566024780273
2008-07-11,25.603723526000977,24.534025192260742,25.534711837768555,25.569217681884766,53903.0,19.566814422607422
2008-07-14,25.569217681884766,25.155141830444336,25.534711837768555,25.569217681884766,44339.0,19.566814422607422
2008-07-15,25.01711654663086,23.80939292907715,24.741064071655273,23.878406524658203,64625.0,18.27292251586914
2008-07-16,23.878406524658203,22.291112899780273,23.878406524658203,23.878406524658203,95924.0,18.27292251586914
2008-07-17,24.46501350402832,23.05025291442871,23.878406524658203,24.46501350402832,59409.0,18.72182273864746
2008-07-18,23.80939292907715,22.774202346801758,23.22278594970703,22.774202346801758,92736.0,17.427932739257812
2008-07-21,23.84389877319336,21.87703514099121,21.87703514099121,23.84389877319336,33037.0,18.246517181396484
2008-07-22,24.05093765258789,23.188278198242188,23.705873489379883,24.01643180847168,15359.0,18.3785457611084
2008-07-23,25.293167114257812,23.671367645263672,23.671367645263672,24.257976531982422,28110.0,18.563390731811523
2008-07-24,24.948102951049805,24.361494064331055,24.49951934814453,24.810077667236328,12751.0,18.985885620117188
2008-07-25,25.84526824951172,23.80939292907715,23.80939292907715,24.948102951049805,29849.0,19.091508865356445
2008-07-28,24.948102951049805,24.948102951049805,24.948102951049805,24.948102951049805,0.0,19.091508865356445
2008-07-29,25.293167114257812,24.706558227539062,25.293167114257812,24.948102951049805,56511.0,19.091508865356445
2008-07-30,25.362178802490234,24.741064071655273,25.362178802490234,25.327672958374023,19416.0,19.381973266601562
2008-07-31,25.707242965698242,25.01711654663086,25.707242965698242,25.50020408630371,5796.0,19.514001846313477
2008-08-01,25.50020408630371,24.87908935546875,25.293167114257812,25.50020408630371,208657.0,19.514001846313477
2008-08-04,25.50020408630371,24.87908935546875,24.87908935546875,25.43119239807129,10722.0,19.461193084716797
2008-08-05,26.017799377441406,24.67205238342285,25.396686553955078,24.67205238342285,53033.0,18.880260467529297
2008-08-06,24.775571823120117,23.80939292907715,24.706558227539062,24.741064071655273,85201.0,18.93307113647461
2008-08-07,24.3960018157959,24.223468780517578,24.257976531982422,24.3960018157959,29849.0,18.66901397705078
2008-08-08,24.49951934814453,23.80939292907715,23.80939292907715,24.257976531982422,69552.0,18.563390731811523
2008-08-11,24.84458351135254,24.292482376098633,24.49951934814453,24.49951934814453,16228.0,18.74822998046875
2008-08-12,24.706558227539062,24.3960018157959,24.534025192260742,24.534025192260742,9273.0,18.774635314941406
2008-08-13,24.534025192260742,24.49951934814453,24.534025192260742,24.534025192260742,68682.0,18.774635314941406
2008-08-14,24.603038787841797,24.46501350402832,24.49951934814453,24.603038787841797,55352.0,18.82744789123535
2008-08-15,24.63754653930664,24.49951934814453,24.603038787841797,24.63754653930664,71291.0,18.85385513305664
2008-08-18,24.63754653930664,24.534025192260742,24.568532943725586,24.63754653930664,82013.0,18.85385513305664
2008-08-19,24.568532943725586,23.878406524658203,24.49951934814453,24.46501350402832,38543.0,18.72182273864746
2008-08-20,24.67205238342285,24.46501350402832,24.46501350402832,24.46501350402832,173301.0,18.72182273864746
2008-08-21,24.534025192260742,24.292482376098633,24.49951934814453,24.534025192260742,51294.0,18.774635314941406
2008-08-22,24.63754653930664,24.534025192260742,24.534025192260742,24.63754653930664,18257.0,18.85385513305664
2008-08-25,25.4656982421875,24.257976531982422,24.257976531982422,24.913597106933594,14200.0,19.065101623535156
2008-08-26,25.01711654663086,24.63754653930664,24.913597106933594,24.948102951049805,3767.0,19.091508865356445
2008-08-27,25.01711654663086,24.84458351135254,25.01711654663086,24.982608795166016,2318.0,19.11791229248047
2008-08-28,24.982608795166016,24.84458351135254,24.982608795166016,24.84458351135254,3187.0,19.012287139892578
2008-08-29,25.4656982421875,24.84458351135254,25.08612823486328,25.08612823486328,31878.0,19.197132110595703
2008-09-01,24.982608795166016,24.775571823120117,24.84458351135254,24.982608795166016,19126.0,19.11791229248047
2008-09-02,25.87977409362793,24.982608795166016,24.982608795166016,25.05162239074707,142292.0,19.170724868774414
2008-09-03,26.776939392089844,25.01711654663086,25.01711654663086,26.776939392089844,333561.0,20.49102020263672
2008-09-04,27.08749771118164,26.224838256835938,27.08749771118164,26.983978271484375,222277.0,20.649457931518555
2008-09-05,26.88045883178711,26.190332412719727,26.46638298034668,26.776939392089844,87520.0,20.49102020263672
2008-09-08,28.226207733154297,26.05230712890625,26.05230712890625,28.08818244934082,43180.0,21.494449615478516
2008-09-09,27.46706771850586,26.397369384765625,27.46706771850586,26.742433547973633,31008.0,20.464616775512695
2008-09-10,27.88114356994629,26.50088882446289,26.50088882446289,27.08749771118164,28110.0,20.728675842285156
2008-09-11,27.88114356994629,26.397369384765625,27.88114356994629,26.776939392089844,68682.0,20.49102020263672
2008-09-12,27.67410659790039,26.742433547973633,26.776939392089844,26.983978271484375,68972.0,20.649457931518555
2008-09-15,26.776939392089844,26.155826568603516,26.293851852416992,26.776939392089844,61148.0,20.49102020263672
2008-09-16,26.811447143554688,25.534711837768555,25.534711837768555,26.776939392089844,360802.0,20.49102020263672
2008-09-17,28.46775245666504,26.569902420043945,26.776939392089844,26.569902420043945,72740.0,20.33258628845215
2008-09-18,26.50088882446289,24.84458351135254,25.534711837768555,25.189647674560547,214163.0,19.276350021362305
2008-09-19,26.224838256835938,25.362178802490234,25.87977409362793,26.224838256835938,20865.0,20.068525314331055
2008-09-22,27.12200355529785,25.707242965698242,25.948787689208984,26.811447143554688,35065.0,20.517431259155273
2008-09-23,27.46706771850586,25.67273712158203,26.88045883178711,27.43256187438965,18257.0,20.992738723754883
2008-09-24,27.43256187438965,26.25934410095215,27.43256187438965,26.328357696533203,8404.0,20.14774513244629
2008-09-25,26.328357696533203,25.189647674560547,25.327672958374023,26.25934410095215,15939.0,20.094934463500977
2008-09-26,26.638914108276367,25.396686553955078,25.396686553955078,26.190332412719727,8983.0,20.04212188720703
2008-09-29,26.190332412719727,26.190332412719727,26.190332412719727,26.190332412719727,0.0,20.04212188720703
2008-09-30,25.948787689208984,24.361494064331055,24.3960018157959,25.948787689208984,51874.0,19.85727882385254
2008-10-01,26.224838256835938,24.361494064331055,25.948787689208984,24.46501350402832,42021.0,18.72182273864746
2008-10-02,24.706558227539062,23.671367645263672,23.947418212890625,24.67205238342285,25792.0,18.880260467529297
2008-10-03,24.706558227539062,23.188278198242188,23.188278198242188,24.706558227539062,4347.0,18.90666389465332
2008-10-06,24.67205238342285,23.291797637939453,24.67205238342285,24.154455184936523,51584.0,18.484167098999023
2008-10-07,24.154455184936523,22.46364402770996,22.46364402770996,24.154455184936523,71291.0,18.484167098999023
2008-10-08,24.154455184936523,22.84321403503418,22.84321403503418,24.154455184936523,25792.0,18.484167098999023
2008-10-09,24.84458351135254,23.188278198242188,23.188278198242188,24.84458351135254,113602.0,19.012287139892578
2008-10-13,23.981924057006836,23.981924057006836,23.981924057006836,23.981924057006836,1449.0,18.352142333984375
2008-10-14,25.534711837768555,23.63686180114746,23.63686180114746,25.534711837768555,118239.0,19.540409088134766
2008-10-15,25.534711837768555,24.84458351135254,25.534711837768555,25.362178802490234,99112.0,19.408376693725586
2008-10-16,25.01711654663086,24.534025192260742,24.706558227539062,25.01711654663086,10432.0,19.14432144165039
2008-10-17,24.87908935546875,24.603038787841797,24.84458351135254,24.87908935546875,12751.0,19.0386962890625
2008-10-20,24.948102951049805,24.01643180847168,24.46501350402832,24.948102951049805,13620.0,19.091508865356445
2008-10-21,25.189647674560547,24.326988220214844,24.87908935546875,24.948102951049805,63466.0,19.091508865356445
2008-10-22,24.84458351135254,24.188962936401367,24.223468780517578,24.67205238342285,18547.0,18.880260467529297
2008-10-23,24.292482376098633,23.80939292907715,23.80939292907715,24.292482376098633,41731.0,18.589794158935547
2008-10-24,24.292482376098633,23.80939292907715,23.981924057006836,24.292482376098633,22024.0,18.589794158935547
2008-10-27,24.292482376098633,23.63686180114746,24.0854434967041,24.292482376098633,56511.0,18.589794158935547
2008-10-28,24.292482376098633,23.119264602661133,24.0854434967041,24.292482376098633,51294.0,18.589794158935547
2008-10-29,25.155141830444336,23.740379333496094,25.155141830444336,24.292482376098633,108965.0,18.589794158935547
2008-10-30,24.84458351135254,23.80939292907715,24.292482376098633,24.257976531982422,67523.0,18.563390731811523
2008-10-31,24.46501350402832,23.80939292907715,24.154455184936523,24.46501350402832,65784.0,18.72182273864746
2008-11-03,24.84458351135254,23.981924057006836,24.46501350402832,24.46501350402832,52454.0,18.72182273864746
2008-11-04,24.84458351135254,24.154455184936523,24.154455184936523,24.49951934814453,6085.0,18.74822998046875
2008-11-05,25.25865936279297,24.154455184936523,24.49951934814453,24.534025192260742,106357.0,18.774635314941406
2008-11-06,24.741064071655273,23.80939292907715,23.80939292907715,24.49951934814453,5796.0,18.74822998046875
2008-11-07,25.25865936279297,24.154455184936523,24.154455184936523,24.49951934814453,22024.0,18.74822998046875
2008-11-10,25.534711837768555,24.603038787841797,25.4656982421875,24.603038787841797,9273.0,18.82744789123535
2008-11-11,25.327672958374023,24.43050765991211,24.534025192260742,25.25865936279297,289.0,19.329158782958984
2008-11-12,24.87908935546875,24.534025192260742,24.706558227539062,24.84458351135254,29559.0,19.012287139892578
2008-11-13,25.327672958374023,24.534025192260742,24.67205238342285,24.84458351135254,16228.0,19.012287139892578
2008-11-14,24.87908935546875,24.67205238342285,24.67205238342285,24.87908935546875,18837.0,19.0386962890625
2008-11-17,25.189647674560547,24.67205238342285,25.01711654663086,25.01711654663086,14779.0,19.14432144165039
2008-11-18,25.08612823486328,24.326988220214844,24.326988220214844,24.84458351135254,53613.0,19.012287139892578
2008-11-19,24.913597106933594,24.568532943725586,24.913597106933594,24.913597106933594,74479008.0,19.065101623535156
2008-11-20,24.603038787841797,24.154455184936523,24.154455184936523,24.603038787841797,37674206.0,18.82744789123535
2008-11-21,24.67205238342285,24.05093765258789,24.05093765258789,24.67205238342285,19706508.0,18.880260467529297
2008-11-24,26.224838256835938,25.534711837768555,26.224838256835938,26.224838256835938,1449.0,20.068525314331055
2008-11-25,25.707242965698242,24.84458351135254,25.534711837768555,25.189647674560547,11592.0,19.276350021362305
2008-11-26,25.224153518676758,24.534025192260742,25.189647674560547,24.84458351135254,99112.0,19.012287139892578
2008-11-27,25.189647674560547,24.84458351135254,24.84458351135254,25.189647674560547,3477.0,19.276350021362305
2008-11-28,25.120634078979492,24.67205238342285,24.741064071655273,25.120634078979492,8114.0,19.22353744506836
2008-12-01,25.120634078979492,24.67205238342285,24.67205238342285,25.120634078979492,82593.0,19.22353744506836
2008-12-02,24.84458351135254,24.534025192260742,24.568532943725586,24.84458351135254,16808.0,19.012287139892578
2008-12-03,24.84458351135254,24.534025192260742,24.67205238342285,24.84458351135254,20865.0,19.012287139892578
2008-12-04,24.775571823120117,24.706558227539062,24.706558227539062,24.775571823120117,21445317.0,18.959476470947266
2008-12-05,24.84458351135254,24.534025192260742,24.741064071655273,24.84458351135254,23473.0,19.012287139892578
2008-12-08,24.84458351135254,24.534025192260742,24.84458351135254,24.84458351135254,23763.0,19.012287139892578
2008-12-09,24.84458351135254,24.43050765991211,24.84458351135254,24.84458351135254,74768809.0,19.012287139892578
2008-12-10,24.87908935546875,24.49951934814453,24.67205238342285,24.87908935546875,88099.0,19.0386962890625
2008-12-11,25.50020408630371,24.63754653930664,25.01711654663086,25.01711654663086,33906.0,19.14432144165039
2008-12-12,25.189647674560547,24.63754653930664,25.120634078979492,24.63754653930664,24343.0,18.85385513305664
2008-12-15,24.84458351135254,24.603038787841797,24.84458351135254,24.84458351135254,8694.0,19.012287139892578
2008-12-16,24.84458351135254,24.49951934814453,24.84458351135254,24.84458351135254,8114.0,19.012287139892578
2008-12-17,25.05162239074707,24.603038787841797,24.810077667236328,25.05162239074707,6955.0,19.170724868774414
2008-12-18,25.08612823486328,24.775571823120117,24.775571823120117,25.08612823486328,1738.0,19.197132110595703
2008-12-19,25.05162239074707,25.05162239074707,25.05162239074707,25.05162239074707,26951547.0,19.170724868774414
2008-12-22,24.84458351135254,24.3960018157959,24.43050765991211,24.810077667236328,65205.0,18.985885620117188
2008-12-23,24.67205238342285,24.326988220214844,24.361494064331055,24.67205238342285,72450.0,18.880260467529297
2008-12-24,25.189647674560547,24.361494064331055,25.189647674560547,24.775571823120117,49556.0,18.959476470947266
2008-12-25,25.189647674560547,24.49951934814453,25.05162239074707,24.84458351135254,87809.0,19.012287139892578
2008-12-26,25.01711654663086,24.43050765991211,25.01711654663086,24.775571823120117,85201.0,18.959476470947266
2008-12-29,24.84458351135254,24.49951934814453,24.84458351135254,24.741064071655273,10432.0,18.93307113647461
2008-12-30,25.01711654663086,24.568532943725586,24.810077667236328,24.810077667236328,62597.0,18.985885620117188
2008-12-31,24.84458351135254,24.49951934814453,24.84458351135254,24.775571823120117,8404.0,18.959476470947266
2009-01-02,24.775571823120117,24.775571823120117,24.775571823120117,24.775571823120117,0.0,18.959476470947266
2009-01-05,24.948102951049805,24.49951934814453,24.84458351135254,24.948102951049805,24343.0,19.091508865356445
2009-01-06,24.948102951049805,24.67205238342285,24.948102951049805,24.948102951049805,33327.0,19.091508865356445
2009-01-07,25.01711654663086,24.67205238342285,24.948102951049805,24.982608795166016,36804.0,19.11791229248047
2009-01-08,24.982608795166016,24.534025192260742,24.982608795166016,24.84458351135254,4347.0,19.012287139892578
2009-01-09,24.948102951049805,24.49951934814453,24.948102951049805,24.84458351135254,34776.0,19.012287139892578
2009-01-12,24.775571823120117,24.49951934814453,24.775571823120117,24.775571823120117,14200.0,18.959476470947266
2009-01-13,24.84458351135254,24.603038787841797,24.775571823120117,24.84458351135254,52164.0,19.012287139892578
2009-01-14,24.84458351135254,24.84458351135254,24.84458351135254,24.84458351135254,17677.0,19.012287139892578
2009-01-15,24.84458351135254,24.534025192260742,24.84458351135254,24.775571823120117,9273.0,18.959476470947266
2009-01-16,24.810077667236328,24.534025192260742,24.741064071655273,24.775571823120117,25502.0,18.959476470947266
2009-01-19,24.775571823120117,24.43050765991211,24.43050765991211,24.775571823120117,4926627.0,18.959476470947266
2009-01-20,24.775571823120117,24.361494064331055,24.775571823120117,24.775571823120117,32747.0,18.959476470947266
2009-01-21,24.84458351135254,24.568532943725586,24.775571823120117,24.775571823120117,28110.0,18.959476470947266
2009-02-02,24.775571823120117,24.361494064331055,24.49951934814453,24.775571823120117,8983.0,18.959476470947266
2009-02-03,24.948102951049805,24.49951934814453,24.84458351135254,24.948102951049805,11012.0,19.091508865356445
2009-02-04,25.01711654663086,24.568532943725586,25.01711654663086,24.84458351135254,22894.0,19.012287139892578
2009-02-05,24.84458351135254,24.49951934814453,24.84458351135254,24.49951934814453,46947.0,18.74822998046875
2009-02-06,25.293167114257812,24.568532943725586,24.84458351135254,24.603038787841797,12171.0,18.82744789123535
2009-02-09,24.84458351135254,24.154455184936523,24.84458351135254,24.775571823120117,11881.0,18.959476470947266
2009-02-10,24.775571823120117,24.49951934814453,24.775571823120117,24.741064071655273,20286.0,18.93307113647461
2009-02-11,24.741064071655273,24.49951934814453,24.741064071655273,24.706558227539062,4636.0,18.90666389465332
2009-02-12,24.741064071655273,24.154455184936523,24.741064071655273,24.63754653930664,11012.0,18.85385513305664
2009-02-13,24.706558227539062,24.223468780517578,24.706558227539062,24.67205238342285,4636.0,18.880260467529297
2009-02-16,24.706558227539062,24.257976531982422,24.706558227539062,24.603038787841797,5216.0,18.82744789123535
2009-02-17,24.603038787841797,24.154455184936523,24.603038787841797,24.49951934814453,6955.0,18.74822998046875
2009-02-18,24.49951934814453,24.188962936401367,24.49951934814453,24.46501350402832,13910.0,18.72182273864746
2009-02-19,24.46501350402832,24.119949340820312,24.119949340820312,24.46501350402832,13910.0,18.72182273864746
2009-02-20,24.49951934814453,24.154455184936523,24.46501350402832,24.46501350402832,16228.0,18.72182273864746
2009-02-23,24.49951934814453,23.981924057006836,24.49951934814453,24.46501350402832,4636.0,18.72182273864746
2009-02-24,24.706558227539062,24.46501350402832,24.46501350402832,24.568532943725586,124614.0,18.801042556762695
2009-02-25,24.67205238342285,24.154455184936523,24.568532943725586,24.568532943725586,19706.0,18.801042556762695
2009-02-26,24.568532943725586,24.223468780517578,24.568532943725586,24.49951934814453,7824.0,18.74822998046875
2009-02-27,24.706558227539062,24.223468780517578,24.568532943725586,24.706558227539062,49845.0,18.90666389465332
2009-03-02,24.67205238342285,24.223468780517578,24.67205238342285,24.49951934814453,18257.0,18.74822998046875
2009-03-03,24.49951934814453,24.0854434967041,24.46501350402832,24.46501350402832,21155.0,18.72182273864746
2009-03-04,24.49951934814453,24.154455184936523,24.154455184936523,24.49951934814453,21155.0,18.74822998046875
2009-03-05,24.534025192260742,24.257976531982422,24.49951934814453,24.534025192260742,19996.0,18.774635314941406
2009-03-06,24.49951934814453,24.223468780517578,24.49951934814453,24.49951934814453,2898.0,18.74822998046875
2009-03-09,24.568532943725586,24.257976531982422,24.568532943725586,24.534025192260742,3767.0,18.774635314941406
2009-03-10,24.63754653930664,24.257976531982422,24.534025192260742,24.46501350402832,11881.0,18.72182273864746
2009-03-11,24.67205238342285,24.49951934814453,24.49951934814453,24.63754653930664,16808.0,18.85385513305664
2009-03-12,24.84458351135254,24.43050765991211,24.67205238342285,24.706558227539062,2608.0,18.90666389465332
2009-03-13,24.84458351135254,24.154455184936523,24.706558227539062,24.810077667236328,22314.0,18.985885620117188
2009-03-16,25.01711654663086,24.568532943725586,24.810077667236328,24.948102951049805,28110.0,19.091508865356445
2009-03-17,24.982608795166016,24.63754653930664,24.948102951049805,24.948102951049805,14490.0,19.091508865356445
2009-03-18,25.155141830444336,24.05093765258789,25.01711654663086,24.46501350402832,92446.0,18.72182273864746
2009-03-19,24.3960018157959,23.84389877319336,23.981924057006836,24.01643180847168,63176.0,18.3785457611084
2009-03-20,24.05093765258789,23.878406524658203,23.947418212890625,24.01643180847168,54482.0,18.3785457611084
2009-03-23,24.257976531982422,23.947418212890625,24.257976531982422,24.154455184936523,17967.0,18.484167098999023
2009-03-24,24.326988220214844,23.22278594970703,24.257976531982422,23.567848205566406,41731.0,18.03527069091797
2009-03-25,24.188962936401367,23.80939292907715,23.80939292907715,24.188962936401367,26082.0,18.510578155517578
2009-03-26,24.49951934814453,24.05093765258789,24.49951934814453,24.326988220214844,37384.0,18.616199493408203
2009-03-27,24.810077667236328,23.878406524658203,24.49951934814453,24.43050765991211,46658.0,18.695417404174805
2009-03-30,24.84458351135254,24.119949340820312,24.84458351135254,24.154455184936523,22604.0,18.484167098999023
2009-03-31,24.361494064331055,22.498151779174805,22.498151779174805,24.257976531982422,38253.0,18.563390731811523
2009-04-02,24.67205238342285,24.154455184936523,24.49951934814453,24.63754653930664,56801.0,18.85385513305664
2009-04-03,24.982608795166016,24.326988220214844,24.706558227539062,24.67205238342285,136206.0,18.880260467529297
2009-04-06,24.810077667236328,24.01643180847168,24.810077667236328,24.223468780517578,130120.0,18.5369815826416
2009-04-07,24.67205238342285,24.01643180847168,24.49951934814453,24.3960018157959,68682.0,18.66901397705078
2009-04-08,24.63754653930664,23.981924057006836,24.49951934814453,24.01643180847168,30718.0,18.3785457611084
2009-04-09,24.326988220214844,24.05093765258789,24.326988220214844,24.223468780517578,103169.0,18.5369815826416
2009-04-10,24.568532943725586,24.154455184936523,24.49951934814453,24.361494064331055,84911.0,18.642606735229492
2009-04-13,26.05230712890625,24.43050765991211,24.43050765991211,26.05230712890625,527728.0,19.936498641967773
2009-04-14,27.260028839111328,26.05230712890625,26.05230712890625,26.707927703857422,432094.0,20.438209533691406
2009-04-15,26.88045883178711,25.707242965698242,26.88045883178711,26.293851852416992,102010.0,20.121341705322266
2009-04-16,26.88045883178711,25.983293533325195,26.88045883178711,26.397369384765625,121137.0,20.200557708740234
2009-04-17,26.742433547973633,24.568532943725586,26.397369384765625,24.67205238342285,173011.0,18.880260467529297
2009-04-20,25.120634078979492,24.188962936401367,24.741064071655273,24.568532943725586,110124.0,18.801042556762695
2009-04-21,24.568532943725586,23.705873489379883,24.49951934814453,24.568532943725586,109834.0,18.801042556762695
2009-04-22,24.67205238342285,23.981924057006836,24.67205238342285,24.154455184936523,100850.0,18.484167098999023
2009-04-23,25.84526824951172,23.878406524658203,24.154455184936523,24.154455184936523,63466.0,18.484167098999023
2009-04-24,24.46501350402832,23.740379333496094,24.361494064331055,24.223468780517578,35935.0,18.5369815826416
2009-04-27,24.188962936401367,23.80939292907715,24.154455184936523,24.154455184936523,31008.0,18.484167098999023
2009-04-28,23.981924057006836,23.326303482055664,23.80939292907715,23.705873489379883,80854.0,18.140893936157227
2009-04-29,24.292482376098633,23.119264602661133,23.46432876586914,24.223468780517578,78246.0,18.5369815826416
2009-04-30,25.120634078979492,24.292482376098633,24.326988220214844,24.84458351135254,227494.0,19.012287139892578
2009-05-04,25.50020408630371,25.01711654663086,25.01711654663086,25.189647674560547,220249.0,19.276350021362305
2009-05-05,25.707242965698242,24.43050765991211,25.362178802490234,24.67205238342285,56801.0,18.880260467529297
2009-05-06,25.87977409362793,24.67205238342285,24.67205238342285,25.25865936279297,55352.0,19.329158782958984
2009-05-07,25.87977409362793,24.84458351135254,25.396686553955078,25.327672958374023,93605.0,19.381973266601562
2009-05-08,26.707927703857422,25.189647674560547,26.707927703857422,25.707242965698242,178227.0,19.672439575195312
2009-05-11,25.87977409362793,25.155141830444336,25.87977409362793,25.362178802490234,46947.0,19.408376693725586
2009-05-12,25.362178802490234,24.534025192260742,25.362178802490234,24.84458351135254,95634.0,19.012287139892578
2009-05-13,25.362178802490234,24.49951934814453,25.01711654663086,24.87908935546875,32747.0,19.0386962890625
2009-05-14,24.87908935546875,24.49951934814453,24.84458351135254,24.706558227539062,34486.0,18.90666389465332
2009-05-15,25.43119239807129,24.49951934814453,24.49951934814453,25.396686553955078,94475.0,19.434785842895508
2009-05-18,25.776256561279297,25.05162239074707,25.707242965698242,25.4656982421875,82883.0,19.48759651184082
2009-05-19,26.67342185974121,25.569217681884766,25.810762405395508,26.569902420043945,250678.0,20.33258628845215
2009-05-20,28.398740768432617,26.569902420043945,26.569902420043945,28.398740768432617,539320.0,21.73210334777832
2009-05-21,28.640283584594727,26.8459529876709,28.398740768432617,27.7086124420166,321679.0,21.203983306884766
2009-05-22,27.605093002319336,26.638914108276367,27.605093002319336,27.43256187438965,178517.0,20.992738723754883
2009-05-25,28.950841903686523,27.329042434692383,27.329042434692383,28.88182830810547,306030.0,22.10178565979004
2009-05-26,29.675474166870117,28.329727172851562,28.88182830810547,29.50294303894043,256184.0,22.57709503173828
2009-05-27,31.400793075561523,29.330411911010742,29.50294303894043,31.021223068237305,251837.0,23.738956451416016
2009-06-01,31.57332420349121,30.71066665649414,31.05573081970215,31.15924835205078,168954.0,23.84457778930664
2009-06-02,31.50431251525879,29.192386627197266,29.192386627197266,30.365602493286133,104908.0,23.23724365234375
2009-06-03,30.365602493286133,28.29521942138672,30.365602493286133,29.778993606567383,92446.0,22.788339614868164
2009-06-04,29.571956634521484,28.364233016967773,29.571956634521484,28.364233016967773,57960.0,21.705698013305664
2009-06-05,29.330411911010742,28.53676414489746,29.330411911010742,28.67479133605957,22894.0,21.9433536529541
2009-06-08,29.675474166870117,27.67410659790039,29.364917755126953,27.9156494140625,52743.0,21.36241912841797
2009-06-09,27.605093002319336,25.983293533325195,27.605093002319336,26.776939392089844,74189.0,20.49102020263672
2009-06-10,27.12200355529785,25.84526824951172,27.12200355529785,25.87977409362793,30718.0,19.804466247558594
2009-06-11,26.569902420043945,25.120634078979492,26.569902420043945,25.948787689208984,86940.0,19.85727882385254
2009-06-12,26.397369384765625,25.01711654663086,26.397369384765625,25.948787689208984,124035.0,19.85727882385254
2009-06-15,27.7086124420166,26.121318817138672,27.7086124420166,26.224838256835938,179387.0,20.068525314331055
2009-06-16,27.018484115600586,26.05230712890625,26.88045883178711,27.018484115600586,75348.0,20.67586326599121
2009-06-17,28.88182830810547,27.329042434692383,27.63960075378418,28.46775245666504,346312.0,21.784914016723633
2009-06-18,29.157880783081055,27.950157165527344,28.08818244934082,28.571271896362305,182575.0,21.864133834838867
2009-06-19,29.571956634521484,27.63960075378418,29.2959041595459,28.985347747802734,134467.0,22.181007385253906
2009-06-22,30.572641372680664,29.330411911010742,30.020538330078125,29.813501358032227,137945.0,22.814748764038086
2009-06-23,29.675474166870117,27.950157165527344,29.675474166870117,28.29521942138672,144321.0,21.65288734436035
2009-06-24,29.537450790405273,28.29521942138672,28.571271896362305,29.157880783081055,59409.0,22.313032150268555
2009-06-25,29.2959041595459,28.67479133605957,29.157880783081055,29.12337303161621,67523.0,22.28662872314453
2009-06-26,29.2959041595459,28.29521942138672,29.2959041595459,28.985347747802734,60568.0,22.181007385253906
2009-06-29,29.157880783081055,28.0191707611084,29.157880783081055,28.640283584594727,22604.0,21.91694450378418
2009-06-30,28.91633415222168,27.984663009643555,28.91633415222168,28.571271896362305,34196.0,21.864133834838867
2009-07-01,28.70929718017578,27.63960075378418,28.70929718017578,28.53676414489746,64915.0,21.837724685668945
2009-07-02,28.46775245666504,27.9156494140625,28.398740768432617,28.433246612548828,70421.0,21.75851058959961
2009-07-03,28.260713577270508,27.294536590576172,28.260713577270508,27.777624130249023,54482.0,21.25679588317871
2009-07-06,27.9156494140625,27.294536590576172,27.294536590576172,27.9156494140625,38833.0,21.36241912841797
2009-07-07,28.226207733154297,27.67410659790039,28.226207733154297,28.0191707611084,35355.0,21.441640853881836
2009-07-08,28.0191707611084,27.605093002319336,27.9156494140625,27.777624130249023,42021.0,21.25679588317871
2009-07-09,28.12268829345703,27.605093002319336,27.9156494140625,28.0191707611084,97373.0,21.441640853881836
2009-07-10,28.46775245666504,27.950157165527344,28.12268829345703,28.226207733154297,84332.0,21.600072860717773
2009-07-13,28.260713577270508,26.949472427368164,28.260713577270508,27.7086124420166,75638.0,21.203983306884766
2009-07-14,28.0191707611084,27.260028839111328,28.0191707611084,27.605093002319336,31878.0,21.124765396118164
2009-07-15,27.950157165527344,27.43256187438965,27.846637725830078,27.777624130249023,177068.0,21.25679588317871
2009-07-16,28.05367660522461,27.50157356262207,27.777624130249023,27.88114356994629,126063.0,21.336013793945312
2009-07-17,28.08818244934082,27.605093002319336,28.08818244934082,27.846637725830078,29559.0,21.309606552124023
2009-07-20,28.226207733154297,27.605093002319336,28.05367660522461,28.226207733154297,85781.0,21.600072860717773
2009-07-21,28.50225830078125,27.7086124420166,28.433246612548828,28.226207733154297,110994.0,21.600072860717773
2009-07-22,28.433246612548828,27.950157165527344,28.12268829345703,28.191701889038086,75348.0,21.573665618896484
2009-07-23,28.191701889038086,27.812131881713867,28.191701889038086,27.812131881713867,34486.0,21.283203125
2009-07-24,28.226207733154297,27.88114356994629,28.226207733154297,28.0191707611084,39123.0,21.441640853881836
2009-07-27,28.260713577270508,27.846637725830078,28.260713577270508,28.12268829345703,38253.0,21.520854949951172
2009-07-28,28.29521942138672,27.812131881713867,28.260713577270508,28.29521942138672,39123.0,21.65288734436035
2009-07-29,28.433246612548828,27.777624130249023,28.433246612548828,28.08818244934082,137945.0,21.494449615478516
2009-07-30,28.29521942138672,27.846637725830078,28.29521942138672,28.0191707611084,33327.0,21.441640853881836
2009-07-31,28.29521942138672,27.846637725830078,28.191701889038086,28.29521942138672,77956.0,21.65288734436035
2009-08-03,28.29521942138672,27.88114356994629,28.226207733154297,28.226207733154297,157652.0,21.600072860717773
2009-08-04,28.743803024291992,28.12268829345703,28.226207733154297,28.226207733154297,293569.0,21.600072860717773
2009-08-05,28.91633415222168,28.12268829345703,28.29521942138672,28.29521942138672,249229.0,21.65288734436035
2009-08-06,28.50225830078125,28.0191707611084,28.29521942138672,28.191701889038086,139104.0,21.573665618896484
2009-08-07,28.191701889038086,28.191701889038086,28.191701889038086,28.191701889038086,0.0,21.573665618896484
2009-08-10,28.364233016967773,28.05367660522461,28.29521942138672,28.260713577270508,100561.0,21.62647819519043
2009-08-11,28.778310775756836,28.29521942138672,28.50225830078125,28.50225830078125,177068.0,21.811321258544922
2009-08-12,28.50225830078125,27.950157165527344,28.46775245666504,28.29521942138672,110124.0,21.65288734436035
2009-08-13,28.433246612548828,28.12268829345703,28.364233016967773,28.12268829345703,14490.0,21.520854949951172
2009-08-14,28.950841903686523,28.08818244934082,28.29521942138672,28.364233016967773,104038.0,21.705698013305664
2009-08-17,28.364233016967773,27.950157165527344,28.364233016967773,28.05367660522461,36804.0,21.46804428100586
2009-08-18,28.05367660522461,27.018484115600586,27.812131881713867,27.50157356262207,66654.0,21.045549392700195
2009-08-19,27.53607940673828,26.983978271484375,27.50157356262207,27.225522994995117,59409.0,20.834300994873047
2009-08-20,27.260028839111328,26.50088882446289,27.260028839111328,26.88045883178711,55352.0,20.570241928100586
2009-08-21,27.05299186706543,26.742433547973633,27.05299186706543,26.742433547973633,41151.0,20.464616775512695
2009-08-24,27.43256187438965,26.604408264160156,26.742433547973633,27.43256187438965,24633.0,20.992738723754883
2009-08-25,27.743118286132812,26.776939392089844,27.43256187438965,27.260028839111328,84622.0,20.860706329345703
2009-08-26,27.50157356262207,26.46638298034668,27.50157356262207,26.46638298034668,12751.0,20.253368377685547
2009-08-27,26.914966583251953,26.67342185974121,26.914966583251953,26.914966583251953,17098.0,20.596647262573242
2009-08-28,27.743118286132812,26.914966583251953,27.260028839111328,27.156509399414062,130410.0,20.78148651123047
2009-08-31,27.260028839111328,26.638914108276367,27.156509399414062,27.08749771118164,26661.0,20.728675842285156
2009-09-01,27.08749771118164,25.603723526000977,25.603723526000977,26.914966583251953,29269.0,20.596647262573242
2009-09-02,27.398054122924805,26.638914108276367,26.776939392089844,27.191017150878906,47237.0,20.80789566040039
2009-09-03,27.363548278808594,26.811447143554688,27.191017150878906,27.08749771118164,81724.0,20.728675842285156
2009-09-04,27.812131881713867,26.983978271484375,27.12200355529785,27.260028839111328,51005.0,20.860706329345703
2009-09-07,27.812131881713867,27.260028839111328,27.260028839111328,27.777624130249023,60858.0,21.25679588317871
2009-09-08,28.640283584594727,27.605093002319336,28.05367660522461,28.640283584594727,137365.0,21.91694450378418
2009-09-09,28.91633415222168,27.67410659790039,28.91633415222168,27.67410659790039,88389.0,21.17757797241211
2009-09-10,28.364233016967773,27.67410659790039,27.67410659790039,27.777624130249023,150696.0,21.25679588317871
2009-09-11,28.157194137573242,27.63960075378418,27.812131881713867,27.88114356994629,22604.0,21.336013793945312
2009-09-14,27.88114356994629,27.43256187438965,27.88114356994629,27.53607940673828,17388.0,21.07195281982422
2009-09-15,27.743118286132812,27.43256187438965,27.43256187438965,27.605093002319336,29269.0,21.124765396118164
2009-09-16,27.984663009643555,27.777624130249023,27.777624130249023,27.9156494140625,65205.0,21.36241912841797
2009-09-17,28.29521942138672,27.9156494140625,27.9156494140625,27.950157165527344,103748.0,21.388826370239258
2009-09-18,28.226207733154297,27.950157165527344,28.226207733154297,27.950157165527344,48976.0,21.388826370239258
2009-09-21,28.12268829345703,27.950157165527344,27.984663009643555,27.984663009643555,89548.0,21.41522979736328
2009-09-22,28.226207733154297,27.777624130249023,28.0191707611084,28.0191707611084,48686.0,21.441640853881836
2009-09-23,28.12268829345703,27.846637725830078,28.0191707611084,27.950157165527344,57090.0,21.388826370239258
2009-09-24,27.812131881713867,27.50157356262207,27.67410659790039,27.7086124420166,32457.0,21.203983306884766
2009-09-25,27.777624130249023,27.363548278808594,27.7086124420166,27.777624130249023,31298.0,21.25679588317871
2009-09-28,28.12268829345703,27.67410659790039,28.0191707611084,28.12268829345703,8114.0,21.520854949951172
2009-09-29,28.12268829345703,27.846637725830078,27.950157165527344,27.846637725830078,30429.0,21.309606552124023
2009-09-30,28.08818244934082,27.812131881713867,27.950157165527344,28.05367660522461,33037.0,21.46804428100586
2009-10-01,28.157194137573242,27.812131881713867,28.0191707611084,28.08818244934082,31008.0,21.494449615478516
2009-10-02,27.9156494140625,27.53607940673828,27.53607940673828,27.88114356994629,14490.0,21.336013793945312
2009-10-05,27.846637725830078,27.53607940673828,27.67410659790039,27.846637725830078,47237.0,21.309606552124023
2009-10-06,27.950157165527344,27.67410659790039,27.950157165527344,27.950157165527344,47237.0,21.388826370239258
2009-10-07,28.05367660522461,27.743118286132812,27.9156494140625,27.984663009643555,39123.0,21.41522979736328
2009-10-08,28.985347747802734,27.329042434692383,28.985347747802734,28.08818244934082,66074.0,21.494449615478516
2009-10-09,28.226207733154297,27.846637725830078,28.05367660522461,28.0191707611084,42890.0,21.441640853881836
2009-10-12,28.226207733154297,27.984663009643555,28.0191707611084,28.191701889038086,52164.0,21.573665618896484
2009-10-13,28.29521942138672,27.984663009643555,28.29521942138672,28.260713577270508,54482.0,21.62647819519043
2009-10-14,28.433246612548828,28.05367660522461,28.05367660522461,28.260713577270508,33037.0,21.62647819519043
2009-10-15,28.88182830810547,28.260713577270508,28.640283584594727,28.50225830078125,93895.0,21.811321258544922
2009-10-16,28.640283584594727,28.226207733154297,28.50225830078125,28.605777740478516,96793.0,21.890539169311523
2009-10-19,28.70929718017578,28.398740768432617,28.605777740478516,28.605777740478516,99981.0,21.890539169311523
2009-10-20,30.607147216796875,28.605777740478516,28.91633415222168,30.607147216796875,439918.0,23.422082901000977
2009-10-21,32.43598556518555,30.74517250061035,30.74517250061035,32.159934997558594,590036.0,24.610353469848633
2009-10-22,32.29795837402344,31.469806671142578,32.159934997558594,32.29795837402344,357904.0,24.715974807739258
2009-10-23,33.09160614013672,32.366973876953125,32.366973876953125,32.57400894165039,311536.0,24.927223205566406
2009-10-26,32.43598556518555,31.50431251525879,32.43598556518555,31.57332420349121,170113.0,24.161449432373047
2009-10-27,31.71135139465332,30.193071365356445,31.09023666381836,30.779678344726562,109545.0,23.554113388061523
2009-10-28,30.74517250061035,30.055044174194336,30.71066665649414,30.055044174194336,41731.0,22.999589920043945
2009-10-29,29.70998191833496,28.433246612548828,28.985347747802734,28.70929718017578,71291.0,21.969758987426758
2009-10-30,29.330411911010742,28.812816619873047,29.05436134338379,29.157880783081055,123745.0,22.313032150268555
2009-11-02,28.950841903686523,27.984663009643555,28.640283584594727,28.88182830810547,40862.0,22.10178565979004
2009-11-03,29.46843719482422,28.46775245666504,28.46775245666504,29.157880783081055,15649.0,22.313032150268555
2009-11-04,29.50294303894043,29.019853591918945,29.2959041595459,29.330411911010742,23184.0,22.445064544677734
2009-11-05,29.50294303894043,28.640283584594727,29.330411911010742,29.192386627197266,115920.0,22.339441299438477
2009-11-06,29.571956634521484,28.847322463989258,29.571956634521484,29.261398315429688,109255.0,22.392250061035156
2009-11-09,29.917020797729492,29.261398315429688,29.261398315429688,29.744487762451172,104618.0,22.761938095092773
2009-11-10,30.227577209472656,29.675474166870117,29.986032485961914,29.917020797729492,149537.0,22.893966674804688
2009-11-11,30.193071365356445,29.744487762451172,30.020538330078125,30.020538330078125,126933.0,22.973182678222656
2009-11-12,30.71066665649414,30.08955192565918,30.193071365356445,30.53813362121582,218220.0,23.36927032470703
2009-11-13,30.4691219329834,30.08955192565918,30.365602493286133,30.12405776977539,164027.0,23.052400588989258
2009-11-16,30.400108337402344,30.12405776977539,30.12405776977539,30.193071365356445,126063.0,23.105213165283203
2009-11-17,30.67616081237793,30.055044174194336,30.227577209472656,30.262083053588867,143451.0,23.158023834228516
2009-11-18,32.090919494628906,30.74517250061035,32.090919494628906,31.05573081970215,170982.0,23.765361785888672
2009-11-19,31.15924835205078,30.779678344726562,31.05573081970215,30.814184188842773,148958.0,23.58051872253418
2009-11-20,30.71066665649414,29.675474166870117,30.71066665649414,30.29659080505371,139394.0,23.184431076049805
2009-11-23,30.4691219329834,29.951526641845703,30.29659080505371,30.331096649169922,133018.0,23.21083641052246
2009-11-24,30.641653060913086,29.330411911010742,30.400108337402344,30.29659080505371,62307.0,23.184431076049805
2009-11-25,30.29659080505371,29.675474166870117,30.193071365356445,30.12405776977539,67233.0,23.052400588989258
2009-11-26,30.08955192565918,29.606462478637695,30.08955192565918,29.848007202148438,30429.0,22.84115219116211
2009-11-27,29.70998191833496,28.985347747802734,29.70998191833496,28.985347747802734,122006.0,22.181007385253906
2009-11-30,29.606462478637695,28.812816619873047,28.812816619873047,29.571956634521484,86650.0,22.629905700683594
2009-12-01,31.021223068237305,29.192386627197266,29.571956634521484,30.641653060913086,52164.0,23.448490142822266
2009-12-02,30.641653060913086,30.331096649169922,30.641653060913086,30.365602493286133,144900.0,23.23724365234375
2009-12-03,30.331096649169922,29.640968322753906,30.331096649169922,30.020538330078125,44629.0,22.973182678222656
2009-12-04,30.71066665649414,29.50294303894043,29.848007202148438,30.193071365356445,51005.0,23.105213165283203
2009-12-07,30.641653060913086,30.055044174194336,30.227577209472656,30.641653060913086,108385.0,23.448490142822266
2009-12-08,30.641653060913086,29.70998191833496,29.70998191833496,30.4691219329834,71580.0,23.31645965576172
2009-12-09,30.572641372680664,29.986032485961914,30.4691219329834,30.434614181518555,75058.0,23.290054321289062
2009-12-10,30.365602493286133,29.019853591918945,30.365602493286133,30.12405776977539,143741.0,23.052400588989258
2009-12-11,30.193071365356445,29.433931350708008,29.986032485961914,30.12405776977539,159680.0,23.052400588989258
2009-12-14,30.193071365356445,29.778993606567383,30.12405776977539,30.12405776977539,175619.0,23.052400588989258
2009-12-15,30.12405776977539,29.744487762451172,30.12405776977539,30.020538330078125,86360.0,22.973182678222656
2009-12-16,30.12405776977539,29.744487762451172,29.88251304626465,30.020538330078125,36515.0,22.973182678222656
2009-12-17,30.227577209472656,29.848007202148438,29.848007202148438,30.055044174194336,71580.0,22.999589920043945
2009-12-18,30.53813362121582,29.778993606567383,30.020538330078125,30.53813362121582,93316.0,23.36927032470703
2009-12-21,30.814184188842773,30.400108337402344,30.814184188842773,30.779678344726562,28400.0,23.554113388061523
2009-12-22,31.74585723876953,30.71066665649414,31.74585723876953,30.848691940307617,27531.0,23.60692596435547
2009-12-23,31.09023666381836,30.641653060913086,30.848691940307617,30.952211380004883,73319.0,23.68614387512207
2009-12-24,30.952211380004883,30.365602493286133,30.952211380004883,30.67616081237793,117369.0,23.474897384643555
2009-12-25,30.71066665649414,30.400108337402344,30.641653060913086,30.71066665649414,97083.0,23.50130271911621
2009-12-28,31.228261947631836,30.53813362121582,31.228261947631836,31.05573081970215,46078.0,23.765361785888672
2009-12-29,31.05573081970215,30.641653060913086,31.05573081970215,30.883197784423828,53903.0,23.633331298828125
2009-12-30,30.952211380004883,30.572641372680664,30.71066665649414,30.952211380004883,28980.0,23.68614387512207
2009-12-31,31.05573081970215,30.331096649169922,30.952211380004883,30.331096649169922,202571.0,23.21083641052246
2010-01-04,31.74585723876953,30.331096649169922,30.365602493286133,31.05573081970215,219959.0,23.765361785888672
2010-01-05,31.400793075561523,30.055044174194336,31.400793075561523,30.779678344726562,84622.0,23.554113388061523
2010-01-06,31.3317813873291,30.50362777709961,31.3317813873291,30.883197784423828,108385.0,23.633331298828125
2010-01-07,31.297273635864258,30.50362777709961,30.883197784423828,30.986717224121094,92156.0,23.71255111694336
2010-01-08,31.849376678466797,30.779678344726562,30.779678344726562,31.262767791748047,333271.0,23.923797607421875
2010-01-11,31.607831954956055,31.262767791748047,31.538818359375,31.469806671142578,105197.0,24.082231521606445
2010-01-12,31.469806671142578,31.05573081970215,31.469806671142578,31.3317813873291,65784.0,23.97661018371582
2010-01-13,31.435300827026367,30.883197784423828,31.3317813873291,31.400793075561523,106936.0,24.029420852661133
2010-01-14,31.57332420349121,31.15924835205078,31.538818359375,31.3317813873291,71291.0,23.97661018371582
2010-01-15,31.469806671142578,31.228261947631836,31.469806671142578,31.366287231445312,94475.0,24.00301742553711
2010-01-18,32.4014778137207,31.297273635864258,31.297273635864258,32.4014778137207,180836.0,24.79519271850586
2010-01-19,32.50499725341797,31.607831954956055,32.4014778137207,32.090919494628906,137945.0,24.557537078857422
2010-01-20,32.159934997558594,31.538818359375,32.159934997558594,31.74585723876953,103459.0,24.293481826782227
2010-01-21,31.57332420349121,31.15924835205078,31.228261947631836,31.469806671142578,79985.0,24.082231521606445
2010-01-22,31.228261947631836,30.572641372680664,31.05573081970215,30.91770362854004,98532.0,23.659738540649414
2010-01-25,30.848691940307617,29.848007202148438,30.365602493286133,30.29659080505371,76507.0,23.184431076049805
2010-01-26,30.572641372680664,28.640283584594727,30.50362777709961,29.399423599243164,88099.0,22.497873306274414
2010-01-27,29.330411911010742,28.847322463989258,28.847322463989258,29.330411911010742,78246.0,22.445064544677734
2010-01-28,29.986032485961914,29.330411911010742,29.50294303894043,29.951526641845703,46078.0,22.920372009277344
2010-01-29,29.640968322753906,29.12337303161621,29.12337303161621,29.571956634521484,25502.0,22.629905700683594
2010-02-01,29.848007202148438,29.364917755126953,29.640968322753906,29.70998191833496,83752.0,22.73552703857422
2010-02-02,29.778993606567383,29.261398315429688,29.640968322753906,29.537450790405273,19126.0,22.603500366210938
2010-02-03,30.055044174194336,29.05436134338379,29.986032485961914,29.640968322753906,84332.0,22.682716369628906
2010-02-04,29.88251304626465,29.261398315429688,29.744487762451172,29.640968322753906,62307.0,22.682716369628906
2010-02-05,29.330411911010742,28.12268829345703,29.330411911010742,28.12268829345703,118239.0,21.520854949951172
2010-02-08,28.191701889038086,27.67410659790039,27.67410659790039,28.12268829345703,35645.0,21.520854949951172
2010-02-09,28.70929718017578,28.157194137573242,28.226207733154297,28.640283584594727,84042.0,21.91694450378418
2010-02-10,29.05436134338379,28.157194137573242,29.05436134338379,28.70929718017578,110994.0,21.969758987426758
2010-02-22,28.847322463989258,28.226207733154297,28.847322463989258,28.50225830078125,59409.0,21.811321258544922
2010-02-23,28.847322463989258,28.46775245666504,28.50225830078125,28.847322463989258,54482.0,22.075380325317383
2010-02-24,28.812816619873047,28.433246612548828,28.640283584594727,28.812816619873047,28980.0,22.048974990844727
2010-02-25,28.847322463989258,28.571271896362305,28.812816619873047,28.778310775756836,60858.0,22.02256965637207
2010-02-26,29.537450790405273,28.778310775756836,28.778310775756836,28.985347747802734,46947.0,22.181007385253906
2010-03-01,29.330411911010742,28.847322463989258,29.330411911010742,29.12337303161621,43180.0,22.28662872314453
2010-03-02,29.364917755126953,28.571271896362305,29.364917755126953,29.0888671875,19416.0,22.260221481323242
2010-03-03,29.744487762451172,28.571271896362305,29.192386627197266,29.606462478637695,45498.0,22.656312942504883
2010-03-04,29.433931350708008,29.019853591918945,29.261398315429688,29.433931350708008,15939.0,22.524282455444336
2010-03-05,29.813501358032227,29.0888671875,29.433931350708008,29.433931350708008,18837.0,22.524282455444336
2010-03-08,29.46843719482422,28.985347747802734,29.433931350708008,29.433931350708008,29269.0,22.524282455444336
2010-03-09,29.399423599243164,28.950841903686523,29.399423599243164,29.364917755126953,28690.0,22.47146987915039
2010-03-10,29.330411911010742,29.019853591918945,29.330411911010742,29.157880783081055,27241.0,22.313032150268555
2010-03-11,29.399423599243164,28.91633415222168,28.985347747802734,29.157880783081055,18547.0,22.313032150268555
2010-03-12,29.330411911010742,28.91633415222168,28.950841903686523,29.157880783081055,11592.0,22.313032150268555
2010-03-15,29.330411911010742,28.91633415222168,29.157880783081055,29.12337303161621,28980.0,22.28662872314453
2010-03-16,29.364917755126953,28.91633415222168,29.0888671875,29.261398315429688,36804.0,22.392250061035156
2010-03-17,29.364917755126953,29.226892471313477,29.261398315429688,29.364917755126953,55931.0,22.47146987915039
2010-03-18,29.640968322753906,29.05436134338379,29.364917755126953,29.330411911010742,82883.0,22.445064544677734
2010-03-19,29.364917755126953,29.192386627197266,29.330411911010742,29.364917755126953,17388.0,22.47146987915039
2010-03-22,29.46843719482422,29.192386627197266,29.364917755126953,29.364917755126953,24053.0,22.47146987915039
2010-03-23,29.46843719482422,29.12337303161621,29.364917755126953,29.2959041595459,36225.0,22.418657302856445
2010-03-24,29.399423599243164,29.05436134338379,29.330411911010742,29.261398315429688,32167.0,22.392250061035156
2010-03-25,29.399423599243164,29.157880783081055,29.226892471313477,29.261398315429688,26082.0,22.392250061035156
2010-03-26,29.50294303894043,29.12337303161621,29.399423599243164,29.2959041595459,31588.0,22.418657302856445
2010-03-29,29.399423599243164,29.157880783081055,29.330411911010742,29.192386627197266,53323.0,22.339441299438477
2010-03-30,29.330411911010742,29.192386627197266,29.226892471313477,29.226892471313477,34196.0,22.365846633911133
2010-03-31,29.330411911010742,29.192386627197266,29.192386627197266,29.2959041595459,29269.0,22.418657302856445
2010-04-01,29.364917755126953,29.192386627197266,29.261398315429688,29.364917755126953,62597.0,22.47146987915039
2010-04-02,29.675474166870117,29.330411911010742,29.675474166870117,29.364917755126953,35355.0,22.47146987915039
2010-04-06,30.020538330078125,29.399423599243164,29.46843719482422,29.848007202148438,68682.0,22.84115219116211
2010-04-07,30.055044174194336,29.813501358032227,29.848007202148438,29.88251304626465,107516.0,22.8675594329834
2010-04-08,30.607147216796875,29.813501358032227,29.813501358032227,30.1585636138916,113892.0,23.078805923461914
2010-04-09,30.400108337402344,30.020538330078125,30.193071365356445,30.12405776977539,58539.0,23.052400588989258
2010-04-12,30.814184188842773,30.020538330078125,30.12405776977539,30.365602493286133,85201.0,23.23724365234375
2010-04-13,31.814870834350586,30.400108337402344,31.814870834350586,30.434614181518555,180546.0,23.290054321289062
2010-04-14,30.434614181518555,30.193071365356445,30.434614181518555,30.434614181518555,68682.0,23.290054321289062
2010-04-15,30.71066665649414,30.227577209472656,30.434614181518555,30.4691219329834,49845.0,23.31645965576172
2010-04-16,30.641653060913086,30.262083053588867,30.50362777709961,30.4691219329834,48686.0,23.31645965576172
2010-04-19,30.572641372680664,30.1585636138916,30.365602493286133,30.193071365356445,101430.0,23.105213165283203
2010-04-20,31.400793075561523,30.193071365356445,31.400793075561523,30.262083053588867,33037.0,23.158023834228516
2010-04-21,30.67616081237793,30.1585636138916,30.67616081237793,30.400108337402344,51005.0,23.263647079467773
2010-04-22,30.365602493286133,29.986032485961914,30.29659080505371,30.331096649169922,31878.0,23.21083641052246
2010-04-23,30.365602493286133,30.193071365356445,30.365602493286133,30.365602493286133,55931.0,23.23724365234375
2010-04-26,30.848691940307617,30.365602493286133,30.848691940307617,30.50362777709961,31298.0,23.342864990234375
2010-04-27,30.71066665649414,30.08955192565918,30.71066665649414,30.4691219329834,33906.0,23.31645965576172
2010-04-28,30.365602493286133,30.055044174194336,30.055044174194336,30.227577209472656,6665.0,23.13161849975586
2010-04-29,30.331096649169922,30.12405776977539,30.12405776977539,30.12405776977539,28690.0,23.052400588989258
2010-04-30,30.365602493286133,29.917020797729492,30.12405776977539,30.1585636138916,31588.0,23.078805923461914
2010-05-03,30.434614181518555,29.226892471313477,30.020538330078125,30.020538330078125,13330.0,22.973182678222656
2010-05-04,30.331096649169922,29.364917755126953,30.020538330078125,30.331096649169922,22024.0,23.21083641052246
2010-05-05,30.4691219329834,28.778310775756836,29.330411911010742,30.365602493286133,202281.0,23.23724365234375
2010-05-06,30.365602493286133,29.986032485961914,30.365602493286133,30.020538330078125,73030.0,22.973182678222656
2010-05-07,30.020538330078125,28.88182830810547,28.88182830810547,30.020538330078125,129541.0,22.973182678222656
2010-05-10,30.193071365356445,29.537450790405273,29.986032485961914,30.12405776977539,68682.0,23.052400588989258
2010-05-11,30.365602493286133,30.020538330078125,30.08955192565918,30.365602493286133,212134.0,23.23724365234375
2010-05-12,30.50362777709961,30.1585636138916,30.365602493286133,30.193071365356445,65205.0,23.105213165283203
2010-05-13,30.434614181518555,30.262083053588867,30.331096649169922,30.365602493286133,97952.0,23.23724365234375
2010-05-14,30.71066665649414,30.331096649169922,30.331096649169922,30.400108337402344,52164.0,23.263647079467773
2010-05-17,30.331096649169922,29.433931350708008,30.331096649169922,30.1585636138916,54772.0,23.078805923461914
2010-05-18,30.53813362121582,29.675474166870117,29.675474166870117,30.193071365356445,57670.0,23.105213165283203
2010-05-19,30.641653060913086,29.330411911010742,29.50294303894043,30.365602493286133,35935.0,23.23724365234375
2010-05-20,30.50362777709961,29.778993606567383,30.29659080505371,29.778993606567383,50135.0,22.788339614868164
2010-05-21,29.46843719482422,28.812816619873047,28.847322463989258,29.330411911010742,27820.0,22.445064544677734
2010-05-24,29.848007202148438,28.985347747802734,28.985347747802734,29.675474166870117,69552.0,22.709121704101562
2010-05-25,29.330411911010742,27.984663009643555,29.019853591918945,29.330411911010742,55062.0,22.445064544677734
2010-05-26,29.2959041595459,28.46775245666504,29.2959041595459,28.640283584594727,48396.0,21.91694450378418
2010-05-27,28.67479133605957,28.29521942138672,28.29521942138672,28.640283584594727,59119.0,21.91694450378418
2010-05-28,29.157880783081055,28.640283584594727,28.640283584594727,29.12337303161621,94475.0,22.28662872314453
2010-05-31,30.365602493286133,29.330411911010742,30.365602493286133,29.399423599243164,74189.0,22.497873306274414
2010-06-01,29.675474166870117,29.330411911010742,29.399423599243164,29.537450790405273,150407.0,22.603500366210938
2010-06-02,30.29659080505371,29.399423599243164,30.29659080505371,29.606462478637695,67523.0,22.656312942504883
2010-06-03,29.778993606567383,29.157880783081055,29.606462478637695,29.70998191833496,70711.0,22.73552703857422
2010-06-04,30.193071365356445,29.399423599243164,29.399423599243164,29.986032485961914,41731.0,22.946775436401367
2010-06-07,29.571956634521484,28.70929718017578,29.192386627197266,29.261398315429688,27241.0,22.392250061035156
2010-06-08,29.330411911010742,29.226892471313477,29.330411911010742,29.226892471313477,31878.0,22.365846633911133
2010-06-09,29.261398315429688,28.950841903686523,29.157880783081055,29.261398315429688,28980.0,22.392250061035156
2010-06-10,29.192386627197266,28.88182830810547,29.192386627197266,29.192386627197266,45209.0,22.339441299438477
2010-06-11,29.675474166870117,29.157880783081055,29.192386627197266,29.675474166870117,193587.0,22.709121704101562
2010-06-14,29.675474166870117,29.261398315429688,29.675474166870117,29.46843719482422,137655.0,22.550687789916992
2010-06-15,29.675474166870117,29.606462478637695,29.606462478637695,29.640968322753906,8694.0,22.682716369628906
2010-06-17,29.813501358032227,29.537450790405273,29.70998191833496,29.744487762451172,33037.0,22.761938095092773
2010-06-18,29.848007202148438,29.537450790405273,29.744487762451172,29.778993606567383,102879.0,22.788339614868164
2010-06-21,29.951526641845703,29.50294303894043,29.848007202148438,29.88251304626465,92736.0,22.8675594329834
2010-06-22,29.675474166870117,29.50294303894043,29.675474166870117,29.675474166870117,126353.0,22.709121704101562
2010-06-23,29.70998191833496,29.50294303894043,29.50294303894043,29.70998191833496,31878.0,22.73552703857422
2010-06-24,29.675474166870117,29.537450790405273,29.606462478637695,29.571956634521484,53613.0,22.629905700683594
2010-06-25,29.433931350708008,29.2959041595459,29.433931350708008,29.2959041595459,23763.0,22.418657302856445
2010-06-28,29.675474166870117,29.157880783081055,29.157880783081055,29.433931350708008,94475.0,22.524282455444336
2010-06-29,29.330411911010742,29.157880783081055,29.226892471313477,29.330411911010742,29849.0,22.445064544677734
2010-06-30,29.019853591918945,28.67479133605957,28.847322463989258,29.019853591918945,2898.0,22.207408905029297
2010-07-01,28.985347747802734,28.985347747802734,28.985347747802734,28.985347747802734,2898.0,22.181007385253906
2010-07-02,29.192386627197266,28.743803024291992,28.743803024291992,29.019853591918945,34486.0,22.207408905029297
2010-07-05,29.05436134338379,28.08818244934082,28.08818244934082,29.019853591918945,100561.0,22.207408905029297
2010-07-06,29.05436134338379,28.743803024291992,28.743803024291992,29.05436134338379,29559.0,22.23381805419922
2010-07-07,29.157880783081055,28.778310775756836,29.157880783081055,29.019853591918945,36225.0,22.207408905029297
2010-07-08,29.192386627197266,28.778310775756836,28.847322463989258,29.0888671875,41731.0,22.260221481323242
2010-07-09,29.0888671875,28.743803024291992,28.91633415222168,28.847322463989258,13041.0,22.075380325317383
2010-07-12,28.91633415222168,28.571271896362305,28.70929718017578,28.605777740478516,71870.0,21.890539169311523
2010-07-13,28.67479133605957,28.364233016967773,28.640283584594727,28.433246612548828,98822.0,21.75851058959961
2010-07-14,28.70929718017578,28.329727172851562,28.640283584594727,28.53676414489746,11592.0,21.837724685668945
2010-07-15,28.571271896362305,28.364233016967773,28.364233016967773,28.571271896362305,17967.0,21.864133834838867
2010-07-16,28.67479133605957,28.364233016967773,28.364233016967773,28.605777740478516,18837.0,21.890539169311523
2010-07-19,28.46775245666504,28.29521942138672,28.29521942138672,28.364233016967773,17677.0,21.705698013305664
2010-07-20,28.433246612548828,28.157194137573242,28.329727172851562,28.398740768432617,28110.0,21.73210334777832
2010-07-21,28.50225830078125,28.29521942138672,28.398740768432617,28.398740768432617,37964.0,21.73210334777832
2010-07-22,28.46775245666504,28.157194137573242,28.29521942138672,28.29521942138672,35065.0,21.65288734436035
2010-07-23,28.605777740478516,28.226207733154297,28.29521942138672,28.605777740478516,49845.0,21.890539169311523
2010-07-26,28.640283584594727,28.29521942138672,28.29521942138672,28.640283584594727,17967.0,21.91694450378418
2010-07-27,28.640283584594727,28.46775245666504,28.605777740478516,28.640283584594727,10432.0,21.91694450378418
2010-07-28,28.70929718017578,28.398740768432617,28.605777740478516,28.640283584594727,26661.0,21.91694450378418
2010-07-29,28.67479133605957,28.364233016967773,28.67479133605957,28.605777740478516,26661.0,21.890539169311523
2010-07-30,28.605777740478516,28.364233016967773,28.53676414489746,28.571271896362305,57670.0,21.864133834838867
2010-08-02,28.640283584594727,28.433246612548828,28.571271896362305,28.46775245666504,20865.0,21.784914016723633
2010-08-03,28.743803024291992,28.50225830078125,28.50225830078125,28.67479133605957,91867.0,21.9433536529541
2010-08-04,29.019853591918945,28.70929718017578,28.70929718017578,28.985347747802734,133018.0,22.181007385253906
2010-08-05,29.157880783081055,28.812816619873047,28.812816619873047,28.950841903686523,109545.0,22.154598236083984
2010-08-06,29.0888671875,28.847322463989258,28.950841903686523,29.019853591918945,90128.0,22.207408905029297
2010-08-09,29.157880783081055,28.847322463989258,28.985347747802734,29.0888671875,81724.0,22.260221481323242
2010-08-10,29.0888671875,28.91633415222168,28.985347747802734,28.91633415222168,139394.0,22.128192901611328
2010-08-11,29.05436134338379,28.640283584594727,28.91633415222168,28.88182830810547,86071.0,22.10178565979004
2010-08-12,28.985347747802734,28.53676414489746,28.812816619873047,28.88182830810547,69552.0,22.10178565979004
2010-08-13,29.537450790405273,28.640283584594727,28.640283584594727,29.399423599243164,112443.0,22.497873306274414
2010-08-16,29.399423599243164,28.985347747802734,29.399423599243164,29.2959041595459,124035.0,22.418657302856445
2010-08-17,30.572641372680664,29.019853591918945,29.157880783081055,30.08955192565918,195036.0,23.02599334716797
2010-08-18,30.986717224121094,29.951526641845703,30.08955192565918,30.08955192565918,87809.0,23.02599334716797
2010-08-19,30.020538330078125,29.192386627197266,30.020538330078125,29.399423599243164,61727.0,22.497873306274414
2010-08-20,29.2959041595459,28.985347747802734,28.985347747802734,29.05436134338379,64335.0,22.23381805419922
2010-08-23,29.433931350708008,28.985347747802734,29.019853591918945,29.157880783081055,86360.0,22.313032150268555
2010-08-24,29.46843719482422,28.985347747802734,29.12337303161621,28.985347747802734,61437.0,22.181007385253906
2010-08-25,28.847322463989258,28.29521942138672,28.847322463989258,28.364233016967773,57090.0,21.705698013305664
2010-08-26,28.812816619873047,28.226207733154297,28.46775245666504,28.50225830078125,61148.0,21.811321258544922
2010-08-27,28.571271896362305,28.226207733154297,28.329727172851562,28.398740768432617,77956.0,21.73210334777832
2010-08-30,28.640283584594727,28.29521942138672,28.46775245666504,28.50225830078125,50425.0,21.811321258544922
2010-08-31,28.364233016967773,28.12268829345703,28.29521942138672,28.260713577270508,65205.0,21.62647819519043
2010-09-01,28.985347747802734,28.260713577270508,28.260713577270508,28.88182830810547,174460.0,22.10178565979004
2010-09-02,28.985347747802734,28.398740768432617,28.985347747802734,28.812816619873047,38543.0,22.048974990844727
2010-09-03,28.67479133605957,28.46775245666504,28.53676414489746,28.53676414489746,27241.0,21.837724685668945
2010-09-06,29.05436134338379,28.433246612548828,28.53676414489746,28.778310775756836,91867.0,22.02256965637207
2010-09-07,28.91633415222168,28.571271896362305,28.70929718017578,28.743803024291992,28400.0,21.99616050720215
2010-09-08,28.70929718017578,28.53676414489746,28.640283584594727,28.571271896362305,73030.0,21.864133834838867
2010-09-09,28.743803024291992,28.53676414489746,28.571271896362305,28.640283584594727,19416.0,21.91694450378418
2010-09-10,28.91633415222168,28.605777740478516,28.640283584594727,28.640283584594727,29269.0,21.91694450378418
2010-09-13,29.606462478637695,28.640283584594727,28.640283584594727,28.985347747802734,33906.0,22.181007385253906
2010-09-14,28.985347747802734,28.70929718017578,28.985347747802734,28.950841903686523,57670.0,22.154598236083984
2010-09-15,28.950841903686523,28.812816619873047,28.950841903686523,28.950841903686523,39413.0,22.154598236083984
2010-09-16,28.950841903686523,28.847322463989258,28.91633415222168,28.950841903686523,17098.0,22.154598236083984
2010-09-17,28.950841903686523,28.70929718017578,28.847322463989258,28.847322463989258,29849.0,22.075380325317383
2010-09-20,28.88182830810547,28.53676414489746,28.53676414489746,28.88182830810547,43470.0,22.10178565979004
2010-09-21,28.812816619873047,28.571271896362305,28.67479133605957,28.640283584594727,22894.0,21.91694450378418
2010-09-23,29.05436134338379,28.605777740478516,28.605777740478516,28.88182830810547,50715.0,22.10178565979004
2010-09-24,29.433931350708008,28.571271896362305,28.640283584594727,29.433931350708008,67233.0,22.524282455444336
2010-09-27,31.469806671142578,30.020538330078125,30.020538330078125,31.469806671142578,1020101.0,24.082231521606445
2010-09-28,31.74585723876953,30.986717224121094,31.71135139465332,31.400793075561523,353847.0,24.029420852661133
2010-09-29,31.400793075561523,30.779678344726562,31.297273635864258,31.366287231445312,264878.0,24.00301742553711
2010-09-30,31.297273635864258,31.05573081970215,31.228261947631836,31.05573081970215,170982.0,23.765361785888672
2010-10-01,31.297273635864258,30.71066665649414,31.05573081970215,31.12474250793457,203730.0,23.818174362182617
2010-10-04,32.05641555786133,30.986717224121094,31.05573081970215,31.297273635864258,207208.0,23.950204849243164
2010-10-05,31.3317813873291,30.883197784423828,31.05573081970215,31.228261947631836,105487.0,23.89739418029785
2010-10-06,31.469806671142578,31.15924835205078,31.262767791748047,31.469806671142578,103748.0,24.082231521606445
2010-10-07,31.987401962280273,31.228261947631836,31.400793075561523,31.50431251525879,96214.0,24.108640670776367
2010-10-08,31.91838836669922,30.779678344726562,31.57332420349121,31.71135139465332,185762.0,24.267074584960938
2010-10-11,32.021907806396484,31.469806671142578,31.91838836669922,31.57332420349121,42890.0,24.161449432373047
2010-10-12,31.676843643188477,31.262767791748047,31.676843643188477,31.3317813873291,88389.0,23.97661018371582
2010-10-13,31.50431251525879,31.15924835205078,31.400793075561523,31.400793075561523,28400.0,24.029420852661133
2010-10-14,31.74585723876953,31.400793075561523,31.469806671142578,31.607831954956055,58250.0,24.18785858154297
2010-10-15,31.676843643188477,31.05573081970215,31.435300827026367,31.193754196166992,47237.0,23.87098503112793
2010-10-18,31.676843643188477,31.12474250793457,31.228261947631836,31.366287231445312,60278.0,24.00301742553711
2010-10-19,31.228261947631836,31.05573081970215,31.193754196166992,31.05573081970215,37384.0,23.765361785888672
2010-10-20,31.435300827026367,30.986717224121094,31.05573081970215,31.400793075561523,102299.0,24.029420852661133
2010-10-21,31.400793075561523,31.09023666381836,31.400793075561523,31.3317813873291,65495.0,23.97661018371582
2010-10-22,31.435300827026367,31.193754196166992,31.228261947631836,31.3317813873291,52743.0,23.97661018371582
2010-10-25,31.469806671142578,31.3317813873291,31.366287231445312,31.400793075561523,57380.0,24.029420852661133
2010-10-26,31.57332420349121,31.3317813873291,31.3317813873291,31.400793075561523,37674.0,24.029420852661133
2010-10-27,31.607831954956055,31.366287231445312,31.366287231445312,31.469806671142578,101430.0,24.082231521606445
2010-10-28,31.74585723876953,31.50431251525879,31.74585723876953,31.50431251525879,39702.0,24.108640670776367
2010-10-29,31.71135139465332,31.50431251525879,31.50431251525879,31.642337799072266,82593.0,24.214263916015625
2010-11-01,31.74585723876953,31.469806671142578,31.57332420349121,31.642337799072266,91577.0,24.214263916015625
2010-11-02,31.676843643188477,31.607831954956055,31.642337799072266,31.676843643188477,68682.0,24.24066925048828
2010-11-03,32.4014778137207,31.57332420349121,31.676843643188477,31.780363082885742,139974.0,24.319887161254883
2010-11-04,32.228946685791016,31.74585723876953,31.780363082885742,31.987401962280273,100271.0,24.478322982788086
2010-11-05,32.78104782104492,32.090919494628906,32.090919494628906,32.7120361328125,166056.0,25.032848358154297
2010-11-08,33.47117614746094,32.78104782104492,33.47117614746094,33.195125579833984,146639.0,25.402530670166016
2010-11-09,34.16130447387695,33.195125579833984,33.195125579833984,34.12679672241211,195616.0,26.11549186706543
2010-11-10,36.40421676635742,34.2993278503418,34.2993278503418,36.40421676635742,638722.0,27.85828399658203
2010-11-11,36.05915451049805,33.88525390625,36.05915451049805,34.230316162109375,319651.0,26.194711685180664
2010-11-12,34.023277282714844,31.849376678466797,34.023277282714844,32.12542724609375,332692.0,24.583948135375977
2010-11-15,32.19443893432617,31.435300827026367,32.090919494628906,31.676843643188477,171272.0,24.24066925048828
2010-11-16,32.090919494628906,31.538818359375,31.676843643188477,32.021907806396484,31298.0,24.50472640991211
2010-11-17,31.883882522583008,31.57332420349121,31.780363082885742,31.814870834350586,41441.0,24.346294403076172
2010-11-18,32.05641555786133,31.676843643188477,31.74585723876953,31.91838836669922,13620.0,24.425512313842773
2010-11-19,32.090919494628906,31.91838836669922,31.987401962280273,32.05641555786133,72450.0,24.531137466430664
2010-11-22,32.26345443725586,32.05641555786133,32.159934997558594,32.159934997558594,30139.0,24.610353469848633
2010-11-23,32.090919494628906,31.987401962280273,32.090919494628906,32.021907806396484,60568.0,24.50472640991211
2010-11-24,31.987401962280273,31.57332420349121,31.95289421081543,31.780363082885742,47237.0,24.319887161254883
2010-11-25,32.98808670043945,31.57332420349121,32.98808670043945,31.814870834350586,46078.0,24.346294403076172
2010-11-26,31.883882522583008,31.57332420349121,31.74585723876953,31.642337799072266,77956.0,24.214263916015625
2010-11-29,31.642337799072266,31.57332420349121,31.57332420349121,31.642337799072266,12461.0,24.214263916015625
2010-11-30,31.814870834350586,31.538818359375,31.676843643188477,31.780363082885742,12171.0,24.319887161254883
2010-12-01,31.91838836669922,31.74585723876953,31.91838836669922,31.883882522583008,24922.0,24.39910316467285
2010-12-02,32.090919494628906,31.57332420349121,31.57332420349121,31.814870834350586,54772.0,24.346294403076172
2010-12-03,31.883882522583008,31.607831954956055,31.814870834350586,31.883882522583008,27241.0,24.39910316467285
2010-12-06,32.05641555786133,31.607831954956055,31.607831954956055,31.91838836669922,19126.0,24.425512313842773
2010-12-07,31.95289421081543,31.538818359375,31.95289421081543,31.780363082885742,17098.0,24.319887161254883
2010-12-08,31.814870834350586,31.607831954956055,31.780363082885742,31.676843643188477,66364.0,24.24066925048828
2010-12-09,31.71135139465332,31.50431251525879,31.676843643188477,31.676843643188477,99981.0,24.24066925048828
2010-12-10,31.642337799072266,31.400793075561523,31.607831954956055,31.642337799072266,25792.0,24.214263916015625
2010-12-13,31.814870834350586,31.57332420349121,31.642337799072266,31.676843643188477,84042.0,24.24066925048828
2010-12-14,31.71135139465332,31.400793075561523,31.71135139465332,31.400793075561523,36225.0,24.029420852661133
2010-12-15,31.814870834350586,31.435300827026367,31.642337799072266,31.57332420349121,57090.0,24.161449432373047
2010-12-16,31.849376678466797,31.538818359375,31.538818359375,31.71135139465332,54192.0,24.267074584960938
2010-12-17,33.36765670776367,31.74585723876953,31.849376678466797,33.36765670776367,126353.0,25.534561157226562
2010-12-20,33.36765670776367,32.29795837402344,33.36765670776367,32.33246612548828,62597.0,24.742382049560547
2010-12-21,32.33246612548828,31.74585723876953,31.91838836669922,32.021907806396484,31878.0,24.50472640991211
2010-12-22,32.021907806396484,31.57332420349121,32.021907806396484,31.91838836669922,57960.0,24.425512313842773
2010-12-23,31.987401962280273,31.57332420349121,31.74585723876953,31.849376678466797,46947.0,24.372699737548828
2010-12-24,31.849376678466797,31.642337799072266,31.642337799072266,31.814870834350586,5796.0,24.346294403076172
2010-12-27,32.090919494628906,31.642337799072266,31.642337799072266,31.987401962280273,53323.0,24.478322982788086
2010-12-28,32.19443893432617,31.74585723876953,32.19443893432617,31.883882522583008,30429.0,24.39910316467285
2010-12-29,31.95289421081543,31.74585723876953,31.74585723876953,31.849376678466797,21155.0,24.372699737548828
2010-12-30,31.74585723876953,31.642337799072266,31.74585723876953,31.74585723876953,62017.0,24.293481826782227
2010-12-31,32.19443893432617,31.74585723876953,31.780363082885742,32.090919494628906,105487.0,24.557537078857422
2011-01-03,33.12611389160156,31.91838836669922,32.090919494628906,33.057098388671875,147219.0,25.296905517578125
2011-01-04,33.09160614013672,32.746543884277344,32.815555572509766,33.09160614013672,89258.0,25.323314666748047
2011-01-05,33.81623840332031,32.850059509277344,32.88456726074219,33.67821502685547,106646.0,25.772214889526367
2011-01-06,34.50636672973633,33.643707275390625,33.67821502685547,34.230316162109375,233580.0,26.194711685180664
2011-01-07,35.886619567871094,33.850746154785156,34.437355041503906,34.230316162109375,180546.0,26.194711685180664
2011-01-10,34.50636672973633,33.643707275390625,34.50636672973633,33.98876953125,89838.0,26.00986671447754
2011-01-11,34.092288970947266,33.643707275390625,33.98876953125,33.71271896362305,23473.0,25.79861831665039
2011-01-12,33.81623840332031,33.71271896362305,33.81623840332031,33.74722671508789,33037.0,25.82502555847168
2011-01-13,34.092288970947266,33.71271896362305,33.81623840332031,33.95426559448242,90707.0,25.983463287353516
2011-01-14,34.36833953857422,33.850746154785156,34.16130447387695,34.36833953857422,93316.0,26.30033302307129
2011-01-17,34.471858978271484,33.98876953125,34.36833953857422,33.98876953125,55931.0,26.00986671447754
2011-01-18,34.023277282714844,33.643707275390625,34.023277282714844,33.88525390625,142292.0,25.93065071105957
2011-01-19,34.05778503417969,33.67821502685547,33.88525390625,33.91975784301758,20575.0,25.95705795288086
2011-01-20,33.91975784301758,33.50568389892578,33.81623840332031,33.643707275390625,50425.0,25.74580955505371
2011-01-21,34.023277282714844,33.50568389892578,33.60919952392578,33.643707275390625,28690.0,25.74580955505371
2011-01-24,33.81623840332031,33.643707275390625,33.643707275390625,33.67821502685547,67523.0,25.772214889526367
2011-01-25,34.092288970947266,33.67821502685547,33.67821502685547,33.81623840332031,62597.0,25.877838134765625
2011-01-26,34.092288970947266,33.71271896362305,33.81623840332031,33.88525390625,106936.0,25.93065071105957
2011-01-27,34.16130447387695,33.850746154785156,33.98876953125,33.91975784301758,34196.0,25.95705795288086
2011-01-28,33.98876953125,33.81623840332031,33.91975784301758,33.98876953125,157362.0,26.00986671447754
2011-02-08,34.50636672973633,34.092288970947266,34.16130447387695,34.50636672973633,78536.0,26.405956268310547
2011-02-09,34.678897857666016,34.16130447387695,34.50636672973633,34.16130447387695,77956.0,26.14189910888672
2011-02-10,34.437355041503906,34.023277282714844,34.16130447387695,34.16130447387695,89838.0,26.14189910888672
2011-02-11,33.91975784301758,33.0225944519043,33.81623840332031,33.643707275390625,166346.0,25.74580955505371
2011-02-14,33.88525390625,33.33314895629883,33.47117614746094,33.88525390625,93895.0,25.93065071105957
2011-02-15,34.05778503417969,33.643707275390625,33.643707275390625,33.95426559448242,58829.0,25.983463287353516
2011-02-16,33.98876953125,33.643707275390625,33.643707275390625,33.98876953125,103169.0,26.00986671447754
2011-02-17,34.36833953857422,33.54018783569336,33.98876953125,33.850746154785156,195905.0,25.904247283935547
2011-02-18,34.05778503417969,33.850746154785156,34.023277282714844,33.91975784301758,53903.0,25.95705795288086
2011-02-21,34.2993278503418,33.60919952392578,34.16130447387695,33.91975784301758,62017.0,25.95705795288086
2011-02-22,34.05778503417969,33.12611389160156,33.81623840332031,33.47117614746094,146349.0,25.613779067993164
2011-02-23,33.91975784301758,32.815555572509766,33.47117614746094,33.0225944519043,80275.0,25.2705020904541
2011-02-24,33.195125579833984,32.7120361328125,33.12611389160156,33.12611389160156,58250.0,25.349720001220703
2011-02-25,33.54018783569336,32.50499725341797,33.12611389160156,33.22962951660156,79405.0,25.428937911987305
2011-03-01,33.264137268066406,32.78104782104492,33.22962951660156,33.0225944519043,109545.0,25.2705020904541
2011-03-02,33.12611389160156,32.470489501953125,33.0225944519043,33.0225944519043,99691.0,25.2705020904541
2011-03-03,33.16061782836914,32.677528381347656,33.0225944519043,33.057098388671875,45788.0,25.296905517578125
2011-03-04,33.057098388671875,32.608516693115234,33.057098388671875,32.746543884277344,69552.0,25.05925750732422
2011-03-07,32.608516693115234,32.090919494628906,32.090919494628906,32.53950500488281,51584.0,24.900819778442383
2011-03-08,32.43598556518555,32.159934997558594,32.43598556518555,32.366973876953125,33616.0,24.76879119873047
2011-03-09,32.43598556518555,32.090919494628906,32.366973876953125,32.090919494628906,72740.0,24.557537078857422
2011-03-10,32.95357894897461,31.780363082885742,32.12542724609375,32.021907806396484,39413.0,24.50472640991211
2011-03-11,31.91838836669922,31.435300827026367,31.91838836669922,31.642337799072266,49845.0,24.214263916015625
2011-03-14,31.676843643188477,30.365602493286133,31.642337799072266,31.676843643188477,87230.0,24.24066925048828
2011-03-15,31.642337799072266,29.986032485961914,31.642337799072266,31.400793075561523,63466.0,24.029420852661133
2011-03-16,31.15924835205078,29.675474166870117,30.020538330078125,29.675474166870117,113602.0,22.709121704101562
2011-03-17,31.538818359375,29.675474166870117,29.675474166870117,31.400793075561523,84622.0,24.029420852661133
2011-03-18,31.71135139465332,31.366287231445312,31.400793075561523,31.400793075561523,51005.0,24.029420852661133
2011-03-21,31.538818359375,31.400793075561523,31.400793075561523,31.538818359375,17388.0,24.135046005249023
2011-03-22,31.676843643188477,31.400793075561523,31.642337799072266,31.400793075561523,29559.0,24.029420852661133
2011-03-23,32.53950500488281,31.400793075561523,31.400793075561523,31.883882522583008,191848.0,24.39910316467285
2011-03-24,32.29795837402344,31.883882522583008,31.883882522583008,32.090919494628906,77956.0,24.557537078857422
2011-03-25,32.05641555786133,31.57332420349121,31.780363082885742,31.95289421081543,8694.0,24.451913833618164
2011-03-28,31.91838836669922,31.469806671142578,31.469806671142578,31.50431251525879,3477.0,24.108640670776367
2011-03-29,32.021907806396484,31.400793075561523,31.74585723876953,31.676843643188477,81434.0,24.24066925048828
2011-03-30,31.91838836669922,31.435300827026367,31.469806671142578,31.71135139465332,16518.0,24.267074584960938
2011-03-31,31.780363082885742,31.50431251525879,31.780363082885742,31.50431251525879,4347.0,24.108640670776367
2011-04-01,31.57332420349121,31.400793075561523,31.50431251525879,31.538818359375,95634.0,24.135046005249023
2011-04-06,31.74585723876953,31.400793075561523,31.538818359375,31.74585723876953,124324.0,24.293481826782227
2011-04-07,31.780363082885742,31.57332420349121,31.57332420349121,31.57332420349121,7824.0,24.161449432373047
2011-04-08,31.642337799072266,31.262767791748047,31.435300827026367,31.400793075561523,77666.0,24.029420852661133
2011-04-11,32.29795837402344,31.400793075561523,31.400793075561523,31.469806671142578,97663.0,24.082231521606445
2011-04-12,31.780363082885742,31.12474250793457,31.400793075561523,31.435300827026367,47237.0,24.055828094482422
2011-04-13,31.74585723876953,31.435300827026367,31.435300827026367,31.469806671142578,52454.0,24.082231521606445
2011-04-14,31.538818359375,31.193754196166992,31.469806671142578,31.297273635864258,54772.0,23.950204849243164
2011-04-15,31.74585723876953,31.297273635864258,31.297273635864258,31.74585723876953,69552.0,24.293481826782227
2011-04-18,32.021907806396484,31.469806671142578,31.74585723876953,31.74585723876953,108385.0,24.293481826782227
2011-04-19,32.021907806396484,31.538818359375,31.74585723876953,31.71135139465332,35935.0,24.267074584960938
2011-04-20,32.090919494628906,31.435300827026367,31.676843643188477,31.95289421081543,26082.0,24.451913833618164
2011-04-21,32.090919494628906,31.57332420349121,32.090919494628906,31.987401962280273,44339.0,24.478322982788086
2011-04-22,32.021907806396484,31.57332420349121,31.987401962280273,32.021907806396484,34196.0,24.50472640991211
2011-04-25,33.12611389160156,32.021907806396484,32.021907806396484,32.26345443725586,88679.0,24.689571380615234
2011-04-26,32.090919494628906,31.435300827026367,32.090919494628906,31.849376678466797,13910.0,24.372699737548828
2011-04-27,32.05641555786133,31.642337799072266,31.849376678466797,31.676843643188477,33037.0,24.24066925048828
2011-04-28,32.021907806396484,31.607831954956055,31.74585723876953,31.607831954956055,23473.0,24.18785858154297
2011-04-29,31.987401962280273,31.400793075561523,31.676843643188477,31.71135139465332,91867.0,24.267074584960938
2011-05-03,31.780363082885742,31.400793075561523,31.50431251525879,31.71135139465332,117079.0,24.267074584960938
2011-05-04,32.43598556518555,31.71135139465332,31.71135139465332,31.91838836669922,246041.0,24.425512313842773
2011-05-05,32.021907806396484,31.228261947631836,31.91838836669922,31.91838836669922,49266.0,24.425512313842773
2011-05-06,32.05641555786133,31.74585723876953,31.74585723876953,31.883882522583008,42890.0,24.39910316467285
2011-05-09,32.12542724609375,31.780363082885742,31.987401962280273,32.021907806396484,11302.0,24.50472640991211
2011-05-10,31.987401962280273,31.469806671142578,31.987401962280273,31.676843643188477,9273.0,24.24066925048828
2011-05-11,31.883882522583008,31.50431251525879,31.74585723876953,31.780363082885742,13620.0,24.319887161254883
2011-05-12,31.883882522583008,31.642337799072266,31.814870834350586,31.814870834350586,21735.0,24.346294403076172
2011-05-13,32.021907806396484,31.71135139465332,31.71135139465332,31.814870834350586,34776.0,24.346294403076172
2011-05-16,31.883882522583008,31.15924835205078,31.814870834350586,31.297273635864258,25212.0,23.950204849243164
2011-05-17,31.400793075561523,31.228261947631836,31.228261947631836,31.297273635864258,41441.0,23.950204849243164
2011-05-18,31.469806671142578,31.228261947631836,31.228261947631836,31.297273635864258,25792.0,23.950204849243164
2011-05-19,31.400793075561523,31.12474250793457,31.262767791748047,31.297273635864258,26661.0,23.950204849243164
2011-05-20,31.366287231445312,31.228261947631836,31.366287231445312,31.228261947631836,1159.0,23.89739418029785
2011-05-23,31.262767791748047,30.641653060913086,31.228261947631836,31.228261947631836,43180.0,23.89739418029785
2011-05-24,31.469806671142578,30.952211380004883,31.193754196166992,31.3317813873291,43470.0,23.97661018371582
2011-05-25,31.538818359375,31.05573081970215,31.3317813873291,31.193754196166992,23184.0,23.87098503112793
2011-05-26,31.262767791748047,31.05573081970215,31.262767791748047,31.228261947631836,21735.0,23.89739418029785
2011-05-27,31.366287231445312,30.53813362121582,31.193754196166992,31.228261947631836,92156.0,23.89739418029785
2011-05-30,31.228261947631836,31.09023666381836,31.193754196166992,31.193754196166992,26951.0,23.87098503112793
2011-05-31,31.469806671142578,31.09023666381836,31.193754196166992,31.228261947631836,17677.0,23.89739418029785
2011-06-01,31.3317813873291,31.15924835205078,31.228261947631836,31.193754196166992,18257.0,23.87098503112793
2011-06-02,31.228261947631836,31.05573081970215,31.15924835205078,31.228261947631836,32167.0,23.89739418029785
2011-06-03,31.435300827026367,30.883197784423828,31.228261947631836,31.228261947631836,35065.0,23.89739418029785
2011-06-07,31.193754196166992,31.05573081970215,31.05573081970215,31.12474250793457,16228.0,23.818174362182617
2011-06-08,31.12474250793457,30.883197784423828,31.05573081970215,31.05573081970215,30429.0,23.765361785888672
2011-06-09,31.05573081970215,30.814184188842773,31.021223068237305,31.05573081970215,88969.0,23.765361785888672
2011-06-10,31.05573081970215,30.400108337402344,31.05573081970215,30.434614181518555,75638.0,23.290054321289062
2011-06-13,30.74517250061035,30.53813362121582,30.53813362121582,30.71066665649414,25212.0,23.50130271911621
2011-06-14,30.91770362854004,30.71066665649414,30.71066665649414,30.91770362854004,2318.0,23.659738540649414
2011-06-15,30.848691940307617,29.848007202148438,30.53813362121582,30.71066665649414,59699.0,23.50130271911621
2011-06-16,31.05573081970215,30.020538330078125,30.365602493286133,31.05573081970215,39702.0,23.765361785888672
2011-06-17,31.642337799072266,30.952211380004883,31.021223068237305,31.021223068237305,46658.0,23.738956451416016
2011-06-20,31.469806671142578,30.91770362854004,31.021223068237305,31.05573081970215,62307.0,23.765361785888672
2011-06-21,31.12474250793457,30.883197784423828,31.021223068237305,31.12474250793457,52164.0,23.818174362182617
2011-06-22,31.607831954956055,31.12474250793457,31.12474250793457,31.15924835205078,16228.0,23.84457778930664
2011-06-23,31.400793075561523,31.15924835205078,31.3317813873291,31.193754196166992,14200.0,23.87098503112793
2011-06-24,31.538818359375,31.193754196166992,31.193754196166992,31.366287231445312,23763.0,24.00301742553711
2011-06-27,31.400793075561523,31.12474250793457,31.366287231445312,31.262767791748047,47237.0,23.923797607421875
2011-06-28,31.642337799072266,31.262767791748047,31.366287231445312,31.262767791748047,35065.0,23.923797607421875
2011-06-29,31.57332420349121,31.262767791748047,31.262767791748047,31.469806671142578,62307.0,24.082231521606445
2011-06-30,31.607831954956055,31.400793075561523,31.469806671142578,31.57332420349121,19706.0,24.161449432373047
2011-07-01,31.676843643188477,31.3317813873291,31.676843643188477,31.642337799072266,7245.0,24.214263916015625
2011-07-04,31.91838836669922,31.538818359375,31.91838836669922,31.883882522583008,13041.0,24.39910316467285
2011-07-05,31.883882522583008,31.400793075561523,31.57332420349121,31.71135139465332,15649.0,24.718862533569336
2011-07-06,32.159934997558594,31.50431251525879,31.50431251525879,31.91838836669922,33037.0,24.8802490234375
2011-07-07,32.19443893432617,31.814870834350586,31.849376678466797,32.19443893432617,38543.0,25.095428466796875
2011-07-08,32.19443893432617,31.95289421081543,32.159934997558594,32.159934997558594,2608.0,25.068532943725586
2011-07-11,32.228946685791016,31.91838836669922,32.090919494628906,32.159934997558594,19126.0,25.068532943725586
2011-07-12,32.228946685791016,31.57332420349121,32.19443893432617,32.228946685791016,3187.0,25.122325897216797
2011-07-13,32.19443893432617,31.780363082885742,32.19443893432617,32.05641555786133,12751.0,24.98784065246582
2011-07-14,32.090919494628906,31.780363082885742,32.05641555786133,32.090919494628906,31298.0,25.014734268188477
2011-07-15,32.090919494628906,31.849376678466797,32.05641555786133,31.849376678466797,12751.0,24.826452255249023
2011-07-18,32.05641555786133,31.74585723876953,31.987401962280273,31.987401962280273,26082.0,24.934043884277344
2011-07-19,32.090919494628906,31.676843643188477,31.95289421081543,32.090919494628906,12461.0,25.014734268188477
2011-07-20,32.4014778137207,32.05641555786133,32.228946685791016,32.4014778137207,45788.0,25.256813049316406
2011-07-21,32.33246612548828,32.05641555786133,32.26345443725586,32.33246612548828,34776.0,25.203020095825195
2011-07-22,33.54018783569336,32.33246612548828,32.608516693115234,33.436668395996094,39123.0,26.063737869262695
2011-07-25,34.16130447387695,33.33314895629883,33.436668395996094,33.81623840332031,43760.0,26.359615325927734
2011-07-26,34.12679672241211,33.643707275390625,34.12679672241211,33.74722671508789,19126.0,26.305818557739258
2011-07-27,34.092288970947266,33.643707275390625,33.74722671508789,34.092288970947266,99112.0,26.574796676635742
2011-07-28,34.023277282714844,33.402164459228516,33.81623840332031,33.402164459228516,40862.0,26.036846160888672
2011-07-29,34.16130447387695,33.47117614746094,33.47117614746094,34.16130447387695,30139.0,26.628589630126953
2011-08-01,35.02396011352539,32.78104782104492,32.78104782104492,34.50636672973633,51584.0,26.897565841674805
2011-08-02,34.50636672973633,34.33383560180664,34.50636672973633,34.50636672973633,17677.0,26.897565841674805
2011-08-03,34.50636672973633,33.98876953125,33.98876953125,34.092288970947266,49845.0,26.574796676635742
2011-08-04,34.678897857666016,34.092288970947266,34.678897857666016,34.230316162109375,23184.0,26.68238639831543
2011-08-05,34.16130447387695,33.12611389160156,33.47117614746094,34.16130447387695,167215.0,26.628589630126953
2011-08-08,34.50636672973633,33.47117614746094,34.092288970947266,34.50636672973633,134757.0,26.897565841674805
2011-08-09,34.50636672973633,33.47117614746094,34.33383560180664,34.16130447387695,116500.0,26.628589630126953
2011-08-10,34.50636672973633,34.16130447387695,34.50636672973633,34.36833953857422,67523.0,26.789974212646484
2011-08-11,36.7492790222168,33.98876953125,34.36833953857422,36.7492790222168,303712.0,28.645906448364258
2011-08-12,36.7492790222168,36.7492790222168,36.7492790222168,36.7492790222168,0.0,28.645906448364258
2011-08-15,36.7492790222168,36.7492790222168,36.7492790222168,36.7492790222168,0.0,28.645906448364258
2011-08-16,44.513214111328125,42.78789520263672,44.513214111328125,43.65055465698242,835787.0,34.02542495727539
2011-08-17,44.34067916870117,41.925235748291016,43.65055465698242,42.44282913208008,237927.0,33.08400344848633
2011-08-18,45.37587356567383,42.0977668762207,43.132957458496094,42.44282913208008,1490739.0,33.08400344848633
2011-08-19,39.509788513183594,39.509788513183594,39.509788513183594,39.509788513183594,225175.0,30.797714233398438
2011-08-22,39.337257385253906,36.7492790222168,37.266876220703125,36.7492790222168,486576.0,28.645906448364258
2011-08-23,38.647132873535156,36.57674789428711,36.7492790222168,38.647132873535156,134757.0,30.125274658203125
2011-08-24,38.99219512939453,37.09434509277344,38.647132873535156,38.12953567504883,117659.0,29.7218074798584
2011-08-25,38.302066802978516,36.57674789428711,38.12953567504883,36.57674789428711,94475.0,28.51142120361328
2011-08-26,38.4745979309082,36.231685638427734,36.57674789428711,37.95700454711914,77956.0,29.587322235107422
2011-08-29,40.544979095458984,38.302066802978516,38.4745979309082,40.544979095458984,136496.0,31.604633331298828
2011-08-30,43.30548858642578,43.132957458496094,43.30548858642578,43.30548858642578,134467.0,33.75644302368164
2011-08-31,44.68574523925781,42.27029800415039,44.168148040771484,42.61536407470703,135337.0,33.2184944152832
2011-09-01,45.37587356567383,42.61536407470703,42.61536407470703,42.78789520263672,148088.0,33.35298538208008
2011-09-02,43.82308578491211,42.78789520263672,42.960426330566406,43.478023529052734,109834.0,33.890933990478516
2011-09-05,44.513214111328125,42.27029800415039,43.30548858642578,44.34067916870117,230392.0,34.56337356567383
2011-09-06,47.27372360229492,43.9956169128418,43.9956169128418,47.101192474365234,419342.0,36.71518325805664
2011-09-07,48.30891418457031,43.82308578491211,48.30891418457031,43.82308578491211,375293.0,34.159908294677734
2011-09-08,44.769752502441406,42.00405502319336,42.00405502319336,42.69548034667969,185414.0,33.28094482421875
2011-09-09,43.55976104736328,42.00405502319336,42.86833572387695,42.00405502319336,151571.0,32.741981506347656
2011-09-13,41.65834426879883,40.794063568115234,41.139774322509766,40.794063568115234,57851.0,31.79880142211914
2011-09-14,42.52262496948242,38.02836227416992,42.52262496948242,38.02836227416992,123513.0,29.6429443359375
2011-09-15,39.584068298339844,38.02836227416992,38.546932220458984,38.546932220458984,40496.0,30.04716682434082
2011-09-16,40.6212043762207,38.892642974853516,39.23835754394531,40.102638244628906,34132.0,31.259838104248047
2011-09-19,39.92978286743164,38.71978759765625,39.75692367553711,39.06549835205078,26900.0,30.45138931274414
2011-09-20,39.584068298339844,38.546932220458984,39.06549835205078,38.546932220458984,23719.0,30.04716682434082
2011-09-21,39.06549835205078,38.37407684326172,39.06549835205078,38.546932220458984,28636.0,30.04716682434082
2011-09-22,38.892642974853516,36.8183708190918,38.02836227416992,36.99122619628906,49463.0,28.834503173828125
2011-09-23,36.99122619628906,35.608375549316406,36.299800872802734,36.99122619628906,96033.0,28.834503173828125
2011-09-26,35.089805603027344,34.57123947143555,34.57123947143555,35.089805603027344,88223.0,27.35235595703125
2011-09-27,35.089805603027344,35.089805603027344,35.089805603027344,35.089805603027344,0.0,27.35235595703125
2011-09-28,35.089805603027344,35.089805603027344,35.089805603027344,35.089805603027344,0.0,27.35235595703125
2011-09-29,41.31262969970703,40.102638244628906,41.31262969970703,40.6212043762207,183100.0,31.66405487060547
2011-09-30,40.9669189453125,39.23835754394531,40.9669189453125,39.23835754394531,69132.0,30.58613395690918
2011-10-03,39.75692367553711,38.02836227416992,38.02836227416992,39.23835754394531,15909.0,30.58613395690918
2011-10-04,39.06549835205078,38.02836227416992,38.37407684326172,38.546932220458984,9545.0,30.04716682434082
2011-10-05,39.41121292114258,38.37407684326172,39.06549835205078,38.71978759765625,13305.0,30.181909561157227
2011-10-06,39.75692367553711,38.71978759765625,38.71978759765625,39.06549835205078,16198.0,30.45138931274414
2011-10-07,39.23835754394531,38.546932220458984,38.546932220458984,39.23835754394531,134215.0,30.58613395690918
2011-10-11,39.75692367553711,39.23835754394531,39.41121292114258,39.41121292114258,48595.0,30.720874786376953
2011-10-12,39.41121292114258,38.892642974853516,39.41121292114258,39.23835754394531,27190.0,30.58613395690918
2011-10-13,39.06549835205078,38.37407684326172,39.06549835205078,39.06549835205078,48884.0,30.45138931274414
2011-10-14,40.44834899902344,38.71978759765625,38.892642974853516,39.75692367553711,32396.0,30.9903507232666
2011-10-17,40.27549362182617,39.75692367553711,39.92978286743164,39.75692367553711,16776.0,30.9903507232666
2011-10-18,40.102638244628906,39.23835754394531,39.75692367553711,39.75692367553711,24008.0,30.9903507232666
2011-10-19,40.44834899902344,39.41121292114258,39.584068298339844,39.75692367553711,35000.0,30.9903507232666
2011-10-20,39.41121292114258,38.71978759765625,39.41121292114258,39.23835754394531,51777.0,30.58613395690918
2011-10-21,38.892642974853516,38.71978759765625,38.892642974853516,38.71978759765625,6652.0,30.181909561157227
2011-10-24,39.92978286743164,39.06549835205078,39.23835754394531,39.75692367553711,48016.0,30.9903507232666
2011-10-25,41.31262969970703,39.584068298339844,40.102638244628906,41.139774322509766,47438.0,32.06827926635742
2011-10-26,41.139774322509766,40.44834899902344,40.9669189453125,40.6212043762207,26322.0,31.66405487060547
2011-10-27,41.139774322509766,40.6212043762207,40.794063568115234,40.6212043762207,20537.0,31.66405487060547
2011-10-28,42.52262496948242,40.6212043762207,40.6212043762207,41.4854850769043,74339.0,32.3377571105957
2011-10-31,41.831199645996094,40.9669189453125,40.9669189453125,40.9669189453125,44545.0,31.93353843688965
2011-11-01,42.34976577758789,40.6212043762207,40.9669189453125,41.65834426879883,74049.0,32.47249984741211
2011-11-02,42.00405502319336,41.31262969970703,41.65834426879883,41.65834426879883,61611.0,32.47249984741211
2011-11-03,41.831199645996094,40.44834899902344,41.139774322509766,40.794063568115234,51198.0,31.79880142211914
2011-11-04,41.831199645996094,41.139774322509766,41.139774322509766,41.4854850769043,48595.0,32.3377571105957
2011-11-07,41.4854850769043,40.9669189453125,41.4854850769043,41.139774322509766,14462.0,32.06827926635742
2011-11-08,40.9669189453125,39.584068298339844,39.584068298339844,40.6212043762207,9256.0,31.66405487060547
2011-11-09,41.31262969970703,40.102638244628906,40.102638244628906,40.9669189453125,43967.0,31.93353843688965
2011-11-10,40.9669189453125,39.23835754394531,40.102638244628906,39.584068298339844,30082.0,30.855613708496094
2011-11-11,39.75692367553711,39.23835754394531,39.584068298339844,39.75692367553711,43677.0,30.9903507232666
2011-11-14,39.92978286743164,39.41121292114258,39.75692367553711,39.75692367553711,23140.0,30.9903507232666
2011-11-15,42.00405502319336,40.6212043762207,40.9669189453125,40.6212043762207,7231.0,31.66405487060547
2011-11-16,41.4854850769043,39.75692367553711,41.4854850769043,39.92978286743164,10991.0,31.125093460083008
2011-11-17,40.27549362182617,39.584068298339844,39.584068298339844,40.27549362182617,3760.0,31.394577026367188
2011-11-18,39.92978286743164,38.892642974853516,39.75692367553711,39.92978286743164,65083.0,31.125093460083008
2011-11-21,39.92978286743164,39.23835754394531,39.92978286743164,39.75692367553711,59008.0,30.9903507232666
2011-11-22,41.31262969970703,38.71978759765625,41.31262969970703,39.584068298339844,69132.0,30.855613708496094
2011-11-23,39.06549835205078,38.02836227416992,39.06549835205078,38.37407684326172,42520.0,29.912429809570312
2011-11-24,39.75692367553711,38.37407684326172,38.37407684326172,39.23835754394531,29215.0,30.58613395690918
2011-11-25,39.41121292114258,38.546932220458984,39.23835754394531,39.23835754394531,37892.0,30.58613395690918
2011-11-28,39.584068298339844,38.71978759765625,39.584068298339844,38.71978759765625,2314.0,30.181909561157227
2011-11-29,39.75692367553711,39.06549835205078,39.06549835205078,39.06549835205078,22272.0,30.45138931274414
2011-11-30,39.41121292114258,38.546932220458984,39.06549835205078,39.06549835205078,65661.0,30.45138931274414
2011-12-01,40.102638244628906,39.23835754394531,39.584068298339844,39.584068298339844,53801.0,30.855613708496094
2011-12-02,40.102638244628906,38.892642974853516,39.75692367553711,39.584068298339844,36446.0,30.855613708496094
2011-12-05,39.584068298339844,39.584068298339844,39.584068298339844,39.584068298339844,3181.0,30.855613708496094
2011-12-06,39.584068298339844,39.23835754394531,39.584068298339844,39.584068298339844,6942.0,30.855613708496094
2011-12-07,40.102638244628906,39.23835754394531,39.584068298339844,39.75692367553711,34710.0,30.9903507232666
2011-12-08,39.92978286743164,39.06549835205078,39.75692367553711,39.584068298339844,34710.0,30.855613708496094
2011-12-09,39.584068298339844,39.06549835205078,39.23835754394531,39.584068298339844,20537.0,30.855613708496094
2011-12-12,39.92978286743164,39.41121292114258,39.92978286743164,39.75692367553711,7520.0,30.9903507232666
2011-12-13,39.75692367553711,39.23835754394531,39.75692367553711,39.584068298339844,11570.0,30.855613708496094
2011-12-14,39.41121292114258,39.23835754394531,39.23835754394531,39.41121292114258,13595.0,30.720874786376953
2011-12-15,39.75692367553711,39.06549835205078,39.41121292114258,39.584068298339844,40206.0,30.855613708496094
2011-12-16,40.102638244628906,39.23835754394531,40.102638244628906,39.584068298339844,41942.0,30.855613708496094
2011-12-19,39.584068298339844,37.68265151977539,39.584068298339844,38.37407684326172,57851.0,29.912429809570312
2011-12-20,38.71978759765625,37.68265151977539,37.68265151977539,38.71978759765625,6942.0,30.181909561157227
2011-12-21,39.75692367553711,38.546932220458984,39.75692367553711,38.71978759765625,52934.0,30.181909561157227
2011-12-22,39.41121292114258,38.20121765136719,39.41121292114258,38.71978759765625,34132.0,30.181909561157227
2011-12-23,39.06549835205078,38.546932220458984,38.71978759765625,39.06549835205078,27479.0,30.45138931274414
2011-12-26,39.41121292114258,39.06549835205078,39.06549835205078,39.23835754394531,35867.0,30.58613395690918
2011-12-27,39.41121292114258,39.06549835205078,39.41121292114258,39.06549835205078,17355.0,30.45138931274414
2011-12-28,41.65834426879883,39.23835754394531,39.23835754394531,41.65834426879883,106736.0,32.47249984741211
2011-12-29,44.07832717895508,42.34976577758789,44.07832717895508,43.55976104736328,215786.0,33.954647064208984
2011-12-30,44.07832717895508,43.214046478271484,43.55976104736328,44.07832717895508,434465.0,34.35886764526367
2012-01-02,44.07832717895508,44.07832717895508,44.07832717895508,44.07832717895508,0.0,34.35886764526367
2012-01-03,44.07832717895508,44.07832717895508,44.07832717895508,44.07832717895508,0.0,34.35886764526367
2012-01-04,44.07832717895508,44.07832717895508,44.07832717895508,44.07832717895508,0.0,34.35886764526367
2012-01-05,44.07832717895508,44.07832717895508,44.07832717895508,44.07832717895508,0.0,34.35886764526367
2012-01-06,43.214046478271484,40.9669189453125,41.139774322509766,43.214046478271484,111653.0,33.68516540527344
2012-01-09,43.214046478271484,41.831199645996094,43.214046478271484,43.04119110107422,41363.0,33.5504264831543
2012-01-10,44.769752502441406,42.176910400390625,44.769752502441406,43.214046478271484,121199.0,33.68516540527344
2012-01-11,43.214046478271484,42.52262496948242,43.04119110107422,43.214046478271484,95165.0,33.68516540527344
2012-01-12,43.04119110107422,41.831199645996094,43.04119110107422,41.831199645996094,38760.0,32.607242584228516
2012-01-13,42.86833572387695,41.831199645996094,41.831199645996094,42.00405502319336,43967.0,32.741981506347656
2012-01-16,43.55976104736328,41.31262969970703,43.55976104736328,41.65834426879883,69711.0,32.47249984741211
2012-01-17,42.176910400390625,41.4854850769043,41.4854850769043,41.831199645996094,23140.0,32.607242584228516
2012-01-18,42.00405502319336,41.65834426879883,41.831199645996094,41.831199645996094,76364.0,32.607242584228516
2012-01-30,42.52262496948242,41.831199645996094,42.00405502319336,42.52262496948242,25165.0,33.146202087402344
2012-01-31,43.04119110107422,42.176910400390625,42.52262496948242,42.69548034667969,21983.0,33.28094482421875
2012-02-01,43.214046478271484,42.176910400390625,42.34976577758789,42.69548034667969,64793.0,33.28094482421875
2012-02-02,44.07832717895508,42.69548034667969,42.69548034667969,43.90547180175781,52066.0,34.22412872314453
2012-02-03,43.90547180175781,42.86833572387695,43.90547180175781,43.55976104736328,80992.0,33.954647064208984
2012-02-06,43.90547180175781,43.04119110107422,43.90547180175781,43.55976104736328,122066.0,33.954647064208984
2012-02-07,44.59689712524414,43.386905670166016,43.55976104736328,43.55976104736328,59876.0,33.954647064208984
2012-02-08,44.25118637084961,43.55976104736328,44.25118637084961,43.90547180175781,83306.0,34.22412872314453
2012-02-09,44.25118637084961,42.86833572387695,44.25118637084961,43.55976104736328,147521.0,33.954647064208984
2012-02-10,43.90547180175781,43.386905670166016,43.73261642456055,43.55976104736328,33264.0,33.954647064208984
2012-02-13,43.90547180175781,43.04119110107422,43.04119110107422,43.55976104736328,51487.0,33.954647064208984
2012-02-14,43.90547180175781,43.214046478271484,43.214046478271484,43.55976104736328,32975.0,33.954647064208984
2012-02-15,43.90547180175781,43.55976104736328,43.55976104736328,43.73261642456055,41942.0,34.089385986328125
2012-02-16,45.80689239501953,43.73261642456055,43.73261642456055,44.94261169433594,78678.0,35.03257369995117
2012-02-17,45.634033203125,44.25118637084961,44.94261169433594,44.94261169433594,92273.0,35.03257369995117
2012-02-20,44.94261169433594,44.07832717895508,44.94261169433594,44.25118637084961,66240.0,34.49361038208008
2012-02-21,44.59689712524414,44.07832717895508,44.424041748046875,44.25118637084961,18801.0,34.49361038208008
2012-02-22,44.94261169433594,44.07832717895508,44.25118637084961,44.59689712524414,56405.0,34.763092041015625
2012-02-23,44.59689712524414,44.07832717895508,44.59689712524414,44.59689712524414,52644.0,34.763092041015625
2012-02-24,45.634033203125,44.424041748046875,45.634033203125,44.769752502441406,68264.0,34.897830963134766
2012-02-29,46.32545852661133,44.94261169433594,44.94261169433594,45.634033203125,64215.0,35.571537017822266
2012-03-01,46.32545852661133,45.1154670715332,45.9797477722168,45.9797477722168,75496.0,35.84101486206055
2012-03-02,49.09115982055664,48.745445251464844,48.745445251464844,49.09115982055664,282604.0,38.26634979248047
2012-03-05,47.88116455078125,46.84402847290039,47.88116455078125,46.84402847290039,58719.0,36.51472473144531
2012-03-06,49.43687057495117,46.671173095703125,46.84402847290039,48.918304443359375,241240.0,38.13161087036133
2012-03-07,49.78258514404297,48.22687911987305,49.09115982055664,49.09115982055664,259753.0,38.26634979248047
2012-03-08,49.6097297668457,48.745445251464844,49.6097297668457,49.09115982055664,150703.0,38.26634979248047
2012-03-09,49.43687057495117,48.918304443359375,48.918304443359375,49.264015197753906,180496.0,38.401084899902344
2012-03-12,49.264015197753906,48.57258987426758,49.264015197753906,48.745445251464844,114546.0,37.99686813354492
2012-03-13,49.6097297668457,48.745445251464844,49.09115982055664,49.43687057495117,87934.0,38.535831451416016
2012-03-14,50.81972122192383,49.43687057495117,50.64686584472656,49.78258514404297,98058.0,38.80531311035156
2012-03-15,50.301151275634766,49.43687057495117,49.78258514404297,49.78258514404297,56694.0,38.80531311035156
2012-03-16,53.239707946777344,49.955440521240234,50.301151275634766,53.239707946777344,421737.0,41.5001220703125
2012-03-19,53.758277893066406,52.202571868896484,53.239707946777344,53.41256332397461,174422.0,41.63486862182617
2012-03-20,54.44969940185547,52.89399337768555,53.239707946777344,54.44969940185547,290993.0,42.44330978393555
2012-03-21,55.486839294433594,53.585418701171875,53.585418701171875,54.62255859375,236034.0,42.57805633544922
2012-03-22,54.795413970947266,53.758277893066406,54.62255859375,54.2768440246582,85909.0,42.30856704711914
2012-03-23,54.10398864746094,53.239707946777344,54.10398864746094,53.585418701171875,79545.0,41.76960754394531
2012-03-26,53.758277893066406,51.85685729980469,53.585418701171875,51.85685729980469,259464.0,40.42219924926758
2012-03-27,52.37542724609375,51.16543197631836,52.202571868896484,51.85685729980469,66818.0,40.42219924926758
2012-03-28,53.93113327026367,52.202571868896484,52.202571868896484,52.72113800048828,63058.0,41.09590148925781
2012-03-29,53.06685256958008,50.992576599121094,53.06685256958008,51.338287353515625,119463.0,40.017974853515625
2012-03-30,52.89399337768555,51.16543197631836,51.16543197631836,52.89399337768555,45991.0,41.23064422607422
2012-04-02,52.72113800048828,51.68400192260742,51.68400192260742,52.548282623291016,37024.0,40.961158752441406
2012-04-03,56.17826461791992,53.93113327026367,53.93113327026367,56.17826461791992,715623.0,43.79071807861328
2012-04-05,57.90682601928711,52.37542724609375,57.21540069580078,56.35111999511719,669342.0,43.92545700073242
2012-04-06,56.69683074951172,53.93113327026367,56.35111999511719,54.62255859375,303431.0,42.57805633544922
2012-04-09,53.93113327026367,51.511146545410156,52.89399337768555,51.511146545410156,190620.0,40.15271759033203
2012-04-10,53.06685256958008,50.1282958984375,52.37542724609375,50.301151275634766,319340.0,39.209529876708984
2012-04-11,49.955440521240234,48.745445251464844,49.264015197753906,49.6097297668457,251654.0,38.67057418823242
2012-04-12,51.338287353515625,49.43687057495117,49.6097297668457,50.1282958984375,187149.0,39.07479476928711
2012-04-13,50.64686584472656,50.1282958984375,50.1282958984375,50.47400665283203,80413.0,39.344268798828125
2012-04-16,50.992576599121094,49.955440521240234,50.1282958984375,50.64686584472656,50330.0,39.4790153503418
2012-04-17,54.10398864746094,51.338287353515625,51.511146545410156,53.239707946777344,701739.0,41.5001220703125
2012-04-18,54.44969940185547,52.202571868896484,52.548282623291016,53.758277893066406,406117.0,41.90434646606445
2012-04-19,54.10398864746094,53.41256332397461,53.758277893066406,53.758277893066406,239505.0,41.90434646606445
2012-04-20,53.93113327026367,51.85685729980469,53.93113327026367,52.202571868896484,122934.0,40.691680908203125
2012-04-23,52.02971267700195,50.1282958984375,51.511146545410156,50.47400665283203,90826.0,39.344268798828125
2012-04-24,51.511146545410156,50.47400665283203,50.47400665283203,50.81972122192383,45702.0,39.6137580871582
2012-04-25,51.85685729980469,50.992576599121094,50.992576599121094,51.85685729980469,52066.0,40.42219924926758
2012-04-26,51.85685729980469,51.16543197631836,51.85685729980469,51.338287353515625,41942.0,40.017974853515625
2012-04-27,52.202571868896484,50.81972122192383,51.16543197631836,50.81972122192383,92851.0,39.6137580871582
2012-04-30,51.511146545410156,50.81972122192383,50.81972122192383,51.16543197631836,19091.0,39.88323974609375
2012-05-02,52.202571868896484,51.16543197631836,51.85685729980469,51.68400192260742,67975.0,40.28746032714844
2012-05-03,51.68400192260742,50.47400665283203,51.511146545410156,50.81972122192383,69421.0,39.6137580871582
2012-05-04,51.511146545410156,50.81972122192383,50.81972122192383,51.16543197631836,34132.0,39.88323974609375
2012-05-07,50.992576599121094,50.1282958984375,50.1282958984375,50.1282958984375,20826.0,39.07479476928711
2012-05-08,51.16543197631836,50.301151275634766,50.301151275634766,50.47400665283203,15330.0,39.344268798828125
2012-05-09,50.1282958984375,47.18973922729492,50.1282958984375,48.39973449707031,83016.0,37.727386474609375
2012-05-10,49.264015197753906,47.708309173583984,48.22687911987305,48.39973449707031,51487.0,37.727386474609375
2012-05-11,48.39973449707031,47.708309173583984,48.39973449707031,48.39973449707031,95165.0,37.727386474609375
2012-05-14,50.992576599121094,48.39973449707031,48.918304443359375,50.1282958984375,34710.0,39.07479476928711
2012-05-15,50.301151275634766,49.09115982055664,49.78258514404297,50.301151275634766,28636.0,39.209529876708984
2012-05-16,50.81972122192383,49.43687057495117,50.81972122192383,49.78258514404297,45991.0,38.80531311035156
2012-05-17,51.68400192260742,49.78258514404297,49.78258514404297,51.511146545410156,87066.0,40.15271759033203
2012-05-18,51.338287353515625,50.1282958984375,50.1282958984375,50.64686584472656,59297.0,39.4790153503418
2012-05-21,51.16543197631836,50.1282958984375,50.1282958984375,50.81972122192383,45124.0,39.6137580871582
2012-05-22,51.68400192260742,50.64686584472656,50.992576599121094,50.81972122192383,41942.0,39.6137580871582
2012-05-23,51.338287353515625,49.264015197753906,50.47400665283203,51.338287353515625,58140.0,40.017974853515625
2012-05-24,51.16543197631836,49.43687057495117,49.43687057495117,50.81972122192383,15041.0,39.6137580871582
2012-05-25,50.64686584472656,50.1282958984375,50.1282958984375,50.64686584472656,29793.0,39.4790153503418
2012-05-28,50.47400665283203,49.6097297668457,49.955440521240234,49.78258514404297,16487.0,38.80531311035156
2012-05-29,50.47400665283203,49.6097297668457,49.78258514404297,49.78258514404297,14173.0,38.80531311035156
2012-05-30,49.43687057495117,49.09115982055664,49.43687057495117,49.09115982055664,21405.0,38.26634979248047
2012-05-31,48.918304443359375,48.39973449707031,48.745445251464844,48.57258987426758,13016.0,37.862125396728516
2012-06-01,49.78258514404297,47.708309173583984,48.39973449707031,48.39973449707031,53512.0,37.727386474609375
2012-06-04,47.36259841918945,45.1154670715332,47.36259841918945,45.28832244873047,106736.0,35.30205154418945
2012-06-05,47.016883850097656,45.28832244873047,46.49831771850586,45.28832244873047,178761.0,35.30205154418945
2012-06-06,46.15260314941406,45.28832244873047,45.28832244873047,45.9797477722168,3760.0,35.84101486206055
2012-06-07,47.016883850097656,45.80689239501953,46.32545852661133,47.016883850097656,16198.0,36.64946365356445
2012-06-08,48.57258987426758,47.016883850097656,47.016883850097656,47.708309173583984,45413.0,37.188419342041016
2012-06-11,48.57258987426758,47.708309173583984,47.708309173583984,48.57258987426758,26900.0,37.862125396728516
2012-06-12,49.264015197753906,47.708309173583984,48.918304443359375,49.264015197753906,136240.0,38.401084899902344
2012-06-13,49.43687057495117,48.39973449707031,49.09115982055664,48.39973449707031,14462.0,37.727386474609375
2012-06-14,48.39973449707031,47.18973922729492,47.708309173583984,48.05402374267578,11281.0,37.457908630371094
2012-06-15,48.05402374267578,47.18973922729492,47.708309173583984,47.18973922729492,14462.0,36.78419876098633
2012-06-18,48.39973449707031,47.18973922729492,48.39973449707031,47.53545379638672,52355.0,37.05368423461914
2012-06-19,47.53545379638672,46.671173095703125,47.53545379638672,46.671173095703125,56694.0,36.37997817993164
2012-06-20,47.88116455078125,46.671173095703125,46.671173095703125,47.53545379638672,123513.0,37.05368423461914
2012-06-21,49.43687057495117,47.53545379638672,47.53545379638672,48.57258987426758,98058.0,37.862125396728516
2012-06-22,49.43687057495117,48.05402374267578,48.05402374267578,48.745445251464844,90826.0,37.99686813354492
2012-06-25,49.264015197753906,48.57258987426758,49.09115982055664,48.918304443359375,48306.0,38.13161087036133
2012-06-26,49.78258514404297,48.745445251464844,48.918304443359375,49.43687057495117,24008.0,38.535831451416016
2012-06-27,49.78258514404297,49.43687057495117,49.43687057495117,49.6097297668457,15330.0,38.67057418823242
2012-06-28,50.81972122192383,49.6097297668457,49.6097297668457,50.1282958984375,18512.0,39.07479476928711
2012-06-29,50.301151275634766,49.78258514404297,50.1282958984375,50.301151275634766,27768.0,39.209529876708984
2012-07-02,51.68400192260742,50.1282958984375,50.301151275634766,50.47400665283203,19380.0,39.344268798828125
2012-07-03,51.511146545410156,50.47400665283203,50.47400665283203,51.16543197631836,28347.0,39.88323974609375
2012-07-04,52.89399337768555,51.16543197631836,51.16543197631836,51.85685729980469,85620.0,40.42219924926758
2012-07-05,52.548282623291016,50.64686584472656,51.511146545410156,51.85685729980469,78388.0,40.42219924926758
2012-07-06,51.511146545410156,49.43687057495117,51.511146545410156,50.992576599121094,133926.0,39.748497009277344
2012-07-09,51.511146545410156,50.301151275634766,50.992576599121094,50.64686584472656,113099.0,39.4790153503418
2012-07-10,51.511146545410156,50.47400665283203,50.64686584472656,50.64686584472656,65950.0,39.4790153503418
2012-07-11,51.338287353515625,50.64686584472656,50.64686584472656,50.992576599121094,26033.0,39.748497009277344
2012-07-12,51.68400192260742,50.992576599121094,50.992576599121094,51.68400192260742,54091.0,40.28746032714844
2012-07-13,52.72113800048828,51.16543197631836,51.16543197631836,52.37542724609375,174133.0,40.82642364501953
2012-07-16,53.239707946777344,52.202571868896484,52.37542724609375,52.202571868896484,107893.0,40.691680908203125
2012-07-17,52.548282623291016,52.02971267700195,52.202571868896484,52.548282623291016,73182.0,40.961158752441406
2012-07-18,52.548282623291016,52.02971267700195,52.548282623291016,52.37542724609375,178761.0,40.82642364501953
2012-07-19,53.239707946777344,52.37542724609375,52.37542724609375,53.06685256958008,255125.0,41.36538314819336
2012-07-20,53.239707946777344,51.85685729980469,53.06685256958008,52.02971267700195,133926.0,40.556941986083984
2012-07-23,52.02971267700195,50.1282958984375,52.02971267700195,50.1282958984375,129587.0,39.07479476928711
2012-07-24,50.47400665283203,48.918304443359375,49.264015197753906,49.09115982055664,147810.0,38.26634979248047
2012-07-25,49.09115982055664,49.09115982055664,49.09115982055664,49.09115982055664,0.0,38.26634979248047
2012-07-26,49.09115982055664,49.09115982055664,49.09115982055664,49.09115982055664,0.0,38.26634979248047
2012-07-27,49.09115982055664,49.09115982055664,49.09115982055664,49.09115982055664,0.0,38.26634979248047
2012-07-30,49.09115982055664,49.09115982055664,49.09115982055664,49.09115982055664,0.0,38.26634979248047
2012-07-31,49.09115982055664,49.09115982055664,49.09115982055664,49.09115982055664,0.0,38.26634979248047
2012-08-01,49.09115982055664,49.09115982055664,49.09115982055664,49.09115982055664,0.0,38.26634979248047
2012-08-02,49.09115982055664,49.09115982055664,49.09115982055664,49.09115982055664,0.0,38.26634979248047
2012-08-03,49.09115982055664,49.09115982055664,49.09115982055664,49.09115982055664,0.0,38.26634979248047
2012-08-06,22.241043090820312,21.080368041992188,21.39406394958496,22.241043090820312,323561.0,17.3367977142334
2012-08-07,23.778154373168945,23.589935302734375,23.589935302734375,23.778154373168945,19126.0,18.534969329833984
2012-08-08,25.44074249267578,25.44074249267578,25.44074249267578,25.44074249267578,7969.0,19.830947875976562
2012-08-09,27.197439193725586,26.162242889404297,27.197439193725586,27.197439193725586,500484.0,21.200288772583008
2012-08-10,28.985506057739258,27.291549682617188,28.860027313232422,27.9189395904541,207207.0,21.762693405151367
2012-08-13,26.66415786743164,25.97402572631836,25.97402572631836,26.350460052490234,162577.0,20.540069580078125
2012-08-14,26.852373123168945,25.723068237304688,25.723068237304688,26.350460052490234,109979.0,20.540069580078125
2012-08-15,28.169897079467773,26.977853775024414,26.977853775024414,28.169897079467773,74913.0,21.958314895629883
2012-08-16,30.11481285095215,30.11481285095215,30.11481285095215,30.11481285095215,132293.0,23.474369049072266
2012-08-17,32.05972671508789,30.553987503051758,31.369596481323242,31.369596481323242,404850.0,24.452468872070312
2012-08-20,32.812599182128906,31.306856155395508,31.306856155395508,32.18520736694336,455855.0,25.088232040405273
2012-08-21,32.561641693115234,31.99698829650879,31.99698829650879,32.122467041015625,140263.0,25.039325714111328
2012-08-22,31.99698829650879,30.17755126953125,31.99698829650879,31.432334899902344,81288.0,24.501371383666992
2012-08-23,31.99698829650879,31.244117736816406,31.244117736816406,31.55781364440918,41441.0,24.59918212890625
2012-08-24,31.99698829650879,31.432334899902344,31.55781364440918,31.62055206298828,46223.0,24.648086547851562
2012-08-27,31.871509552001953,31.62055206298828,31.62055206298828,31.871509552001953,58974.0,24.843704223632812
2012-08-28,31.871509552001953,31.62055206298828,31.871509552001953,31.62055206298828,63756.0,24.648086547851562
2012-08-29,32.122467041015625,31.62055206298828,31.62055206298828,31.746030807495117,78101.0,24.74589729309082
2012-08-30,32.3734245300293,31.746030807495117,31.746030807495117,32.3734245300293,14345.0,25.234947204589844
2012-08-31,32.3734245300293,31.99698829650879,32.3734245300293,32.122467041015625,70131.0,25.039325714111328
2012-09-03,32.561641693115234,32.05972671508789,32.122467041015625,32.122467041015625,132293.0,25.039325714111328
2012-09-04,32.31068420410156,32.122467041015625,32.122467041015625,32.18520736694336,71725.0,25.088232040405273
2012-09-05,32.18520736694336,31.99698829650879,32.18520736694336,32.122467041015625,175329.0,25.039325714111328
2012-09-06,32.74985885620117,32.122467041015625,32.122467041015625,32.436161041259766,71725.0,25.283849716186523
2012-09-07,32.812599182128906,32.3734245300293,32.3734245300293,32.6243782043457,54192.0,25.43056297302246
2012-09-10,32.6243782043457,32.436161041259766,32.4989013671875,32.6243782043457,9563.0,25.43056297302246
2012-09-11,33.314510345458984,32.6243782043457,32.6243782043457,33.314510345458984,62162.0,25.968517303466797
2012-09-12,33.87916564941406,33.06355285644531,33.50272750854492,33.69094467163086,109979.0,26.261947631835938
2012-09-13,33.753684997558594,32.561641693115234,33.69094467163086,33.69094467163086,127512.0,26.261947631835938
2012-09-14,33.62820816040039,33.12629318237305,33.18903350830078,33.565467834472656,60568.0,26.164138793945312
2012-09-17,33.565467834472656,33.12629318237305,33.565467834472656,33.314510345458984,68537.0,25.968517303466797
2012-09-18,33.314510345458984,33.18903350830078,33.251773834228516,33.251773834228516,20720.0,25.91961669921875
2012-09-19,33.37725067138672,33.251773834228516,33.251773834228516,33.37725067138672,19126.0,26.017425537109375
2012-09-20,33.251773834228516,33.18903350830078,33.251773834228516,33.18903350830078,31878.0,25.870710372924805
2012-09-21,33.565467834472656,33.18903350830078,33.565467834472656,33.251773834228516,58974.0,25.91961669921875
2012-09-24,33.18903350830078,33.12629318237305,33.18903350830078,33.12629318237305,25502.0,25.82180404663086
2012-09-25,33.18903350830078,32.93807601928711,33.18903350830078,32.93807601928711,44629.0,25.675092697143555
2012-09-26,33.06355285644531,32.875335693359375,32.875335693359375,33.06355285644531,15939.0,25.772899627685547
2012-09-27,33.06355285644531,32.6243782043457,33.000816345214844,33.000816345214844,160983.0,25.723995208740234
2012-09-28,33.06355285644531,32.875335693359375,32.93807601928711,33.06355285644531,103603.0,25.772899627685547
2012-10-01,33.18903350830078,32.93807601928711,33.06355285644531,33.18903350830078,62162.0,25.870710372924805
2012-10-02,33.37725067138672,33.06355285644531,33.06355285644531,33.18903350830078,36659.0,25.870710372924805
2012-10-03,33.18903350830078,32.93807601928711,33.18903350830078,33.18903350830078,109979.0,25.870710372924805
2012-10-04,33.753684997558594,33.12629318237305,33.37725067138672,33.565467834472656,63756.0,26.164138793945312
2012-10-05,33.62820816040039,33.314510345458984,33.50272750854492,33.565467834472656,105197.0,26.164138793945312
2012-10-08,33.94190216064453,33.565467834472656,33.81642532348633,33.87916564941406,57380.0,26.40866470336914
2012-10-09,33.87916564941406,33.69094467163086,33.87916564941406,33.753684997558594,30284.0,26.310853958129883
2012-10-11,33.753684997558594,33.565467834472656,33.753684997558594,33.565467834472656,17532.0,26.164138793945312
2012-10-12,33.87916564941406,33.62820816040039,33.62820816040039,33.81642532348633,20720.0,26.359758377075195
2012-10-15,33.753684997558594,33.69094467163086,33.753684997558594,33.69094467163086,9563.0,26.261947631835938
2012-10-16,33.81642532348633,33.69094467163086,33.69094467163086,33.69094467163086,41441.0,26.261947631835938
2012-10-17,33.87916564941406,33.37725067138672,33.87916564941406,33.69094467163086,62162.0,26.261947631835938
2012-10-18,33.43998718261719,33.251773834228516,33.43998718261719,33.314510345458984,78101.0,25.968517303466797
2012-10-19,33.87916564941406,33.251773834228516,33.314510345458984,33.251773834228516,23908.0,25.91961669921875
2012-10-22,33.87916564941406,33.251773834228516,33.251773834228516,33.251773834228516,62162.0,25.91961669921875
2012-10-23,33.43998718261719,33.251773834228516,33.251773834228516,33.43998718261719,25502.0,26.066326141357422
2012-10-24,33.251773834228516,33.000816345214844,33.251773834228516,33.251773834228516,9563.0,25.91961669921875
2012-10-25,33.12629318237305,33.12629318237305,33.12629318237305,33.12629318237305,1593.0,25.82180404663086
2012-10-26,33.43998718261719,33.18903350830078,33.314510345458984,33.18903350830078,39847.0,25.870710372924805
2012-10-29,33.69094467163086,33.12629318237305,33.12629318237305,33.314510345458984,25502.0,25.968517303466797
2012-10-30,33.87916564941406,33.251773834228516,33.62820816040039,33.251773834228516,46223.0,25.91961669921875
2012-10-31,33.251773834228516,33.251773834228516,33.251773834228516,33.251773834228516,1593.0,25.91961669921875
2012-11-01,33.87916564941406,33.87916564941406,33.87916564941406,33.87916564941406,7969.0,26.40866470336914
2012-11-02,33.87916564941406,33.87916564941406,33.87916564941406,33.87916564941406,0.0,26.40866470336914
2012-11-05,34.443817138671875,33.43998718261719,33.87916564941406,33.43998718261719,9563.0,26.066326141357422
2012-11-06,33.43998718261719,33.43998718261719,33.43998718261719,33.43998718261719,0.0,26.066326141357422
2012-11-07,33.50272750854492,33.43998718261719,33.50272750854492,33.43998718261719,3187.0,26.066326141357422
2012-11-08,33.69094467163086,33.43998718261719,33.43998718261719,33.69094467163086,6375.0,26.261947631835938
2012-11-09,33.69094467163086,33.69094467163086,33.69094467163086,33.69094467163086,0.0,26.261947631835938
2012-11-12,35.133949279785156,34.1928596496582,35.133949279785156,34.443817138671875,36659.0,26.84880828857422
2012-11-13,34.82025146484375,33.37725067138672,34.82025146484375,33.37725067138672,7969.0,26.017425537109375
2012-11-14,35.69860076904297,34.50655746459961,35.69860076904297,34.882991790771484,31878.0,27.191144943237305
2012-11-15,33.94190216064453,33.87916564941406,33.87916564941406,33.94190216064453,3187.0,26.45756721496582
2012-11-16,34.1928596496582,33.251773834228516,33.62820816040039,34.0673828125,78101.0,26.555381774902344
2012-11-19,35.133949279785156,34.50655746459961,35.133949279785156,34.50655746459961,12751.0,26.897716522216797
2012-11-20,33.62820816040039,33.565467834472656,33.565467834472656,33.62820816040039,6375.0,26.213045120239258
2012-11-21,33.62820816040039,33.50272750854492,33.565467834472656,33.62820816040039,22314.0,26.213045120239258
2012-11-22,33.62820816040039,33.62820816040039,33.62820816040039,33.62820816040039,0.0,26.213045120239258
2012-11-23,34.38107681274414,34.25559997558594,34.38107681274414,34.25559997558594,3187.0,26.702096939086914
2012-11-26,34.50655746459961,33.81642532348633,34.50655746459961,33.81642532348633,6375.0,26.359758377075195
2012-11-27,34.38107681274414,34.25559997558594,34.38107681274414,34.25559997558594,3187.0,26.702096939086914
2012-11-28,34.25559997558594,33.753684997558594,34.25559997558594,34.1928596496582,9563.0,26.653186798095703
2012-11-29,34.1928596496582,33.81642532348633,33.81642532348633,34.1928596496582,6375.0,26.653186798095703
2012-11-30,34.443817138671875,33.87916564941406,34.1928596496582,34.443817138671875,20720.0,26.84880828857422
2012-12-03,34.50655746459961,33.62820816040039,34.1928596496582,34.50655746459961,12751.0,26.897716522216797
2012-12-04,34.50655746459961,34.50655746459961,34.50655746459961,34.50655746459961,0.0,26.897716522216797
2012-12-05,34.443817138671875,34.38107681274414,34.38107681274414,34.443817138671875,4781.0,26.84880828857422
2012-12-06,34.443817138671875,34.443817138671875,34.443817138671875,34.443817138671875,0.0,26.84880828857422
2012-12-07,34.38107681274414,33.50272750854492,34.38107681274414,33.50272750854492,7969.0,26.115232467651367
2012-12-10,34.1928596496582,33.000816345214844,34.1928596496582,33.000816345214844,25502.0,25.723995208740234
2012-12-11,33.12629318237305,31.99698829650879,33.000816345214844,32.875335693359375,95634.0,25.626184463500977
2012-12-12,34.1928596496582,32.31068420410156,34.1928596496582,32.875335693359375,23908.0,25.626184463500977
2012-12-13,32.68711853027344,32.05972671508789,32.6243782043457,32.68711853027344,9563.0,25.479469299316406
2012-12-14,32.812599182128906,31.99698829650879,31.99698829650879,32.74985885620117,27096.0,25.52837562561035
2012-12-17,32.812599182128906,32.122467041015625,32.122467041015625,32.74985885620117,9563.0,25.52837562561035
2012-12-18,32.812599182128906,32.18520736694336,32.68711853027344,32.68711853027344,6375.0,25.479469299316406
2012-12-19,33.565467834472656,32.74985885620117,32.74985885620117,33.565467834472656,4781.0,26.164138793945312
2012-12-20,33.565467834472656,33.565467834472656,33.565467834472656,33.565467834472656,0.0,26.164138793945312
2012-12-21,33.37725067138672,32.31068420410156,33.37725067138672,33.37725067138672,6375.0,26.017425537109375
2012-12-24,33.251773834228516,33.18903350830078,33.18903350830078,33.251773834228516,6375.0,25.91961669921875
2012-12-25,34.0673828125,33.565467834472656,34.0673828125,33.753684997558594,7969.0,26.310853958129883
2012-12-26,34.38107681274414,34.13011932373047,34.38107681274414,34.13011932373047,15939.0,26.60428237915039
2012-12-27,35.133949279785156,33.43998718261719,35.133949279785156,34.13011932373047,6375.0,26.60428237915039
2012-12-28,34.443817138671875,33.565467834472656,34.443817138671875,34.318336486816406,6375.0,26.750995635986328
2013-01-02,34.82025146484375,34.757511138916016,34.82025146484375,34.757511138916016,153014.0,27.093332290649414
2013-01-03,34.69477462768555,34.69477462768555,34.69477462768555,34.69477462768555,7969.0,27.0444278717041
2013-01-04,35.07120895385742,34.50655746459961,34.69477462768555,34.50655746459961,14345.0,26.897716522216797
2013-01-07,34.50655746459961,34.443817138671875,34.50655746459961,34.443817138671875,130699.0,26.84880828857422
2013-01-08,34.443817138671875,33.62820816040039,33.62820816040039,34.443817138671875,3187.0,26.84880828857422
2013-01-09,34.443817138671875,33.62820816040039,33.87916564941406,34.443817138671875,7969.0,26.84880828857422
2013-01-10,34.443817138671875,34.443817138671875,34.443817138671875,34.443817138671875,1593.0,26.84880828857422
2013-01-11,34.443817138671875,34.25559997558594,34.25559997558594,34.443817138671875,4781.0,26.84880828857422
2013-01-14,34.318336486816406,33.69094467163086,33.69094467163086,34.318336486816406,6375.0,26.750995635986328
2013-01-15,34.318336486816406,33.87916564941406,33.87916564941406,34.25559997558594,4781.0,26.702096939086914
2013-01-16,34.443817138671875,33.81642532348633,34.1928596496582,33.81642532348633,14345.0,26.359758377075195
2013-01-17,34.318336486816406,33.62820816040039,33.62820816040039,33.753684997558594,14345.0,26.310853958129883
2013-01-18,34.0673828125,33.753684997558594,33.87916564941406,34.0673828125,6375.0,26.555381774902344
2013-01-21,34.1928596496582,34.1928596496582,34.1928596496582,34.1928596496582,3187.0,26.653186798095703
2013-01-22,34.38107681274414,33.69094467163086,33.87916564941406,34.1928596496582,6375.0,26.653186798095703
2013-01-23,34.318336486816406,33.94190216064453,33.94190216064453,34.318336486816406,7969.0,26.750995635986328
2013-01-24,33.81642532348633,33.81642532348633,33.81642532348633,33.81642532348633,6375.0,26.359758377075195
2013-01-25,34.1928596496582,33.753684997558594,34.1928596496582,33.753684997558594,12751.0,26.310853958129883
2013-01-28,33.87916564941406,33.753684997558594,33.87916564941406,33.753684997558594,20720.0,26.310853958129883
2013-01-29,34.004642486572266,34.004642486572266,34.004642486572266,34.004642486572266,1593.0,26.506473541259766
2013-01-30,34.318336486816406,34.004642486572266,34.318336486816406,34.1928596496582,22314.0,26.653186798095703
2013-01-31,34.1928596496582,33.87916564941406,34.1928596496582,33.87916564941406,14345.0,26.40866470336914
2013-02-01,34.38107681274414,34.318336486816406,34.318336486816406,34.38107681274414,3187.0,26.79990577697754
2013-02-04,34.38107681274414,33.87916564941406,34.38107681274414,33.87916564941406,38253.0,26.40866470336914
2013-02-05,34.0673828125,33.87916564941406,33.87916564941406,34.0673828125,4781.0,26.555381774902344
2013-02-06,34.13011932373047,34.0673828125,34.13011932373047,34.13011932373047,7969.0,26.60428237915039
2013-02-18,34.25559997558594,34.004642486572266,34.1928596496582,34.25559997558594,20720.0,26.702096939086914
2013-02-19,34.443817138671875,33.81642532348633,34.443817138671875,34.318336486816406,9563.0,26.750995635986328
2013-02-20,34.318336486816406,33.43998718261719,34.318336486816406,33.565467834472656,22314.0,26.164138793945312
2013-02-21,33.69094467163086,32.93807601928711,33.50272750854492,33.251773834228516,39847.0,25.91961669921875
2013-02-22,33.50272750854492,33.12629318237305,33.50272750854492,33.50272750854492,4781.0,26.115232467651367
2013-02-25,34.13011932373047,33.000816345214844,34.13011932373047,33.000816345214844,140263.0,25.723995208740234
2013-02-26,33.251773834228516,32.6243782043457,33.251773834228516,33.06355285644531,7969.0,25.772899627685547
2013-02-27,34.13011932373047,32.74985885620117,34.13011932373047,32.93807601928711,20720.0,25.675092697143555
2013-03-01,33.50272750854492,32.6243782043457,33.50272750854492,32.68711853027344,68537.0,25.479469299316406
2013-03-04,32.93807601928711,32.3734245300293,32.93807601928711,32.6243782043457,25502.0,25.43056297302246
2013-03-05,33.251773834228516,32.68711853027344,32.74985885620117,33.251773834228516,44629.0,25.91961669921875
2013-03-06,33.251773834228516,33.251773834228516,33.251773834228516,33.251773834228516,17532.0,25.91961669921875
2013-03-07,33.81642532348633,32.93807601928711,33.251773834228516,33.81642532348633,7969.0,26.359758377075195
2013-03-08,33.87916564941406,33.87916564941406,33.87916564941406,33.87916564941406,4781.0,26.40866470336914
2013-03-11,32.436161041259766,32.3734245300293,32.3734245300293,32.436161041259766,3187.0,25.283849716186523
2013-03-12,33.251773834228516,33.18903350830078,33.251773834228516,33.18903350830078,7969.0,25.870710372924805
2013-03-13,33.251773834228516,32.68711853027344,33.251773834228516,33.12629318237305,6375.0,25.82180404663086
2013-03-14,33.314510345458984,32.93807601928711,33.12629318237305,33.314510345458984,14345.0,25.968517303466797
2013-03-15,33.565467834472656,32.93807601928711,32.93807601928711,33.12629318237305,27096.0,25.82180404663086
2013-03-18,33.12629318237305,32.68711853027344,32.68711853027344,33.12629318237305,73319.0,25.82180404663086
2013-03-19,33.251773834228516,32.93807601928711,33.251773834228516,33.12629318237305,17532.0,25.82180404663086
2013-03-20,33.251773834228516,32.74985885620117,32.74985885620117,33.06355285644531,14345.0,25.772899627685547
2013-03-21,33.06355285644531,32.93807601928711,33.06355285644531,32.93807601928711,14345.0,25.675092697143555
2013-03-22,33.251773834228516,32.74985885620117,32.74985885620117,33.251773834228516,19126.0,25.91961669921875
2013-03-25,32.93807601928711,32.74985885620117,32.93807601928711,32.93807601928711,25502.0,25.675092697143555
2013-03-26,33.37725067138672,32.74985885620117,33.37725067138672,32.93807601928711,23908.0,25.675092697143555
2013-03-27,33.43998718261719,33.000816345214844,33.43998718261719,33.43998718261719,9563.0,26.066326141357422
2013-03-28,34.1928596496582,33.000816345214844,33.37725067138672,33.81642532348633,46223.0,26.359758377075195
2013-03-29,33.565467834472656,32.93807601928711,33.12629318237305,33.50272750854492,100415.0,26.115232467651367
2013-04-01,33.94190216064453,32.93807601928711,33.50272750854492,33.50272750854492,54192.0,26.115232467651367
2013-04-02,33.62820816040039,33.06355285644531,33.62820816040039,33.50272750854492,39847.0,26.115232467651367
2013-04-03,33.69094467163086,32.93807601928711,33.69094467163086,33.50272750854492,30284.0,26.115232467651367
2013-04-08,33.314510345458984,32.93807601928711,32.93807601928711,33.314510345458984,25502.0,25.968517303466797
2013-04-09,33.251773834228516,32.74985885620117,32.74985885620117,33.18903350830078,6375.0,25.870710372924805
2013-04-10,33.12629318237305,32.68711853027344,32.74985885620117,33.12629318237305,6375.0,25.82180404663086
2013-04-11,33.50272750854492,32.93807601928711,33.50272750854492,33.18903350830078,12751.0,25.870710372924805
2013-04-12,33.565467834472656,33.000816345214844,33.565467834472656,33.37725067138672,4781.0,26.017425537109375
2013-04-15,33.43998718261719,32.812599182128906,33.314510345458984,33.43998718261719,15939.0,26.066326141357422
2013-04-16,34.004642486572266,33.000816345214844,33.50272750854492,33.753684997558594,36659.0,26.310853958129883
2013-04-17,33.50272750854492,32.31068420410156,33.000816345214844,33.50272750854492,23908.0,26.115232467651367
2013-04-18,33.251773834228516,32.6243782043457,32.6243782043457,32.68711853027344,19126.0,25.479469299316406
2013-04-19,33.37725067138672,33.18903350830078,33.37725067138672,33.18903350830078,3187.0,25.870710372924805
2013-04-22,33.43998718261719,32.68711853027344,33.18903350830078,33.37725067138672,27096.0,26.017425537109375
2013-04-23,33.69094467163086,32.68711853027344,33.69094467163086,33.06355285644531,111573.0,25.772899627685547
2013-04-24,33.37725067138672,32.68711853027344,33.37725067138672,33.06355285644531,57380.0,25.772899627685547
2013-04-25,33.18903350830078,32.68711853027344,33.18903350830078,32.68711853027344,9563.0,25.479469299316406
2013-04-26,33.18903350830078,32.68711853027344,32.812599182128906,33.18903350830078,106791.0,25.870710372924805
2013-04-29,33.37725067138672,32.68711853027344,33.37725067138672,32.74985885620117,46223.0,25.52837562561035
2013-04-30,33.18903350830078,32.68711853027344,33.12629318237305,32.68711853027344,119542.0,25.479469299316406
2013-05-02,33.37725067138672,32.68711853027344,33.37725067138672,32.68711853027344,81288.0,25.479469299316406
2013-05-03,33.12629318237305,33.12629318237305,33.12629318237305,33.12629318237305,9563.0,25.82180404663086
2013-05-06,33.18903350830078,32.875335693359375,32.875335693359375,33.000816345214844,15939.0,25.723995208740234
2013-05-07,33.565467834472656,33.06355285644531,33.50272750854492,33.50272750854492,27096.0,26.115232467651367
2013-05-08,33.753684997558594,33.50272750854492,33.565467834472656,33.753684997558594,27096.0,26.310853958129883
2013-05-09,33.69094467163086,33.251773834228516,33.62820816040039,33.565467834472656,38253.0,26.164138793945312
2013-05-10,33.69094467163086,33.50272750854492,33.565467834472656,33.50272750854492,27096.0,26.115232467651367
2013-05-13,33.50272750854492,33.314510345458984,33.50272750854492,33.43998718261719,23908.0,26.066326141357422
2013-05-14,33.69094467163086,33.37725067138672,33.43998718261719,33.565467834472656,14345.0,26.164138793945312
2013-05-15,34.004642486572266,33.62820816040039,33.62820816040039,33.62820816040039,46223.0,26.213045120239258
2013-05-16,33.94190216064453,33.314510345458984,33.94190216064453,33.69094467163086,41441.0,26.261947631835938
2013-05-17,36.01229476928711,33.81642532348633,33.81642532348633,36.01229476928711,489327.0,28.07143211364746
2013-05-20,38.52186584472656,38.52186584472656,38.52186584472656,38.52186584472656,420789.0,30.027629852294922
2013-05-21,41.15690994262695,40.15308380126953,41.15690994262695,41.15690994262695,1123699.0,32.081634521484375
2013-05-22,43.85469436645508,40.15308380126953,42.22347640991211,41.34512710571289,588149.0,32.22834777832031
2013-05-23,40.90595245361328,38.961036682128906,40.90595245361328,39.839385986328125,267775.0,31.05463218688965
2013-05-24,41.09416961669922,39.27473449707031,39.839385986328125,40.4040412902832,221552.0,31.49477767944336
2013-05-27,40.34130096435547,39.525691986083984,40.15308380126953,39.90212631225586,103603.0,31.10353660583496
2013-05-28,39.58842849731445,37.643516540527344,39.525691986083984,38.8355598449707,277338.0,30.27215576171875
2013-05-29,38.58460235595703,37.70625686645508,38.58460235595703,37.70625686645508,143451.0,29.391864776611328
2013-05-30,38.52186584472656,37.0161247253418,37.0161247253418,38.208168029785156,98821.0,29.78310203552246
2013-05-31,39.21199417114258,37.0161247253418,38.14542770385742,38.208168029785156,38253.0,29.78310203552246
2013-06-03,38.52186584472656,37.204341888427734,38.208168029785156,37.2670783996582,36659.0,29.049528121948242
2013-06-04,37.58077621459961,36.51420974731445,37.58077621459961,37.1416015625,63756.0,28.951723098754883
2013-06-05,37.1416015625,36.20051574707031,37.1416015625,36.639686584472656,25502.0,28.56047821044922
2013-06-06,37.643516540527344,36.765167236328125,37.0161247253418,37.0161247253418,57380.0,28.853912353515625
2013-06-07,37.2670783996582,35.7613410949707,37.0161247253418,36.57695007324219,250242.0,28.51157569885254
2013-06-10,37.0161247253418,35.7613410949707,36.57695007324219,35.7613410949707,124324.0,27.87581443786621
2013-06-11,35.7613410949707,35.133949279785156,35.7613410949707,35.133949279785156,89258.0,27.38676643371582
2013-06-13,37.1416015625,35.133949279785156,36.075035095214844,35.133949279785156,79695.0,27.38676643371582
2013-06-14,35.4476432800293,34.50655746459961,35.4476432800293,34.50655746459961,63756.0,26.897716522216797
2013-06-17,34.50655746459961,34.1928596496582,34.50655746459961,34.50655746459961,49410.0,26.897716522216797
2013-06-18,35.322166442871094,34.56929397583008,34.56929397583008,34.56929397583008,44629.0,26.946617126464844
2013-06-19,34.882991790771484,34.56929397583008,34.69477462768555,34.56929397583008,12751.0,26.946617126464844
2013-06-20,35.38490295410156,34.1928596496582,34.1928596496582,34.94572830200195,39847.0,27.24004554748535
2013-06-21,34.50655746459961,32.812599182128906,34.50655746459961,33.43998718261719,164171.0,26.066326141357422
2013-06-24,33.251773834228516,32.812599182128906,32.812599182128906,33.06355285644531,28690.0,25.772899627685547
2013-06-25,32.4989013671875,30.804943084716797,32.4989013671875,31.99698829650879,154608.0,24.94151496887207
2013-06-26,32.4989013671875,31.99698829650879,31.99698829650879,32.122467041015625,63756.0,25.039325714111328
2013-06-27,32.3734245300293,31.683292388916016,32.122467041015625,32.3734245300293,30284.0,25.234947204589844
2013-06-28,32.6243782043457,31.99698829650879,31.99698829650879,32.4989013671875,17532.0,25.33275604248047
2013-07-01,32.93807601928711,32.31068420410156,32.31068420410156,32.93807601928711,30284.0,25.675092697143555
2013-07-02,33.43998718261719,32.93807601928711,33.43998718261719,33.314510345458984,41441.0,25.968517303466797
2013-07-03,33.753684997558594,33.18903350830078,33.18903350830078,33.314510345458984,52598.0,25.968517303466797
2013-07-04,34.13011932373047,33.565467834472656,33.69094467163086,34.004642486572266,44629.0,26.506473541259766
2013-07-05,35.07120895385742,33.43998718261719,35.07120895385742,33.565467834472656,15939.0,26.164138793945312
2013-07-08,34.82025146484375,33.62820816040039,34.82025146484375,33.62820816040039,60568.0,26.213045120239258
2013-07-09,34.38107681274414,33.565467834472656,33.565467834472656,33.62820816040039,36659.0,26.213045120239258
2013-07-10,34.38107681274414,33.62820816040039,33.94190216064453,34.38107681274414,44629.0,26.79990577697754
2013-07-11,34.443817138671875,33.753684997558594,34.25559997558594,33.753684997558594,97227.0,26.310853958129883
2013-07-12,34.1928596496582,33.69094467163086,33.87916564941406,33.69094467163086,100415.0,26.261947631835938
2013-07-15,34.25559997558594,33.69094467163086,33.69094467163086,33.69094467163086,106791.0,26.261947631835938
2013-07-16,34.0673828125,33.753684997558594,33.753684997558594,34.0673828125,9563.0,26.555381774902344
2013-07-17,34.0673828125,34.0673828125,34.0673828125,34.0673828125,12751.0,26.555381774902344
2013-07-18,34.38107681274414,34.25559997558594,34.25559997558594,34.38107681274414,15939.0,26.79990577697754
2013-07-19,34.63203430175781,34.318336486816406,34.38107681274414,34.63203430175781,19126.0,26.995521545410156
2013-07-22,34.82025146484375,34.50655746459961,34.757511138916016,34.82025146484375,20720.0,27.142236709594727
2013-07-23,34.757511138916016,33.565467834472656,34.757511138916016,34.25559997558594,20720.0,26.702096939086914
2013-07-24,33.81642532348633,33.62820816040039,33.81642532348633,33.81642532348633,23908.0,26.359758377075195
2013-07-25,34.1928596496582,33.565467834472656,33.81642532348633,34.1928596496582,44629.0,26.653186798095703
2013-07-26,34.1928596496582,34.1928596496582,34.1928596496582,34.1928596496582,0.0,26.653186798095703
2013-07-29,34.1928596496582,34.004642486572266,34.13011932373047,34.004642486572266,12751.0,26.506473541259766
2013-07-30,34.318336486816406,33.87916564941406,34.13011932373047,34.25559997558594,38253.0,26.702096939086914
2013-07-31,33.94190216064453,33.69094467163086,33.94190216064453,33.69094467163086,22314.0,26.261947631835938
2013-08-01,33.87916564941406,33.62820816040039,33.87916564941406,33.81642532348633,20720.0,26.359758377075195
2013-08-02,34.318336486816406,33.62820816040039,34.318336486816406,33.81642532348633,70131.0,26.359758377075195
2013-08-05,33.94190216064453,33.565467834472656,33.87916564941406,33.94190216064453,22314.0,26.45756721496582
2013-08-06,34.0673828125,33.81642532348633,34.0673828125,34.004642486572266,19126.0,26.506473541259766
2013-08-07,33.87916564941406,33.37725067138672,33.50272750854492,33.43998718261719,31878.0,26.066326141357422
2013-08-08,33.565467834472656,33.000816345214844,33.43998718261719,33.50272750854492,23908.0,26.115232467651367
2013-08-09,33.314510345458984,33.000816345214844,33.251773834228516,33.314510345458984,28690.0,25.968517303466797
2013-08-12,34.318336486816406,33.314510345458984,33.314510345458984,34.004642486572266,14345.0,26.506473541259766
2013-08-13,34.004642486572266,34.004642486572266,34.004642486572266,34.004642486572266,0.0,26.506473541259766
2013-08-14,34.1928596496582,33.251773834228516,34.1928596496582,33.565467834472656,11157.0,26.164138793945312
2013-08-15,33.50272750854492,32.93807601928711,32.93807601928711,33.50272750854492,9563.0,26.115232467651367
2013-08-16,33.69094467163086,33.43998718261719,33.50272750854492,33.43998718261719,7969.0,26.066326141357422
2013-08-19,33.753684997558594,33.12629318237305,33.43998718261719,33.12629318237305,12751.0,25.82180404663086
2013-08-20,33.251773834228516,33.000816345214844,33.251773834228516,33.06355285644531,7969.0,25.772899627685547
2013-08-22,33.50272750854492,32.812599182128906,33.50272750854492,33.37725067138672,14345.0,26.017425537109375
2013-08-23,33.43998718261719,33.37725067138672,33.37725067138672,33.43998718261719,7969.0,26.066326141357422
2013-08-26,33.43998718261719,33.06355285644531,33.43998718261719,33.12629318237305,4781.0,25.82180404663086
2013-08-27,33.251773834228516,33.06355285644531,33.251773834228516,33.12629318237305,7969.0,25.82180404663086
2013-08-28,34.0673828125,33.18903350830078,34.0673828125,33.69094467163086,14345.0,26.261947631835938
2013-08-29,33.753684997558594,33.251773834228516,33.251773834228516,33.753684997558594,6375.0,26.310853958129883
2013-08-30,33.81642532348633,33.18903350830078,33.81642532348633,33.50272750854492,27096.0,26.115232467651367
2013-09-02,35.133949279785156,33.81642532348633,35.133949279785156,34.0673828125,20720.0,26.555381774902344
2013-09-03,34.0673828125,33.37725067138672,33.37725067138672,34.0673828125,3187.0,26.555381774902344
2013-09-04,34.004642486572266,33.251773834228516,34.004642486572266,33.251773834228516,49410.0,25.91961669921875
2013-09-05,33.81642532348633,33.314510345458984,33.81642532348633,33.314510345458984,36659.0,25.968517303466797
2013-09-06,33.314510345458984,33.251773834228516,33.251773834228516,33.314510345458984,4781.0,25.968517303466797
2013-09-09,34.69477462768555,33.314510345458984,34.69477462768555,33.43998718261719,39847.0,26.066326141357422
2013-09-10,33.81642532348633,33.43998718261719,33.81642532348633,33.62820816040039,9563.0,26.213045120239258
2013-09-11,33.81642532348633,33.43998718261719,33.81642532348633,33.69094467163086,7969.0,26.261947631835938
2013-09-12,33.69094467163086,33.43998718261719,33.69094467163086,33.43998718261719,3187.0,26.066326141357422
2013-09-13,33.69094467163086,33.69094467163086,33.69094467163086,33.69094467163086,1593.0,26.261947631835938
2013-09-16,33.753684997558594,33.314510345458984,33.753684997558594,33.69094467163086,6375.0,26.261947631835938
2013-09-17,33.43998718261719,33.37725067138672,33.43998718261719,33.37725067138672,6375.0,26.017425537109375
2013-09-18,33.565467834472656,33.565467834472656,33.565467834472656,33.565467834472656,1593.0,26.164138793945312
2013-09-23,33.50272750854492,33.12629318237305,33.251773834228516,33.50272750854492,14345.0,26.115232467651367
2013-09-24,33.43998718261719,33.12629318237305,33.12629318237305,33.251773834228516,15939.0,25.91961669921875
2013-09-25,35.5731201171875,33.251773834228516,33.251773834228516,35.5731201171875,299653.0,27.729095458984375
2013-09-26,34.0673828125,33.12629318237305,33.12629318237305,33.251773834228516,267775.0,25.91961669921875
2013-09-27,34.1928596496582,33.314510345458984,33.314510345458984,33.314510345458984,49410.0,25.968517303466797
2013-09-30,33.37725067138672,33.314510345458984,33.314510345458984,33.37725067138672,15939.0,26.017425537109375
2013-10-01,33.94190216064453,33.314510345458984,33.37725067138672,33.43998718261719,38253.0,26.066326141357422
2013-10-02,33.565467834472656,33.12629318237305,33.43998718261719,33.12629318237305,54192.0,25.82180404663086
2013-10-03,33.43998718261719,33.12629318237305,33.12629318237305,33.43998718261719,3187.0,26.066326141357422
2013-10-04,33.62820816040039,33.251773834228516,33.251773834228516,33.251773834228516,43035.0,25.91961669921875
2013-10-07,33.314510345458984,33.18903350830078,33.251773834228516,33.314510345458984,20720.0,25.968517303466797
2013-10-08,33.565467834472656,33.251773834228516,33.50272750854492,33.251773834228516,12751.0,25.91961669921875
2013-10-09,33.37725067138672,33.18903350830078,33.251773834228516,33.37725067138672,25502.0,26.017425537109375
2013-10-11,33.81642532348633,33.251773834228516,33.62820816040039,33.37725067138672,41441.0,26.017425537109375
2013-10-14,33.753684997558594,33.251773834228516,33.753684997558594,33.251773834228516,14345.0,25.91961669921875
2013-10-15,33.565467834472656,33.50272750854492,33.50272750854492,33.50272750854492,4781.0,26.115232467651367
2013-10-16,33.314510345458984,33.314510345458984,33.314510345458984,33.314510345458984,11157.0,25.968517303466797
2013-10-17,33.565467834472656,33.251773834228516,33.251773834228516,33.565467834472656,4781.0,26.164138793945312
2013-10-18,33.565467834472656,33.314510345458984,33.565467834472656,33.37725067138672,23908.0,26.017425537109375
2013-10-21,33.37725067138672,33.251773834228516,33.251773834228516,33.37725067138672,12751.0,26.017425537109375
2013-10-22,33.37725067138672,33.251773834228516,33.251773834228516,33.37725067138672,11157.0,26.017425537109375
2013-10-23,33.565467834472656,33.314510345458984,33.37725067138672,33.37725067138672,9563.0,26.017425537109375
2013-10-24,33.37725067138672,33.251773834228516,33.314510345458984,33.37725067138672,28690.0,26.017425537109375
2013-10-25,33.50272750854492,32.93807601928711,33.251773834228516,33.43998718261719,31878.0,26.066326141357422
2013-10-28,33.43998718261719,33.12629318237305,33.43998718261719,33.12629318237305,3187.0,25.82180404663086
2013-10-29,35.133949279785156,33.06355285644531,35.133949279785156,33.37725067138672,38253.0,26.017425537109375
2013-10-30,33.43998718261719,33.251773834228516,33.251773834228516,33.43998718261719,3187.0,26.066326141357422
2013-10-31,33.37725067138672,33.251773834228516,33.37725067138672,33.37725067138672,17532.0,26.017425537109375
2013-11-01,33.43998718261719,33.12629318237305,33.251773834228516,33.43998718261719,17532.0,26.066326141357422
2013-11-04,33.43998718261719,33.251773834228516,33.43998718261719,33.251773834228516,3187.0,25.91961669921875
2013-11-05,33.251773834228516,33.18903350830078,33.251773834228516,33.251773834228516,28690.0,25.91961669921875
2013-11-06,33.251773834228516,33.251773834228516,33.251773834228516,33.251773834228516,1593.0,25.91961669921875
2013-11-07,33.251773834228516,33.251773834228516,33.251773834228516,33.251773834228516,14345.0,25.91961669921875
2013-11-08,33.251773834228516,33.251773834228516,33.251773834228516,33.251773834228516,9563.0,25.91961669921875
2013-11-11,33.251773834228516,33.251773834228516,33.251773834228516,33.251773834228516,0.0,25.91961669921875
2013-11-12,33.43998718261719,33.12629318237305,33.314510345458984,33.314510345458984,19126.0,25.968517303466797
2013-11-13,33.753684997558594,33.18903350830078,33.565467834472656,33.753684997558594,4781.0,26.310853958129883
2013-11-14,33.753684997558594,33.753684997558594,33.753684997558594,33.753684997558594,0.0,26.310853958129883
2013-11-15,33.69094467163086,33.69094467163086,33.69094467163086,33.69094467163086,1593.0,26.261947631835938
2013-11-18,33.69094467163086,33.69094467163086,33.69094467163086,33.69094467163086,0.0,26.261947631835938
2013-11-19,33.62820816040039,33.62820816040039,33.62820816040039,33.62820816040039,1593.0,26.213045120239258
2013-11-20,33.62820816040039,33.50272750854492,33.50272750854492,33.62820816040039,9563.0,26.213045120239258
2013-11-21,33.50272750854492,33.12629318237305,33.12629318237305,33.50272750854492,9563.0,26.115232467651367
2013-11-22,33.62820816040039,33.18903350830078,33.18903350830078,33.62820816040039,15939.0,26.213045120239258
2013-11-25,33.251773834228516,33.251773834228516,33.251773834228516,33.251773834228516,3187.0,25.91961669921875
2013-11-26,33.37725067138672,33.12629318237305,33.12629318237305,33.18903350830078,23908.0,25.870710372924805
2013-11-27,33.50272750854492,33.18903350830078,33.50272750854492,33.18903350830078,4781.0,25.870710372924805
2013-11-28,33.50272750854492,33.000816345214844,33.50272750854492,33.18903350830078,17532.0,25.870710372924805
2013-11-29,33.43998718261719,33.251773834228516,33.43998718261719,33.251773834228516,12751.0,25.91961669921875
2013-12-02,33.62820816040039,33.251773834228516,33.62820816040039,33.37725067138672,76507.0,26.017425537109375
2013-12-03,33.62820816040039,33.251773834228516,33.62820816040039,33.37725067138672,20720.0,26.017425537109375
2013-12-04,33.50272750854492,33.37725067138672,33.50272750854492,33.37725067138672,4781.0,26.017425537109375
2013-12-05,33.565467834472656,33.251773834228516,33.565467834472656,33.251773834228516,7969.0,25.91961669921875
2013-12-06,33.37725067138672,32.93807601928711,33.251773834228516,33.37725067138672,17532.0,26.017425537109375
2013-12-09,33.43998718261719,33.314510345458984,33.314510345458984,33.37725067138672,6375.0,26.017425537109375
2013-12-10,33.43998718261719,33.251773834228516,33.314510345458984,33.43998718261719,20720.0,26.066326141357422
2013-12-11,33.50272750854492,33.251773834228516,33.50272750854492,33.50272750854492,12751.0,26.115232467651367
2013-12-12,33.50272750854492,33.50272750854492,33.50272750854492,33.50272750854492,1593.0,26.115232467651367
2013-12-13,33.565467834472656,33.251773834228516,33.565467834472656,33.50272750854492,14345.0,26.115232467651367
2013-12-16,33.50272750854492,33.251773834228516,33.50272750854492,33.251773834228516,4781.0,25.91961669921875
2013-12-17,33.251773834228516,33.12629318237305,33.18903350830078,33.12629318237305,22314.0,25.82180404663086
2013-12-18,33.37725067138672,33.000816345214844,33.12629318237305,33.18903350830078,27096.0,25.870710372924805
2013-12-19,33.37725067138672,33.18903350830078,33.37725067138672,33.251773834228516,14345.0,25.91961669921875
2013-12-20,33.50272750854492,33.251773834228516,33.314510345458984,33.50272750854492,6375.0,26.115232467651367
2013-12-23,33.50272750854492,33.251773834228516,33.251773834228516,33.50272750854492,19126.0,26.115232467651367
2013-12-24,33.50272750854492,33.18903350830078,33.43998718261719,33.50272750854492,22314.0,26.115232467651367
2013-12-25,33.50272750854492,33.37725067138672,33.37725067138672,33.50272750854492,4781.0,26.115232467651367
2013-12-26,33.87916564941406,33.37725067138672,33.37725067138672,33.87916564941406,27096.0,26.40866470336914
2013-12-27,34.004642486572266,33.565467834472656,33.87916564941406,33.565467834472656,9563.0,26.164138793945312
2013-12-30,33.753684997558594,33.251773834228516,33.50272750854492,33.251773834228516,25502.0,25.91961669921875
2013-12-31,33.251773834228516,33.12629318237305,33.251773834228516,33.251773834228516,46223.0,25.91961669921875
2014-01-02,33.12629318237305,32.875335693359375,33.12629318237305,32.93807601928711,44629.0,25.675092697143555
2014-01-03,33.43998718261719,32.68711853027344,32.93807601928711,33.43998718261719,41441.0,26.066326141357422
2014-01-06,33.50272750854492,32.93807601928711,32.93807601928711,33.43998718261719,38253.0,26.066326141357422
2014-01-07,33.43998718261719,33.37725067138672,33.43998718261719,33.37725067138672,4781.0,26.017425537109375
2014-01-08,33.43998718261719,33.37725067138672,33.37725067138672,33.43998718261719,23908.0,26.066326141357422
2014-01-09,33.50272750854492,33.251773834228516,33.43998718261719,33.50272750854492,17532.0,26.115232467651367
2014-01-10,33.753684997558594,33.314510345458984,33.62820816040039,33.753684997558594,15939.0,26.310853958129883
2014-01-13,33.753684997558594,33.251773834228516,33.753684997558594,33.251773834228516,9563.0,25.91961669921875
2014-01-14,33.62820816040039,33.43998718261719,33.62820816040039,33.565467834472656,9563.0,26.164138793945312
2014-01-15,33.565467834472656,33.251773834228516,33.37725067138672,33.565467834472656,4781.0,26.164138793945312
2014-01-16,33.69094467163086,33.251773834228516,33.314510345458984,33.69094467163086,11157.0,26.261947631835938
2014-01-17,33.69094467163086,33.251773834228516,33.69094467163086,33.251773834228516,14345.0,25.91961669921875
2014-01-20,33.251773834228516,33.18903350830078,33.251773834228516,33.251773834228516,11157.0,25.91961669921875
2014-01-21,33.37725067138672,33.18903350830078,33.18903350830078,33.37725067138672,4781.0,26.017425537109375
2014-01-22,33.37725067138672,33.06355285644531,33.18903350830078,33.37725067138672,28690.0,26.017425537109375
2014-01-23,33.251773834228516,33.251773834228516,33.251773834228516,33.251773834228516,6375.0,25.91961669921875
2014-01-24,33.50272750854492,33.06355285644531,33.12629318237305,33.50272750854492,19126.0,26.115232467651367
2014-01-27,33.50272750854492,33.50272750854492,33.50272750854492,33.50272750854492,0.0,26.115232467651367
2014-02-05,32.93807601928711,32.875335693359375,32.93807601928711,32.93807601928711,9563.0,25.675092697143555
2014-02-06,33.06355285644531,32.93807601928711,32.93807601928711,33.06355285644531,14345.0,25.772899627685547
2014-02-07,33.37725067138672,32.812599182128906,32.93807601928711,33.314510345458984,23908.0,25.968517303466797
2014-02-10,33.43998718261719,33.12629318237305,33.251773834228516,33.12629318237305,43035.0,25.82180404663086
2014-02-11,33.314510345458984,32.74985885620117,33.06355285644531,33.314510345458984,30284.0,25.968517303466797
2014-02-12,33.314510345458984,31.99698829650879,33.12629318237305,33.12629318237305,33471.0,25.82180404663086
2014-02-13,33.314510345458984,32.93807601928711,33.314510345458984,33.12629318237305,132293.0,25.82180404663086
2014-02-14,33.314510345458984,33.314510345458984,33.314510345458984,33.314510345458984,1593.0,25.968517303466797
2014-02-17,33.314510345458984,33.06355285644531,33.12629318237305,33.251773834228516,27096.0,25.91961669921875
2014-02-18,33.18903350830078,33.06355285644531,33.06355285644531,33.18903350830078,28690.0,25.870710372924805
2014-02-19,33.18903350830078,33.000816345214844,33.000816345214844,33.18903350830078,15939.0,25.870710372924805
2014-02-20,33.18903350830078,32.875335693359375,33.06355285644531,33.18903350830078,46223.0,25.870710372924805
2014-02-21,33.06355285644531,32.122467041015625,32.561641693115234,33.06355285644531,49410.0,25.772899627685547
2014-02-24,32.812599182128906,31.369596481323242,32.561641693115234,32.812599182128906,86070.0,25.577281951904297
2014-02-25,32.74985885620117,31.369596481323242,32.31068420410156,31.369596481323242,137075.0,24.452468872070312
2014-02-26,31.99698829650879,31.369596481323242,31.495073318481445,31.99698829650879,52598.0,24.94151496887207
2014-02-27,32.6243782043457,31.495073318481445,32.6243782043457,31.495073318481445,39847.0,24.550275802612305
2014-03-03,31.683292388916016,31.306856155395508,31.495073318481445,31.495073318481445,25502.0,24.550275802612305
2014-03-04,31.369596481323242,31.05590057373047,31.369596481323242,31.369596481323242,79695.0,24.452468872070312
2014-03-05,31.369596481323242,31.05590057373047,31.369596481323242,31.369596481323242,33471.0,24.452468872070312
2014-03-06,31.369596481323242,30.930421829223633,31.369596481323242,31.306856155395508,38253.0,24.403562545776367
2014-03-07,31.369596481323242,31.181379318237305,31.306856155395508,31.369596481323242,33471.0,24.452468872070312
2014-03-10,31.369596481323242,30.804943084716797,30.86768341064453,31.369596481323242,14345.0,24.452468872070312
2014-03-11,31.369596481323242,31.369596481323242,31.369596481323242,31.369596481323242,0.0,24.452468872070312
2014-03-12,31.369596481323242,30.804943084716797,31.369596481323242,31.369596481323242,20720.0,24.452468872070312
2014-03-13,31.369596481323242,31.306856155395508,31.306856155395508,31.369596481323242,20720.0,24.452468872070312
2014-03-14,31.369596481323242,30.930421829223633,30.930421829223633,31.369596481323242,31878.0,24.452468872070312
2014-03-17,31.369596481323242,31.369596481323242,31.369596481323242,31.369596481323242,46223.0,24.452468872070312
2014-03-18,31.369596481323242,30.836313247680664,30.961790084838867,31.369596481323242,33471.0,24.452468872070312
2014-03-19,31.338226318359375,30.86768341064453,30.86768341064453,31.338226318359375,19126.0,24.428014755249023
2014-03-20,31.306856155395508,30.742204666137695,30.804943084716797,31.306856155395508,15939.0,24.403562545776367
2014-03-21,31.306856155395508,31.306856155395508,31.306856155395508,31.306856155395508,0.0,24.403562545776367
2014-03-24,31.338226318359375,31.306856155395508,31.306856155395508,31.338226318359375,11157.0,24.428014755249023
2014-03-25,31.338226318359375,31.306856155395508,31.338226318359375,31.338226318359375,6375.0,24.428014755249023
2014-03-26,30.930421829223633,29.361942291259766,30.930421829223633,30.11481285095215,200831.0,23.474369049072266
2014-03-27,30.11481285095215,28.609071731567383,30.11481285095215,28.922767639160156,84476.0,22.54517364501953
2014-03-28,29.424680709838867,28.232635498046875,29.424680709838867,29.424680709838867,100415.0,22.936412811279297
2014-03-31,30.11481285095215,29.07961654663086,29.48741912841797,30.11481285095215,149826.0,23.474369049072266
2014-04-01,30.11481285095215,29.205093383789062,30.11481285095215,29.989334106445312,100415.0,23.376558303833008
2014-04-02,29.989334106445312,29.48741912841797,29.989334106445312,29.48741912841797,35065.0,22.98531723022461
2014-04-03,30.11481285095215,29.48741912841797,29.48741912841797,29.801116943359375,47817.0,23.22984504699707
2014-04-07,29.801116943359375,29.48741912841797,29.48741912841797,29.801116943359375,52598.0,23.22984504699707
2014-04-08,29.801116943359375,29.707006454467773,29.707006454467773,29.801116943359375,28690.0,23.22984504699707
2014-04-09,29.801116943359375,29.801116943359375,29.801116943359375,29.801116943359375,4781.0,23.22984504699707
2014-04-10,29.801116943359375,29.801116943359375,29.801116943359375,29.801116943359375,1593.0,23.22984504699707
2014-04-11,31.62055206298828,29.550159454345703,29.73837661743164,31.150009155273438,62162.0,24.281299591064453
2014-04-14,31.150009155273438,31.150009155273438,31.150009155273438,31.150009155273438,0.0,24.281299591064453
2014-04-15,30.86768341064453,30.86768341064453,30.86768341064453,30.86768341064453,3187.0,24.061227798461914
2014-04-16,30.86768341064453,30.742204666137695,30.742204666137695,30.86768341064453,23908.0,24.061227798461914
2014-04-17,30.86768341064453,30.86768341064453,30.86768341064453,30.86768341064453,1593.0,24.061227798461914
2014-04-18,30.86768341064453,30.773574829101562,30.86768341064453,30.773574829101562,3187.0,23.987869262695312
2014-04-21,30.804943084716797,29.801116943359375,30.742204666137695,30.61672592163086,30284.0,23.86560821533203
2014-04-22,29.895225524902344,29.863855361938477,29.863855361938477,29.863855361938477,7969.0,23.278749465942383
2014-04-23,30.365768432617188,29.173723220825195,29.801116943359375,30.146181106567383,52598.0,23.49881935119629
2014-04-24,30.11481285095215,30.08344268798828,30.08344268798828,30.11481285095215,19126.0,23.474369049072266
2014-04-25,30.11481285095215,29.550159454345703,30.11481285095215,30.11481285095215,17532.0,23.474369049072266
2014-04-28,30.11481285095215,29.361942291259766,29.989334106445312,30.08344268798828,44629.0,23.44991683959961
2014-04-29,29.92659568786621,29.48741912841797,29.863855361938477,29.863855361938477,35065.0,23.278749465942383
2014-04-30,30.11481285095215,29.863855361938477,29.863855361938477,30.052072525024414,15939.0,23.425464630126953
2014-05-02,30.052072525024414,29.801116943359375,29.83248519897461,30.052072525024414,172141.0,23.425464630126953
2014-05-05,29.957963943481445,29.957963943481445,29.957963943481445,29.957963943481445,1593.0,23.35210609436035
2014-05-06,29.989334106445312,29.48741912841797,29.48741912841797,29.989334106445312,71725.0,23.376558303833008
2014-05-07,29.863855361938477,29.48741912841797,29.801116943359375,29.863855361938477,15939.0,23.278749465942383
2014-05-08,29.48741912841797,29.173723220825195,29.48741912841797,29.361942291259766,28690.0,22.887510299682617
2014-05-09,29.48741912841797,28.922767639160156,29.3305721282959,29.456050872802734,20720.0,22.960865020751953
2014-05-12,29.456050872802734,28.326744079589844,28.326744079589844,29.456050872802734,11157.0,22.960865020751953
2014-05-13,29.48741912841797,29.456050872802734,29.456050872802734,29.48741912841797,39847.0,22.98531723022461
2014-05-14,29.48741912841797,29.48741912841797,29.48741912841797,29.48741912841797,0.0,22.98531723022461
2014-05-15,29.48741912841797,28.29537582397461,28.29537582397461,29.48741912841797,14345.0,22.98531723022461
2014-05-16,29.863855361938477,29.456050872802734,29.456050872802734,29.863855361938477,3187.0,23.278749465942383
2014-05-19,29.863855361938477,29.801116943359375,29.801116943359375,29.863855361938477,7969.0,23.278749465942383
2014-05-20,29.801116943359375,29.801116943359375,29.801116943359375,29.801116943359375,4781.0,23.22984504699707
2014-05-21,29.801116943359375,28.860027313232422,28.860027313232422,29.769746780395508,11157.0,23.20539093017578
2014-05-22,29.801116943359375,29.769746780395508,29.769746780395508,29.801116943359375,176922.0,23.22984504699707
2014-05-23,29.801116943359375,29.267833709716797,29.801116943359375,29.801116943359375,44629.0,23.22984504699707
2014-05-26,29.801116943359375,29.173723220825195,29.801116943359375,29.801116943359375,62162.0,23.22984504699707
2014-05-27,29.989334106445312,29.205093383789062,29.769746780395508,29.895225524902344,57380.0,23.303199768066406
2014-05-28,29.895225524902344,29.424680709838867,29.895225524902344,29.801116943359375,54192.0,23.22984504699707
2014-05-29,29.801116943359375,29.361942291259766,29.801116943359375,29.644268035888672,47817.0,23.107582092285156
2014-05-30,30.428508758544922,29.173723220825195,29.644268035888672,30.11481285095215,74913.0,23.474369049072266
2014-06-03,30.11481285095215,29.48741912841797,30.11481285095215,30.052072525024414,52598.0,23.425464630126953
2014-06-04,29.989334106445312,29.518789291381836,29.989334106445312,29.83248519897461,51004.0,23.254295349121094
2014-06-05,29.769746780395508,29.23646354675293,29.769746780395508,29.707006454467773,70131.0,23.15648651123047
2014-06-06,29.48741912841797,28.860027313232422,29.48741912841797,29.361942291259766,74913.0,22.887510299682617
2014-06-09,29.016876220703125,28.54633140563965,28.89139747619629,29.016876220703125,164171.0,22.6185302734375
2014-06-10,29.048246383666992,28.860027313232422,28.860027313232422,29.048246383666992,109979.0,22.642982482910156
2014-06-11,29.048246383666992,28.860027313232422,29.048246383666992,28.985506057739258,70131.0,22.594078063964844
2014-06-12,28.922767639160156,27.667984008789062,28.922767639160156,28.232635498046875,116354.0,22.007217407226562
2014-06-13,30.208921432495117,28.420854568481445,28.420854568481445,30.17755126953125,125918.0,23.523273468017578
2014-06-16,31.871509552001953,30.17755126953125,30.17755126953125,31.55781364440918,167359.0,24.59918212890625
2014-06-17,31.871509552001953,30.899051666259766,31.55781364440918,30.993160247802734,49410.0,24.15903663635254
2014-06-18,31.934249877929688,30.428508758544922,31.369596481323242,31.871509552001953,103603.0,24.843704223632812
2014-06-19,32.18520736694336,30.804943084716797,31.55781364440918,31.369596481323242,84476.0,24.452468872070312
2014-06-20,31.80876922607422,30.86768341064453,31.55781364440918,31.306856155395508,55786.0,24.403562545776367
2014-06-23,31.306856155395508,30.930421829223633,31.306856155395508,31.11863899230957,60568.0,24.256847381591797
2014-06-24,31.306856155395508,30.17755126953125,31.244117736816406,31.05590057373047,39847.0,24.207942962646484
2014-06-25,31.181379318237305,30.17755126953125,30.993160247802734,31.181379318237305,51004.0,24.305753707885742
2014-06-26,31.369596481323242,30.11481285095215,31.306856155395508,30.45987892150879,98821.0,23.743345260620117
2014-06-27,30.742204666137695,30.11481285095215,30.553987503051758,30.397138595581055,113166.0,23.694438934326172
2014-06-30,30.428508758544922,30.146181106567383,30.397138595581055,30.365768432617188,84476.0,23.669986724853516
2014-07-01,30.710834503173828,30.146181106567383,30.365768432617188,30.303030014038086,239085.0,23.621082305908203
2014-07-02,30.33439826965332,28.985506057739258,30.33439826965332,29.361942291259766,156202.0,22.887510299682617
2014-07-03,29.989334106445312,29.48741912841797,29.48741912841797,29.863855361938477,44629.0,23.278749465942383
2014-07-04,30.240291595458984,29.895225524902344,29.989334106445312,29.895225524902344,227927.0,23.303199768066406
2014-07-07,29.895225524902344,29.048246383666992,29.895225524902344,29.361942291259766,76507.0,22.887510299682617
2014-07-08,29.3305721282959,29.173723220825195,29.299203872680664,29.299203872680664,41441.0,22.838605880737305
2014-07-09,29.267833709716797,29.048246383666992,29.173723220825195,29.267833709716797,58974.0,22.814151763916016
2014-07-10,29.23646354675293,29.110984802246094,29.14235496520996,29.205093383789062,76507.0,22.76524543762207
2014-07-11,29.14235496520996,27.448396682739258,29.048246383666992,29.048246383666992,146638.0,22.642982482910156
2014-07-14,28.954137802124023,28.860027313232422,28.860027313232422,28.954137802124023,55786.0,22.56962776184082
2014-07-15,28.860027313232422,28.169897079467773,28.860027313232422,28.514963150024414,82882.0,22.227294921875
2014-07-16,28.70318031311035,28.044418334960938,28.54633140563965,28.483592987060547,39847.0,22.20284080505371
2014-07-17,28.985506057739258,28.452224731445312,28.452224731445312,28.860027313232422,79695.0,22.496267318725586
2014-07-18,28.985506057739258,28.420854568481445,28.828659057617188,28.985506057739258,148232.0,22.594078063964844
2014-07-21,29.016876220703125,28.671810150146484,28.828659057617188,28.954137802124023,113166.0,22.56962776184082
2014-07-22,28.985506057739258,28.828659057617188,28.828659057617188,28.985506057739258,97227.0,22.594078063964844
2014-07-23,28.985506057739258,28.985506057739258,28.985506057739258,28.985506057739258,0.0,22.594078063964844
2014-07-24,28.89139747619629,28.828659057617188,28.860027313232422,28.860027313232422,66943.0,22.496267318725586
2014-07-25,28.828659057617188,28.232635498046875,28.828659057617188,28.54633140563965,111573.0,22.25174331665039
2014-07-28,28.671810150146484,28.452224731445312,28.54633140563965,28.671810150146484,106791.0,22.349552154541016
2014-07-29,28.828659057617188,28.54633140563965,28.671810150146484,28.609071731567383,98821.0,22.300649642944336
2014-07-30,28.609071731567383,28.420854568481445,28.609071731567383,28.609071731567383,86070.0,22.300649642944336
2014-07-31,28.64044189453125,28.29537582397461,28.609071731567383,28.54633140563965,103603.0,22.25174331665039
2014-08-01,30.11481285095215,28.420854568481445,28.54633140563965,29.644268035888672,192861.0,23.107582092285156
2014-08-04,30.553987503051758,29.67563819885254,29.67563819885254,30.303030014038086,94040.0,23.621082305908203
2014-08-05,30.428508758544922,30.020702362060547,30.303030014038086,30.365768432617188,58974.0,23.669986724853516
2014-08-06,30.428508758544922,29.92659568786621,30.365768432617188,30.428508758544922,39847.0,23.71889305114746
2014-08-07,30.428508758544922,30.11481285095215,30.428508758544922,30.428508758544922,33471.0,23.71889305114746
2014-08-08,30.553987503051758,30.052072525024414,30.428508758544922,30.303030014038086,54192.0,23.621082305908203
2014-08-11,30.365768432617188,29.801116943359375,30.365768432617188,30.303030014038086,44629.0,23.621082305908203
2014-08-12,30.67946434020996,30.365768432617188,30.365768432617188,30.52261734008789,62162.0,23.792251586914062
2014-08-13,30.553987503051758,30.208921432495117,30.553987503051758,30.52261734008789,62162.0,23.792251586914062
2014-08-14,30.553987503051758,30.052072525024414,30.553987503051758,30.553987503051758,87664.0,23.81670379638672
2014-08-15,30.61672592163086,30.11481285095215,30.553987503051758,30.585355758666992,66943.0,23.841154098510742
2014-08-18,30.585355758666992,30.020702362060547,30.585355758666992,30.553987503051758,43035.0,23.81670379638672
2014-08-19,30.742204666137695,30.491247177124023,30.61672592163086,30.553987503051758,46223.0,23.81670379638672
2014-08-20,30.61672592163086,30.365768432617188,30.61672592163086,30.52261734008789,95634.0,23.792251586914062
2014-08-21,30.585355758666992,30.45987892150879,30.553987503051758,30.491247177124023,46223.0,23.767797470092773
2014-08-22,30.648094177246094,30.240291595458984,30.52261734008789,30.240291595458984,30284.0,23.57217788696289
2014-08-25,31.244117736816406,30.27165985107422,30.27165985107422,30.303030014038086,57380.0,23.621082305908203
2014-08-26,30.804943084716797,30.146181106567383,30.33439826965332,30.428508758544922,35065.0,23.71889305114746
2014-08-27,30.45987892150879,30.17755126953125,30.45987892150879,30.428508758544922,98821.0,23.71889305114746
2014-08-28,30.585355758666992,30.45987892150879,30.45987892150879,30.491247177124023,47817.0,23.767797470092773
2014-08-29,30.710834503173828,30.33439826965332,30.52261734008789,30.52261734008789,76507.0,23.792251586914062
2014-09-01,30.61672592163086,29.92659568786621,30.553987503051758,30.052072525024414,41441.0,23.425464630126953
2014-09-02,30.397138595581055,30.08344268798828,30.08344268798828,30.365768432617188,73319.0,23.669986724853516
2014-09-03,30.491247177124023,30.365768432617188,30.397138595581055,30.365768432617188,46223.0,23.669986724853516
2014-09-04,30.742204666137695,30.17755126953125,30.397138595581055,30.742204666137695,181704.0,23.96341896057129
2014-09-05,31.0245304107666,30.742204666137695,30.742204666137695,30.804943084716797,15939.0,24.01232147216797
2014-09-09,31.0245304107666,30.11481285095215,30.804943084716797,30.397138595581055,86070.0,23.694438934326172
2014-09-10,30.61672592163086,30.428508758544922,30.491247177124023,30.428508758544922,25502.0,23.71889305114746
2014-09-11,30.491247177124023,30.11481285095215,30.491247177124023,30.240291595458984,97227.0,23.57217788696289
2014-09-12,30.648094177246094,30.27165985107422,30.365768432617188,30.27165985107422,46223.0,23.596628189086914
2014-09-15,30.45987892150879,30.33439826965332,30.33439826965332,30.428508758544922,35065.0,23.71889305114746
2014-09-16,30.52261734008789,30.491247177124023,30.491247177124023,30.491247177124023,11157.0,23.767797470092773
2014-09-17,30.52261734008789,29.801116943359375,30.52261734008789,30.45987892150879,43035.0,23.743345260620117
2014-09-18,30.491247177124023,30.45987892150879,30.45987892150879,30.491247177124023,25502.0,23.767797470092773
2014-09-19,31.55781364440918,30.52261734008789,30.52261734008789,31.181379318237305,86070.0,24.305753707885742
2014-09-22,31.181379318237305,30.428508758544922,31.181379318237305,30.899051666259766,46223.0,24.085678100585938
2014-09-23,30.993160247802734,30.52261734008789,30.86768341064453,30.742204666137695,94040.0,23.96341896057129
2014-09-24,30.804943084716797,30.45987892150879,30.804943084716797,30.742204666137695,11157.0,23.96341896057129
2014-09-25,30.804943084716797,30.33439826965332,30.804943084716797,30.61672592163086,44629.0,23.86560821533203
2014-09-26,30.836313247680664,30.45987892150879,30.61672592163086,30.742204666137695,31878.0,23.96341896057129
2014-09-29,31.0245304107666,30.52261734008789,30.804943084716797,30.993160247802734,41441.0,24.15903663635254
2014-09-30,31.80876922607422,30.61672592163086,30.993160247802734,31.683292388916016,164171.0,24.696990966796875
2014-10-01,31.746030807495117,31.181379318237305,31.746030807495117,31.62055206298828,51004.0,24.648086547851562
2014-10-02,31.62055206298828,30.208921432495117,31.62055206298828,31.244117736816406,49410.0,24.354658126831055
2014-10-03,31.369596481323242,30.67946434020996,31.369596481323242,30.804943084716797,44629.0,24.01232147216797
2014-10-06,30.86768341064453,30.240291595458984,30.86768341064453,30.428508758544922,51004.0,23.71889305114746
2014-10-07,30.428508758544922,29.989334106445312,30.428508758544922,30.303030014038086,28690.0,23.621082305908203
2014-10-08,30.45987892150879,30.146181106567383,30.240291595458984,30.45987892150879,65349.0,23.743345260620117
2014-10-09,31.369596481323242,30.52261734008789,30.52261734008789,30.930421829223633,98821.0,24.11013412475586
2014-10-13,31.150009155273438,30.61672592163086,30.61672592163086,30.773574829101562,57380.0,23.987869262695312
2014-10-14,30.993160247802734,30.52261734008789,30.836313247680664,30.742204666137695,108385.0,23.96341896057129
2014-10-15,30.899051666259766,30.11481285095215,30.742204666137695,30.61672592163086,133887.0,23.86560821533203
2014-10-16,30.773574829101562,30.303030014038086,30.61672592163086,30.67946434020996,41441.0,23.91451072692871
2014-10-17,31.05590057373047,29.989334106445312,30.67946434020996,30.67946434020996,164171.0,23.91451072692871
2014-10-20,31.369596481323242,30.585355758666992,30.742204666137695,30.742204666137695,129105.0,23.96341896057129
2014-10-21,30.930421829223633,30.742204666137695,30.742204666137695,30.836313247680664,127512.0,24.036775588989258
2014-10-22,31.369596481323242,30.428508758544922,30.836313247680664,30.61672592163086,108385.0,23.86560821533203
2014-10-23,31.05590057373047,30.365768432617188,30.585355758666992,31.05590057373047,94040.0,24.207942962646484
2014-10-24,31.11863899230957,30.553987503051758,31.11863899230957,30.553987503051758,82882.0,23.81670379638672
2014-10-27,30.61672592163086,29.801116943359375,30.61672592163086,29.801116943359375,47817.0,23.22984504699707
2014-10-28,30.585355758666992,29.863855361938477,29.863855361938477,30.553987503051758,63756.0,23.81670379638672
2014-10-29,30.930421829223633,30.45987892150879,30.553987503051758,30.804943084716797,119542.0,24.01232147216797
2014-10-30,31.0245304107666,30.804943084716797,30.804943084716797,30.961790084838867,92446.0,24.134584426879883
2014-10-31,31.05590057373047,30.899051666259766,31.05590057373047,30.930421829223633,46223.0,24.11013412475586
2014-11-03,31.087270736694336,30.428508758544922,30.930421829223633,30.899051666259766,73319.0,24.085678100585938
2014-11-04,30.899051666259766,30.303030014038086,30.899051666259766,30.491247177124023,84476.0,23.767797470092773
2014-11-05,30.86768341064453,30.491247177124023,30.491247177124023,30.86768341064453,51004.0,24.061227798461914
2014-11-06,30.86768341064453,30.61672592163086,30.86768341064453,30.836313247680664,49410.0,24.036775588989258
2014-11-07,31.0245304107666,30.836313247680664,30.836313247680664,30.899051666259766,54192.0,24.085678100585938
2014-11-10,30.961790084838867,30.804943084716797,30.899051666259766,30.930421829223633,54192.0,24.11013412475586
2014-11-11,31.05590057373047,30.836313247680664,30.930421829223633,30.86768341064453,36659.0,24.061227798461914
2014-11-12,31.11863899230957,30.585355758666992,30.86768341064453,30.585355758666992,54192.0,23.841154098510742
2014-11-13,30.742204666137695,30.553987503051758,30.585355758666992,30.553987503051758,55786.0,23.81670379638672
2014-11-14,30.710834503173828,30.365768432617188,30.553987503051758,30.61672592163086,38253.0,23.86560821533203
2014-11-17,30.836313247680664,30.11481285095215,30.61672592163086,30.52261734008789,66943.0,23.792251586914062
2014-11-18,30.710834503173828,30.428508758544922,30.52261734008789,30.61672592163086,41441.0,23.86560821533203
2014-11-19,30.553987503051758,30.491247177124023,30.553987503051758,30.52261734008789,65349.0,23.792251586914062
2014-11-20,30.52261734008789,30.146181106567383,30.52261734008789,30.146181106567383,54192.0,23.49881935119629
2014-11-21,30.428508758544922,30.11481285095215,30.146181106567383,30.27165985107422,52598.0,23.596628189086914
2014-11-24,30.397138595581055,29.989334106445312,30.052072525024414,30.27165985107422,156202.0,23.596628189086914
2014-11-25,30.491247177124023,30.11481285095215,30.11481285095215,30.27165985107422,81288.0,23.596628189086914
2014-11-26,30.397138595581055,30.052072525024414,30.27165985107422,30.052072525024414,55786.0,23.425464630126953
2014-11-27,30.208921432495117,30.052072525024414,30.052072525024414,30.08344268798828,66943.0,23.44991683959961
2014-11-28,30.08344268798828,29.92659568786621,30.08344268798828,29.92659568786621,51004.0,23.327655792236328
2014-12-01,30.303030014038086,29.707006454467773,29.707006454467773,30.27165985107422,66943.0,23.596628189086914
2014-12-02,30.45987892150879,29.801116943359375,30.33439826965332,30.240291595458984,81288.0,23.57217788696289
2014-12-03,30.27165985107422,29.92659568786621,30.240291595458984,30.240291595458984,68537.0,23.57217788696289
2014-12-04,30.240291595458984,30.208921432495117,30.240291595458984,30.240291595458984,41441.0,23.57217788696289
2014-12-05,30.11481285095215,30.020702362060547,30.11481285095215,30.08344268798828,55786.0,23.44991683959961
2014-12-08,30.11481285095215,29.801116943359375,30.11481285095215,29.801116943359375,44629.0,23.22984504699707
2014-12-09,30.052072525024414,29.801116943359375,29.863855361938477,30.052072525024414,35065.0,23.425464630126953
2014-12-10,30.08344268798828,30.08344268798828,30.08344268798828,30.08344268798828,7969.0,23.44991683959961
2014-12-11,30.08344268798828,29.801116943359375,30.08344268798828,29.895225524902344,33471.0,23.303199768066406
2014-12-12,30.146181106567383,29.957963943481445,29.957963943481445,29.989334106445312,31878.0,23.376558303833008
2014-12-15,30.052072525024414,29.707006454467773,30.052072525024414,29.707006454467773,27096.0,23.15648651123047
2014-12-16,30.240291595458984,29.769746780395508,29.769746780395508,30.020702362060547,57380.0,23.401010513305664
2014-12-17,30.020702362060547,29.769746780395508,30.020702362060547,29.92659568786621,36659.0,23.327655792236328
2014-12-18,30.27165985107422,29.989334106445312,29.989334106445312,30.08344268798828,47817.0,23.44991683959961
2014-12-19,30.33439826965332,29.48741912841797,30.146181106567383,30.17755126953125,63756.0,23.523273468017578
2014-12-22,30.33439826965332,29.83248519897461,30.240291595458984,30.240291595458984,43035.0,23.57217788696289
2014-12-23,30.33439826965332,29.989334106445312,30.303030014038086,30.052072525024414,28690.0,23.425464630126953
2014-12-24,30.303030014038086,30.11481285095215,30.11481285095215,30.303030014038086,47817.0,23.621082305908203
2014-12-25,30.303030014038086,30.27165985107422,30.303030014038086,30.27165985107422,28690.0,23.596628189086914
2014-12-26,30.17755126953125,29.863855361938477,30.020702362060547,30.052072525024414,41441.0,23.425464630126953
2014-12-29,30.208921432495117,29.644268035888672,30.11481285095215,29.801116943359375,105197.0,23.22984504699707
2014-12-30,29.957963943481445,29.863855361938477,29.863855361938477,29.92659568786621,33471.0,23.327655792236328
2014-12-31,29.957963943481445,29.58152961730957,29.957963943481445,29.863855361938477,38253.0,23.278749465942383
2015-01-05,30.08344268798828,29.518789291381836,29.92659568786621,29.612899780273438,54192.0,23.083131790161133
2015-01-06,29.801116943359375,29.48741912841797,29.67563819885254,29.801116943359375,30284.0,23.22984504699707
2015-01-07,30.052072525024414,29.863855361938477,29.863855361938477,29.957963943481445,57380.0,23.35210609436035
2015-01-08,30.052072525024414,29.14235496520996,29.957963943481445,29.14235496520996,58974.0,22.716341018676758
2015-01-09,29.612899780273438,29.14235496520996,29.205093383789062,29.424680709838867,109979.0,22.936412811279297
2015-01-12,29.58152961730957,29.205093383789062,29.48741912841797,29.361942291259766,44629.0,22.887510299682617
2015-01-13,29.518789291381836,29.14235496520996,29.424680709838867,29.173723220825195,51004.0,22.740793228149414
2015-01-14,29.424680709838867,29.173723220825195,29.23646354675293,29.424680709838867,51004.0,22.936412811279297
2015-01-15,29.518789291381836,28.985506057739258,29.48741912841797,29.110984802246094,58974.0,22.6918888092041
2015-01-16,29.424680709838867,28.922767639160156,29.173723220825195,29.173723220825195,60568.0,22.740793228149414
2015-01-19,29.863855361938477,29.23646354675293,29.23646354675293,29.863855361938477,44629.0,23.278749465942383
2015-01-20,29.863855361938477,29.14235496520996,29.863855361938477,29.424680709838867,41441.0,22.936412811279297
2015-01-21,29.48741912841797,29.07961654663086,29.48741912841797,29.456050872802734,54192.0,22.960865020751953
2015-01-22,29.58152961730957,29.205093383789062,29.48741912841797,29.424680709838867,49410.0,22.936412811279297
2015-01-23,29.518789291381836,29.110984802246094,29.48741912841797,29.424680709838867,49410.0,22.936412811279297
2015-01-26,29.58152961730957,29.173723220825195,29.205093383789062,29.173723220825195,36659.0,22.740793228149414
2015-01-27,29.424680709838867,29.173723220825195,29.173723220825195,29.424680709838867,35065.0,22.936412811279297
2015-01-28,29.424680709838867,29.205093383789062,29.424680709838867,29.361942291259766,58974.0,22.887510299682617
2015-01-29,29.361942291259766,29.173723220825195,29.361942291259766,29.299203872680664,55786.0,22.838605880737305
2015-01-30,29.801116943359375,29.361942291259766,29.361942291259766,29.707006454467773,79695.0,23.15648651123047
2015-02-02,29.707006454467773,29.205093383789062,29.707006454467773,29.205093383789062,51004.0,22.76524543762207
2015-02-03,29.456050872802734,29.267833709716797,29.267833709716797,29.456050872802734,35065.0,22.960865020751953
2015-02-04,29.456050872802734,29.23646354675293,29.456050872802734,29.393312454223633,39847.0,22.91196060180664
2015-02-05,29.393312454223633,29.361942291259766,29.393312454223633,29.361942291259766,15939.0,22.887510299682617
2015-02-06,29.518789291381836,29.173723220825195,29.361942291259766,29.48741912841797,30284.0,22.98531723022461
2015-02-09,29.48741912841797,29.14235496520996,29.48741912841797,29.14235496520996,25502.0,22.716341018676758
2015-02-10,29.424680709838867,29.14235496520996,29.14235496520996,29.424680709838867,46223.0,22.936412811279297
2015-02-11,29.67563819885254,29.205093383789062,29.424680709838867,29.361942291259766,51004.0,22.887510299682617
2015-02-12,29.550159454345703,29.361942291259766,29.361942291259766,29.48741912841797,28690.0,22.98531723022461
2015-02-13,29.612899780273438,29.23646354675293,29.456050872802734,29.424680709838867,52598.0,22.936412811279297
2015-02-24,29.67563819885254,29.48741912841797,29.48741912841797,29.48741912841797,35065.0,22.98531723022461
2015-02-25,29.644268035888672,29.23646354675293,29.48741912841797,29.361942291259766,33471.0,22.887510299682617
2015-02-26,29.58152961730957,29.361942291259766,29.361942291259766,29.58152961730957,23908.0,23.05867576599121
2015-03-02,29.48741912841797,29.14235496520996,29.48741912841797,29.3305721282959,31878.0,22.863056182861328
2015-03-03,29.3305721282959,29.267833709716797,29.3305721282959,29.267833709716797,22314.0,22.814151763916016
2015-03-04,29.707006454467773,29.267833709716797,29.267833709716797,29.550159454345703,31878.0,23.034223556518555
2015-03-05,29.550159454345703,29.361942291259766,29.550159454345703,29.424680709838867,20720.0,22.936412811279297
2015-03-06,29.424680709838867,29.205093383789062,29.424680709838867,29.393312454223633,46223.0,22.91196060180664
2015-03-09,29.361942291259766,29.173723220825195,29.361942291259766,29.23646354675293,49410.0,22.78969955444336
2015-03-10,29.23646354675293,28.922767639160156,29.23646354675293,29.173723220825195,58974.0,22.740793228149414
2015-03-11,29.173723220825195,28.609071731567383,29.173723220825195,28.79728889465332,65349.0,22.447362899780273
2015-03-12,29.07961654663086,28.79728889465332,28.79728889465332,29.016876220703125,39847.0,22.6185302734375
2015-03-13,29.299203872680664,29.016876220703125,29.016876220703125,29.299203872680664,33471.0,22.838605880737305
2015-03-16,29.361942291259766,29.07961654663086,29.299203872680664,29.205093383789062,35065.0,22.76524543762207
2015-03-17,29.361942291259766,28.671810150146484,29.267833709716797,29.23646354675293,94040.0,22.78969955444336
2015-03-18,29.23646354675293,29.016876220703125,29.23646354675293,29.016876220703125,25502.0,22.6185302734375
2015-03-19,29.424680709838867,29.048246383666992,29.048246383666992,29.393312454223633,52598.0,22.91196060180664
2015-03-20,29.550159454345703,29.173723220825195,29.393312454223633,29.173723220825195,38253.0,22.740793228149414
2015-03-23,29.299203872680664,28.985506057739258,29.173723220825195,29.205093383789062,31878.0,22.76524543762207
2015-03-24,29.205093383789062,28.985506057739258,29.205093383789062,29.173723220825195,60568.0,22.740793228149414
2015-03-25,29.612899780273438,28.860027313232422,29.173723220825195,28.860027313232422,58974.0,22.496267318725586
2015-03-26,29.299203872680664,28.860027313232422,28.860027313232422,29.173723220825195,49410.0,22.740793228149414
2015-03-27,29.361942291259766,28.985506057739258,29.173723220825195,29.361942291259766,60568.0,22.887510299682617
2015-03-30,29.361942291259766,28.922767639160156,29.361942291259766,29.14235496520996,78101.0,22.716341018676758
2015-03-31,29.48741912841797,29.14235496520996,29.14235496520996,29.361942291259766,52598.0,22.887510299682617
2015-04-01,29.456050872802734,29.173723220825195,29.361942291259766,29.424680709838867,74913.0,22.936412811279297
2015-04-02,29.456050872802734,29.205093383789062,29.424680709838867,29.424680709838867,49410.0,22.936412811279297
2015-04-07,29.48741912841797,29.3305721282959,29.424680709838867,29.48741912841797,28690.0,22.98531723022461
2015-04-08,29.48741912841797,29.299203872680664,29.48741912841797,29.3305721282959,44629.0,22.863056182861328
2015-04-09,29.48741912841797,28.860027313232422,29.3305721282959,29.173723220825195,73319.0,22.740793228149414
2015-04-10,29.267833709716797,29.173723220825195,29.173723220825195,29.205093383789062,27096.0,22.76524543762207
2015-04-13,29.456050872802734,29.205093383789062,29.205093383789062,29.424680709838867,43035.0,22.936412811279297
2015-04-14,29.424680709838867,29.23646354675293,29.424680709838867,29.3305721282959,36659.0,22.863056182861328
2015-04-15,29.456050872802734,28.922767639160156,29.3305721282959,29.23646354675293,47817.0,22.78969955444336
2015-04-16,29.23646354675293,29.110984802246094,29.23646354675293,29.173723220825195,38253.0,22.740793228149414
2015-04-17,29.173723220825195,28.985506057739258,29.173723220825195,29.048246383666992,36659.0,22.642982482910156
2015-04-20,29.299203872680664,28.922767639160156,29.048246383666992,29.205093383789062,51004.0,22.76524543762207
2015-04-21,29.173723220825195,28.860027313232422,29.173723220825195,28.860027313232422,44629.0,22.496267318725586
2015-04-22,29.07961654663086,28.860027313232422,28.860027313232422,29.07961654663086,23908.0,22.667436599731445
2015-04-23,29.07961654663086,28.922767639160156,29.07961654663086,29.048246383666992,38253.0,22.642982482910156
2015-04-24,29.299203872680664,29.016876220703125,29.048246383666992,29.299203872680664,46223.0,22.838605880737305
2015-04-27,29.424680709838867,29.110984802246094,29.299203872680664,29.393312454223633,35065.0,22.91196060180664
2015-04-28,29.393312454223633,29.173723220825195,29.393312454223633,29.393312454223633,46223.0,22.91196060180664
2015-04-29,29.48741912841797,29.393312454223633,29.393312454223633,29.393312454223633,60568.0,22.91196060180664
2015-04-30,29.48741912841797,29.424680709838867,29.424680709838867,29.456050872802734,51004.0,22.960865020751953
2015-05-04,29.518789291381836,29.173723220825195,29.48741912841797,29.456050872802734,58974.0,22.960865020751953
2015-05-05,29.518789291381836,29.07961654663086,29.456050872802734,29.07961654663086,51004.0,22.667436599731445
2015-05-06,29.518789291381836,29.07961654663086,29.07961654663086,29.299203872680664,57380.0,22.838605880737305
2015-05-07,29.393312454223633,29.299203872680664,29.299203872680664,29.393312454223633,41441.0,22.91196060180664
2015-05-08,29.424680709838867,29.110984802246094,29.393312454223633,29.110984802246094,57380.0,22.6918888092041
2015-05-11,29.23646354675293,28.922767639160156,29.14235496520996,29.205093383789062,41441.0,22.76524543762207
2015-05-12,29.173723220825195,28.860027313232422,29.173723220825195,29.110984802246094,60568.0,22.6918888092041
2015-05-13,29.456050872802734,29.110984802246094,29.110984802246094,29.393312454223633,114760.0,22.91196060180664
2015-05-14,29.393312454223633,29.016876220703125,29.393312454223633,29.016876220703125,31878.0,22.6185302734375
2015-05-15,29.110984802246094,28.860027313232422,29.016876220703125,29.110984802246094,46223.0,22.6918888092041
2015-05-18,29.23646354675293,29.110984802246094,29.110984802246094,29.23646354675293,28690.0,22.78969955444336
2015-05-19,29.23646354675293,28.860027313232422,29.23646354675293,29.110984802246094,52598.0,22.6918888092041
2015-05-20,29.299203872680664,28.985506057739258,29.110984802246094,29.14235496520996,57380.0,22.716341018676758
2015-05-21,29.267833709716797,28.860027313232422,29.14235496520996,29.23646354675293,46223.0,22.78969955444336
2015-05-22,29.23646354675293,29.110984802246094,29.23646354675293,29.110984802246094,31878.0,22.6918888092041
2015-05-25,29.110984802246094,28.79728889465332,29.110984802246094,28.89139747619629,111573.0,22.520721435546875
2015-05-26,29.07961654663086,28.232635498046875,28.89139747619629,28.860027313232422,108385.0,22.496267318725586
2015-05-27,28.985506057739258,28.860027313232422,28.860027313232422,28.985506057739258,55786.0,22.594078063964844
2015-05-28,29.016876220703125,28.922767639160156,28.922767639160156,29.016876220703125,52598.0,22.6185302734375
2015-05-29,29.07961654663086,28.860027313232422,29.016876220703125,29.048246383666992,49410.0,22.642982482910156
2015-06-01,29.173723220825195,28.860027313232422,29.048246383666992,29.110984802246094,89258.0,22.6918888092041
2015-06-02,29.110984802246094,28.828659057617188,29.110984802246094,28.828659057617188,57380.0,22.471817016601562
2015-06-03,28.828659057617188,28.54633140563965,28.828659057617188,28.765920639038086,84476.0,22.422910690307617
2015-06-04,29.23646354675293,28.609071731567383,28.765920639038086,28.609071731567383,103603.0,22.300649642944336
2015-06-05,28.70318031311035,27.9189395904541,28.54633140563965,28.169897079467773,90852.0,21.958314895629883
2015-06-08,28.35811424255371,28.044418334960938,28.169897079467773,28.044418334960938,54192.0,21.860504150390625
2015-06-09,28.232635498046875,28.107158660888672,28.107158660888672,28.20126724243164,62162.0,21.982769012451172
2015-06-10,28.483592987060547,28.20126724243164,28.20126724243164,28.420854568481445,63756.0,22.1539363861084
2015-06-11,28.420854568481445,27.981679916381836,28.420854568481445,28.232635498046875,78101.0,22.007217407226562
2015-06-12,28.483592987060547,28.232635498046875,28.232635498046875,28.420854568481445,146638.0,22.1539363861084
2015-06-15,28.73455047607422,28.420854568481445,28.420854568481445,28.577701568603516,138669.0,22.27619743347168
2015-06-16,28.64044189453125,28.35811424255371,28.577701568603516,28.577701568603516,92446.0,22.27619743347168
2015-06-17,28.609071731567383,27.7934627532959,28.577701568603516,28.54633140563965,291683.0,22.25174331665039
2015-06-18,28.54633140563965,28.420854568481445,28.54633140563965,28.483592987060547,164171.0,22.20284080505371
2015-06-22,28.483592987060547,28.29537582397461,28.483592987060547,28.29537582397461,133887.0,22.05612564086914
2015-06-23,30.052072525024414,28.29537582397461,28.29537582397461,29.424680709838867,205613.0,22.936412811279297
2015-06-24,30.17755126953125,29.424680709838867,29.424680709838867,29.48741912841797,135481.0,22.98531723022461
2015-06-25,30.11481285095215,29.67563819885254,29.67563819885254,29.989334106445312,137075.0,23.376558303833008
2015-06-26,30.742204666137695,29.67563819885254,29.92659568786621,30.020702362060547,132293.0,23.401010513305664
2015-06-29,30.365768432617188,29.801116943359375,30.020702362060547,30.020702362060547,79695.0,23.401010513305664
2015-06-30,30.08344268798828,29.957963943481445,30.020702362060547,30.052072525024414,87664.0,23.425464630126953
2015-07-01,30.052072525024414,29.863855361938477,30.052072525024414,30.020702362060547,84476.0,23.401010513305664
2015-07-02,30.146181106567383,30.020702362060547,30.020702362060547,30.052072525024414,84476.0,23.425464630126953
2015-07-03,30.08344268798828,29.48741912841797,30.08344268798828,29.989334106445312,188080.0,23.376558303833008
2015-07-06,29.989334106445312,29.92659568786621,29.989334106445312,29.957963943481445,63756.0,23.35210609436035
2015-07-07,30.11481285095215,29.48741912841797,29.92659568786621,29.989334106445312,188080.0,23.376558303833008
2015-07-08,29.989334106445312,29.361942291259766,29.92659568786621,29.73837661743164,54192.0,23.180940628051758
2015-07-09,29.801116943359375,29.48741912841797,29.73837661743164,29.801116943359375,47817.0,23.22984504699707
2015-07-10,29.801116943359375,29.801116943359375,29.801116943359375,29.801116943359375,0.0,23.22984504699707
2015-07-13,29.83248519897461,29.48741912841797,29.801116943359375,29.83248519897461,95634.0,23.254295349121094
2015-07-14,29.801116943359375,29.48741912841797,29.801116943359375,29.73837661743164,94040.0,23.180940628051758
2015-07-15,29.989334106445312,29.48741912841797,29.707006454467773,29.83248519897461,79695.0,23.254295349121094
2015-07-16,30.17755126953125,29.48741912841797,29.801116943359375,30.17755126953125,132293.0,23.523273468017578
2015-07-17,30.17755126953125,29.48741912841797,30.08344268798828,29.801116943359375,73319.0,23.22984504699707
2015-07-20,29.989334106445312,29.550159454345703,29.801116943359375,29.83248519897461,55786.0,23.254295349121094
2015-07-21,29.801116943359375,29.361942291259766,29.707006454467773,29.769746780395508,108385.0,23.20539093017578
2015-07-22,29.957963943481445,29.550159454345703,29.957963943481445,29.550159454345703,95634.0,23.034223556518555
2015-07-23,29.957963943481445,29.48741912841797,29.550159454345703,29.73837661743164,55786.0,23.180940628051758
2015-07-24,29.769746780395508,29.48741912841797,29.73837661743164,29.67563819885254,74913.0,23.132034301757812
2015-07-27,29.863855361938477,29.361942291259766,29.58152961730957,29.361942291259766,65349.0,22.887510299682617
2015-07-28,29.361942291259766,28.860027313232422,29.299203872680664,29.3305721282959,66943.0,22.863056182861328
2015-07-29,30.11481285095215,29.3305721282959,29.3305721282959,30.052072525024414,46223.0,23.425464630126953
2015-07-30,30.020702362060547,29.48741912841797,29.989334106445312,29.801116943359375,87664.0,23.22984504699707
2015-07-31,29.801116943359375,28.860027313232422,29.801116943359375,29.3305721282959,70131.0,22.863056182861328
2015-08-03,30.08344268798828,29.3305721282959,29.48741912841797,29.612899780273438,47817.0,23.083131790161133
2015-08-04,29.863855361938477,29.48741912841797,29.67563819885254,29.769746780395508,43035.0,23.20539093017578
2015-08-05,29.73837661743164,29.48741912841797,29.48741912841797,29.73837661743164,73319.0,23.180940628051758
2015-08-06,30.052072525024414,29.67563819885254,29.67563819885254,29.863855361938477,25502.0,23.278749465942383
2015-08-07,30.020702362060547,29.173723220825195,29.92659568786621,29.73837661743164,78101.0,23.180940628051758
2015-08-10,30.020702362060547,29.83248519897461,29.863855361938477,29.83248519897461,94040.0,23.254295349121094
2015-08-11,29.989334106445312,29.48741912841797,29.863855361938477,29.48741912841797,73319.0,22.98531723022461
2015-08-12,29.863855361938477,29.456050872802734,29.73837661743164,29.550159454345703,57380.0,23.034223556518555
2015-08-13,29.73837661743164,29.550159454345703,29.550159454345703,29.73837661743164,66943.0,23.180940628051758
2015-08-14,29.863855361938477,29.48741912841797,29.67563819885254,29.73837661743164,46223.0,23.180940628051758
2015-08-17,29.83248519897461,29.707006454467773,29.801116943359375,29.83248519897461,68537.0,23.254295349121094
2015-08-18,29.83248519897461,29.550159454345703,29.83248519897461,29.801116943359375,46223.0,23.22984504699707
2015-08-19,29.73837661743164,28.985506057739258,29.73837661743164,29.456050872802734,89258.0,22.960865020751953
2015-08-20,29.456050872802734,29.361942291259766,29.393312454223633,29.456050872802734,74913.0,22.960865020751953
2015-08-21,29.58152961730957,29.173723220825195,29.424680709838867,29.361942291259766,47817.0,22.887510299682617
2015-08-24,28.427127838134766,26.695526123046875,28.427127838134766,28.282827377319336,73458.0,22.77635383605957
2015-08-25,28.282827377319336,27.41702651977539,28.13852882385254,28.282827377319336,76230.0,22.77635383605957
2015-08-26,28.643577575683594,28.246753692626953,28.246753692626953,28.643577575683594,51282.0,23.066869735717773
2015-08-27,29.004329681396484,27.77777671813965,28.787878036499023,28.571428298950195,54054.0,23.00876808166504
2015-08-28,28.715728759765625,28.31890296936035,28.715728759765625,28.67965316772461,45738.0,23.09592056274414
2015-08-31,28.67965316772461,28.499277114868164,28.67965316772461,28.643577575683594,49896.0,23.066869735717773
2015-09-01,28.60750389099121,28.13852882385254,28.53535270690918,28.60750389099121,47124.0,23.037818908691406
2015-09-02,28.571428298950195,28.066377639770508,28.53535270690918,28.571428298950195,47124.0,23.00876808166504
2015-09-03,28.60750389099121,28.210678100585938,28.499277114868164,28.571428298950195,45738.0,23.00876808166504
2015-09-04,28.571428298950195,28.282827377319336,28.499277114868164,28.46320343017578,44352.0,22.921611785888672
2015-09-07,28.499277114868164,28.427127838134766,28.427127838134766,28.499277114868164,44352.0,22.950664520263672
2015-09-08,28.53535270690918,28.282827377319336,28.499277114868164,28.354978561401367,74844.0,22.834457397460938
2015-09-09,28.354978561401367,27.994226455688477,28.354978561401367,28.13852882385254,47124.0,22.6601505279541
2015-09-10,28.427127838134766,27.994226455688477,27.994226455688477,28.427127838134766,52668.0,22.892559051513672
2015-09-11,31.24098014831543,28.427127838134766,28.427127838134766,29.43722915649414,52668.0,23.70600128173828
2015-09-14,30.663780212402344,29.43722915649414,29.7979793548584,29.545454025268555,41580.0,23.793155670166016
2015-09-15,29.7979793548584,29.220779418945312,29.545454025268555,29.473304748535156,44352.0,23.73505401611328
2015-09-16,30.086580276489258,29.50937843322754,29.50937843322754,29.870128631591797,101178.0,24.05462074279785
2015-09-17,30.303030014038086,29.65367889404297,29.834054946899414,30.230880737304688,85932.0,24.345136642456055
2015-09-18,30.230880737304688,29.942279815673828,30.122655868530273,30.158729553222656,44352.0,24.287031173706055
2015-09-21,30.230880737304688,29.7979793548584,30.158729553222656,30.086580276489258,42966.0,24.22892951965332
2015-09-22,30.26695442199707,29.7979793548584,30.086580276489258,30.122655868530273,52668.0,24.257980346679688
2015-09-23,30.122655868530273,29.50937843322754,30.122655868530273,30.014429092407227,44352.0,24.170825958251953
2015-09-24,30.194805145263672,29.58152961730957,30.014429092407227,29.870128631591797,49896.0,24.05462074279785
2015-09-25,29.834054946899414,29.617603302001953,29.7979793548584,29.761903762817383,70686.0,23.967466354370117
2015-09-29,29.761903762817383,29.761903762817383,29.761903762817383,29.761903762817383,0.0,23.967466354370117
2015-09-30,30.158729553222656,29.1125545501709,29.725828170776367,29.761903762817383,52668.0,23.967466354370117
2015-10-01,29.870128631591797,29.761903762817383,29.761903762817383,29.870128631591797,47124.0,24.05462074279785
2015-10-02,29.870128631591797,29.58152961730957,29.870128631591797,29.834054946899414,44352.0,24.025569915771484
2015-10-05,30.086580276489258,29.7979793548584,29.834054946899414,30.086580276489258,72072.0,24.22892951965332
2015-10-06,30.050504684448242,29.29292869567871,29.942279815673828,29.545454025268555,42966.0,23.793155670166016
2015-10-07,30.050504684448242,29.076478958129883,29.076478958129883,29.906204223632812,31878.0,24.083667755126953
2015-10-08,29.870128631591797,29.43722915649414,29.870128631591797,29.7979793548584,48510.0,23.996517181396484
2015-10-12,30.014429092407227,29.58152961730957,29.761903762817383,29.834054946899414,51282.0,24.025569915771484
2015-10-13,29.834054946899414,29.7979793548584,29.834054946899414,29.7979793548584,49896.0,23.996517181396484
2015-10-14,29.725828170776367,29.689754486083984,29.725828170776367,29.725828170776367,49896.0,23.938413619995117
2015-10-15,29.7979793548584,29.725828170776367,29.725828170776367,29.7979793548584,40194.0,23.996517181396484
2015-10-16,29.7979793548584,29.545454025268555,29.7979793548584,29.761903762817383,44352.0,23.967466354370117
2015-10-19,29.7979793548584,29.401153564453125,29.761903762817383,29.725828170776367,58212.0,23.938413619995117
2015-10-20,29.725828170776367,29.076478958129883,29.725828170776367,29.43722915649414,56826.0,23.70600128173828
2015-10-21,29.58152961730957,28.932178497314453,29.43722915649414,29.184703826904297,42966.0,23.502641677856445
2015-10-22,29.14862823486328,28.499277114868164,29.14862823486328,28.715728759765625,48510.0,23.12497329711914
2015-10-23,29.365079879760742,28.715728759765625,28.715728759765625,28.787878036499023,40194.0,23.183074951171875
2015-10-26,29.365079879760742,28.354978561401367,28.787878036499023,29.14862823486328,63756.0,23.473588943481445
2015-10-27,29.29292869567871,28.860027313232422,29.14862823486328,29.256853103637695,99792.0,23.560745239257812
2015-10-28,29.29292869567871,28.787878036499023,29.220779418945312,29.256853103637695,90090.0,23.560745239257812
2015-10-29,29.329004287719727,28.860027313232422,29.256853103637695,29.256853103637695,52668.0,23.560745239257812
2015-10-30,29.256853103637695,28.787878036499023,29.256853103637695,29.14862823486328,56826.0,23.473588943481445
2015-11-02,29.14862823486328,28.932178497314453,29.14862823486328,29.076478958129883,47124.0,23.41548728942871
2015-11-03,31.0245304107666,29.076478958129883,29.076478958129883,30.735929489135742,119196.0,24.751855850219727
2015-11-04,30.230880737304688,29.58152961730957,30.158729553222656,30.014429092407227,55440.0,24.170825958251953
2015-11-05,29.906204223632812,29.7979793548584,29.870128631591797,29.7979793548584,44352.0,23.996517181396484
2015-11-06,30.375179290771484,29.725828170776367,29.725828170776367,30.375179290771484,29106.0,24.461339950561523
2015-11-09,30.230880737304688,29.689754486083984,30.086580276489258,30.086580276489258,45738.0,24.22892951965332
2015-11-10,30.303030014038086,29.761903762817383,30.086580276489258,30.086580276489258,55440.0,24.22892951965332
2015-11-11,30.158729553222656,29.942279815673828,30.086580276489258,30.050504684448242,51282.0,24.19987678527832
2015-11-12,30.230880737304688,29.50937843322754,30.050504684448242,30.230880737304688,58212.0,24.345136642456055
2015-11-13,30.086580276489258,29.870128631591797,30.086580276489258,30.086580276489258,34650.0,24.22892951965332
2015-11-16,29.942279815673828,29.725828170776367,29.942279815673828,29.870128631591797,47124.0,24.05462074279785
2015-11-17,29.834054946899414,29.50937843322754,29.761903762817383,29.7979793548584,49896.0,23.996517181396484
2015-11-18,29.942279815673828,29.220779418945312,29.7979793548584,29.65367889404297,55440.0,23.88031005859375
2015-11-19,29.942279815673828,29.401153564453125,29.65367889404297,29.725828170776367,73458.0,23.938413619995117
2015-11-20,29.834054946899414,29.617603302001953,29.725828170776367,29.617603302001953,58212.0,23.851259231567383
2015-11-23,29.689754486083984,29.617603302001953,29.617603302001953,29.65367889404297,49896.0,23.88031005859375
2015-11-24,30.230880737304688,29.473304748535156,29.50937843322754,30.086580276489258,45738.0,24.22892951965332
2015-11-25,30.014429092407227,29.906204223632812,30.014429092407227,29.942279815673828,44352.0,24.112722396850586
2015-11-26,30.086580276489258,29.725828170776367,29.906204223632812,29.906204223632812,48510.0,24.083667755126953
2015-11-27,29.906204223632812,29.689754486083984,29.906204223632812,29.725828170776367,34650.0,23.938413619995117
2015-11-30,29.834054946899414,29.725828170776367,29.725828170776367,29.834054946899414,41580.0,24.025569915771484
2015-12-01,29.906204223632812,29.617603302001953,29.834054946899414,29.906204223632812,49896.0,24.083667755126953
2015-12-02,29.7979793548584,29.58152961730957,29.7979793548584,29.65367889404297,41580.0,23.88031005859375
2015-12-03,29.870128631591797,29.65367889404297,29.65367889404297,29.870128631591797,51282.0,24.05462074279785
2015-12-04,29.834054946899414,29.14862823486328,29.7979793548584,29.58152961730957,67914.0,23.822208404541016
2015-12-07,29.7979793548584,29.43722915649414,29.58152961730957,29.43722915649414,58212.0,23.70600128173828
2015-12-08,29.50937843322754,28.860027313232422,29.43722915649414,29.14862823486328,38808.0,23.473588943481445
2015-12-09,29.834054946899414,29.58152961730957,29.58152961730957,29.725828170776367,48510.0,23.938413619995117
2015-12-10,29.725828170776367,28.932178497314453,29.725828170776367,29.617603302001953,54054.0,23.851259231567383
2015-12-11,29.761903762817383,29.65367889404297,29.65367889404297,29.761903762817383,38808.0,23.967466354370117
2015-12-14,29.725828170776367,29.43722915649414,29.43722915649414,29.725828170776367,13860.0,23.938413619995117
2015-12-15,29.65367889404297,29.076478958129883,29.65367889404297,29.365079879760742,47124.0,23.647899627685547
2015-12-16,29.365079879760742,29.004329681396484,29.365079879760742,29.329004287719727,51282.0,23.61884880065918
2015-12-17,29.329004287719727,29.29292869567871,29.329004287719727,29.329004287719727,44352.0,23.61884880065918
2015-12-18,29.473304748535156,29.329004287719727,29.329004287719727,29.43722915649414,44352.0,23.70600128173828
2015-12-21,29.50937843322754,29.401153564453125,29.43722915649414,29.50937843322754,42966.0,23.76410484313965
2015-12-22,29.50937843322754,29.43722915649414,29.50937843322754,29.43722915649414,45738.0,23.70600128173828
2015-12-23,29.365079879760742,28.860027313232422,29.365079879760742,28.932178497314453,22176.0,23.299280166625977
2015-12-24,29.43722915649414,28.860027313232422,28.860027313232422,28.860027313232422,42966.0,23.24117660522461
2015-12-25,29.004329681396484,28.932178497314453,28.968252182006836,28.932178497314453,29106.0,23.299280166625977
2015-12-28,29.365079879760742,28.968252182006836,28.968252182006836,29.365079879760742,49896.0,23.647899627685547
2015-12-29,29.29292869567871,29.220779418945312,29.29292869567871,29.256853103637695,42966.0,23.560745239257812
2015-12-30,29.220779418945312,29.004329681396484,29.220779418945312,29.184703826904297,44352.0,23.502641677856445
2015-12-31,29.14862823486328,29.004329681396484,29.14862823486328,29.1125545501709,37422.0,23.44454002380371
2016-01-04,29.65367889404297,28.968252182006836,29.076478958129883,29.65367889404297,55440.0,23.88031005859375
2016-01-05,29.58152961730957,29.43722915649414,29.58152961730957,29.545454025268555,41580.0,23.793155670166016
2016-01-06,29.43722915649414,29.220779418945312,29.43722915649414,29.401153564453125,31878.0,23.676950454711914
2016-01-07,29.473304748535156,28.968252182006836,29.365079879760742,29.004329681396484,52668.0,23.357385635375977
2016-01-08,29.29292869567871,29.004329681396484,29.004329681396484,29.29292869567871,42966.0,23.58979606628418
2016-01-11,28.932178497314453,28.643577575683594,28.932178497314453,28.643577575683594,5544.0,23.066869735717773
2016-01-12,29.29292869567871,28.571428298950195,28.643577575683594,29.184703826904297,31878.0,23.502641677856445
2016-01-13,29.365079879760742,29.076478958129883,29.076478958129883,29.365079879760742,22176.0,23.647899627685547
2016-01-14,29.329004287719727,28.787878036499023,29.329004287719727,29.14862823486328,36036.0,23.473588943481445
2016-01-15,29.365079879760742,29.14862823486328,29.14862823486328,29.365079879760742,23562.0,23.647899627685547
2016-01-18,29.256853103637695,28.13852882385254,29.256853103637695,29.076478958129883,37422.0,23.41548728942871
2016-01-19,29.14862823486328,28.860027313232422,29.076478958129883,29.14862823486328,20790.0,23.473588943481445
2016-01-20,29.14862823486328,28.499277114868164,29.14862823486328,28.860027313232422,24948.0,23.24117660522461
2016-01-21,28.860027313232422,28.643577575683594,28.860027313232422,28.860027313232422,42966.0,23.24117660522461
2016-01-22,28.82395362854004,28.787878036499023,28.787878036499023,28.82395362854004,9702.0,23.212127685546875
2016-01-25,29.50937843322754,28.82395362854004,28.82395362854004,29.50937843322754,42966.0,23.76410484313965
2016-01-26,29.43722915649414,29.29292869567871,29.365079879760742,29.401153564453125,36036.0,23.676950454711914
2016-01-27,29.365079879760742,29.29292869567871,29.365079879760742,29.29292869567871,9702.0,23.58979606628418
2016-01-28,29.220779418945312,28.968252182006836,29.220779418945312,29.184703826904297,15246.0,23.502641677856445
2016-01-29,29.1125545501709,28.860027313232422,29.1125545501709,29.076478958129883,13860.0,23.41548728942871
2016-02-01,29.14862823486328,28.787878036499023,29.14862823486328,29.076478958129883,18018.0,23.41548728942871
2016-02-02,28.968252182006836,28.751802444458008,28.932178497314453,28.968252182006836,18018.0,23.328332901000977
2016-02-03,28.860027313232422,28.751802444458008,28.860027313232422,28.860027313232422,6930.0,23.24117660522461
2016-02-15,28.860027313232422,28.860027313232422,28.860027313232422,28.860027313232422,8316.0,23.24117660522461
2016-02-16,28.860027313232422,28.715728759765625,28.860027313232422,28.860027313232422,9702.0,23.24117660522461
2016-02-17,29.076478958129883,28.860027313232422,28.860027313232422,29.076478958129883,13860.0,23.41548728942871
2016-02-18,28.968252182006836,28.499277114868164,28.860027313232422,28.968252182006836,19404.0,23.328332901000977
2016-02-19,28.968252182006836,28.968252182006836,28.968252182006836,28.968252182006836,11088.0,23.328332901000977
2016-02-22,28.968252182006836,28.932178497314453,28.968252182006836,28.932178497314453,11088.0,23.299280166625977
2016-02-23,28.932178497314453,28.932178497314453,28.932178497314453,28.932178497314453,13860.0,23.299280166625977
2016-02-24,28.860027313232422,28.860027313232422,28.860027313232422,28.860027313232422,9702.0,23.24117660522461
2016-02-25,28.860027313232422,28.860027313232422,28.860027313232422,28.860027313232422,0.0,23.24117660522461
2016-02-26,29.50937843322754,28.67965316772461,28.932178497314453,28.715728759765625,30492.0,23.12497329711914
2016-03-01,29.365079879760742,28.499277114868164,28.67965316772461,29.1125545501709,9702.0,23.44454002380371
2016-03-02,29.50937843322754,28.39105224609375,29.50937843322754,28.715728759765625,26334.0,23.12497329711914
2016-03-03,29.076478958129883,28.210678100585938,29.076478958129883,28.787878036499023,29106.0,23.183074951171875
2016-03-04,28.860027313232422,28.31890296936035,28.860027313232422,28.67965316772461,12474.0,23.09592056274414
2016-03-07,28.67965316772461,28.67965316772461,28.67965316772461,28.67965316772461,0.0,23.09592056274414
2016-03-08,31.16883087158203,28.643577575683594,28.787878036499023,29.58152961730957,42966.0,23.822208404541016
2016-03-09,29.870128631591797,28.860027313232422,29.58152961730957,29.473304748535156,22176.0,23.73505401611328
2016-03-10,29.725828170776367,28.715728759765625,28.932178497314453,29.040403366088867,47124.0,23.386436462402344
2016-03-11,29.220779418945312,28.643577575683594,29.220779418945312,28.860027313232422,12474.0,23.24117660522461
2016-03-14,29.220779418945312,28.715728759765625,29.220779418945312,28.932178497314453,5544.0,23.299280166625977
2016-03-15,28.896102905273438,28.67965316772461,28.860027313232422,28.896102905273438,22176.0,23.27022933959961
2016-03-16,29.14862823486328,28.67965316772461,29.076478958129883,28.860027313232422,11088.0,23.24117660522461
2016-03-17,29.004329681396484,28.60750389099121,29.004329681396484,28.968252182006836,9702.0,23.328332901000977
2016-03-18,29.14862823486328,28.499277114868164,29.14862823486328,28.82395362854004,20790.0,23.212127685546875
2016-03-21,28.968252182006836,28.571428298950195,28.968252182006836,28.860027313232422,31878.0,23.24117660522461
2016-03-22,28.932178497314453,28.499277114868164,28.932178497314453,28.787878036499023,15246.0,23.183074951171875
2016-03-23,28.787878036499023,28.787878036499023,28.787878036499023,28.787878036499023,0.0,23.183074951171875
2016-03-24,28.787878036499023,28.787878036499023,28.787878036499023,28.787878036499023,0.0,23.183074951171875
2016-03-25,29.184703826904297,28.571428298950195,29.14862823486328,28.932178497314453,22176.0,23.299280166625977
2016-03-28,28.968252182006836,28.82395362854004,28.968252182006836,28.82395362854004,8316.0,23.212127685546875
2016-03-29,28.787878036499023,28.499277114868164,28.787878036499023,28.787878036499023,8316.0,23.183074951171875
2016-03-30,28.860027313232422,28.499277114868164,28.787878036499023,28.787878036499023,19404.0,23.183074951171875
2016-03-31,28.860027313232422,28.571428298950195,28.787878036499023,28.860027313232422,16632.0,23.24117660522461
2016-04-01,29.43722915649414,28.571428298950195,28.860027313232422,29.365079879760742,24948.0,23.647899627685547
2016-04-06,29.14862823486328,28.571428298950195,29.004329681396484,29.040403366088867,13860.0,23.386436462402344
2016-04-07,29.004329681396484,28.499277114868164,29.004329681396484,28.860027313232422,16632.0,23.24117660522461
2016-04-08,28.968252182006836,28.499277114868164,28.932178497314453,28.860027313232422,22176.0,23.24117660522461
2016-04-11,29.076478958129883,28.715728759765625,29.076478958129883,28.715728759765625,5544.0,23.12497329711914
2016-04-12,28.896102905273438,28.715728759765625,28.715728759765625,28.715728759765625,9702.0,23.12497329711914
2016-04-13,28.82395362854004,28.53535270690918,28.82395362854004,28.67965316772461,6930.0,23.09592056274414
2016-04-14,29.29292869567871,28.787878036499023,28.787878036499023,28.896102905273438,29106.0,23.27022933959961
2016-04-15,28.860027313232422,28.53535270690918,28.82395362854004,28.787878036499023,34650.0,23.183074951171875
2016-04-18,29.14862823486328,28.53535270690918,28.82395362854004,28.60750389099121,52668.0,23.037818908691406
2016-04-19,29.004329681396484,28.571428298950195,28.715728759765625,28.643577575683594,40194.0,23.066869735717773
2016-04-20,28.751802444458008,28.427127838134766,28.715728759765625,28.643577575683594,65142.0,23.066869735717773
2016-04-21,28.787878036499023,28.427127838134766,28.46320343017578,28.715728759765625,66528.0,23.12497329711914
2016-04-22,29.1125545501709,28.499277114868164,28.643577575683594,29.004329681396484,151074.0,23.357385635375977
2016-04-25,28.968252182006836,28.427127838134766,28.968252182006836,28.860027313232422,94248.0,23.24117660522461
2016-04-26,30.663780212402344,28.860027313232422,28.860027313232422,28.896102905273438,56826.0,23.27022933959961
2016-04-27,28.896102905273438,28.499277114868164,28.896102905273438,28.643577575683594,72072.0,23.066869735717773
2016-04-28,28.860027313232422,28.499277114868164,28.643577575683594,28.860027313232422,62370.0,23.24117660522461
2016-04-29,29.220779418945312,28.427127838134766,28.860027313232422,28.82395362854004,49896.0,23.212127685546875
2016-05-03,29.942279815673828,28.787878036499023,28.860027313232422,29.7979793548584,109494.0,23.996517181396484
2016-05-04,29.7979793548584,29.076478958129883,29.7979793548584,29.50937843322754,45738.0,23.76410484313965
2016-05-05,29.689754486083984,29.004329681396484,29.545454025268555,29.401153564453125,109494.0,23.676950454711914
2016-05-06,29.7979793548584,29.076478958129883,29.545454025268555,29.401153564453125,119196.0,23.676950454711914
2016-05-09,29.43722915649414,29.14862823486328,29.43722915649414,29.365079879760742,101178.0,23.647899627685547
2016-05-10,29.365079879760742,28.968252182006836,29.365079879760742,29.004329681396484,85932.0,23.357385635375977
2016-05-11,29.50937843322754,28.860027313232422,28.932178497314453,28.932178497314453,95634.0,23.299280166625977
2016-05-12,28.932178497314453,28.751802444458008,28.932178497314453,28.860027313232422,91476.0,23.24117660522461
2016-05-13,29.004329681396484,28.643577575683594,28.860027313232422,28.932178497314453,108108.0,23.299280166625977
2016-05-16,28.932178497314453,28.643577575683594,28.932178497314453,28.643577575683594,83160.0,23.066869735717773
2016-05-17,28.860027313232422,28.571428298950195,28.715728759765625,28.571428298950195,91476.0,23.00876808166504
2016-05-18,28.643577575683594,28.571428298950195,28.643577575683594,28.60750389099121,84546.0,23.037818908691406
2016-05-19,29.58152961730957,28.499277114868164,28.643577575683594,28.67965316772461,38808.0,23.09592056274414
2016-05-20,28.787878036499023,28.53535270690918,28.715728759765625,28.787878036499023,31878.0,23.183074951171875
2016-05-23,28.82395362854004,28.67965316772461,28.82395362854004,28.787878036499023,15246.0,23.183074951171875
2016-05-24,29.29292869567871,28.571428298950195,28.82395362854004,29.076478958129883,76230.0,23.41548728942871
2016-05-25,29.220779418945312,28.643577575683594,29.076478958129883,29.14862823486328,84546.0,23.473588943481445
2016-05-26,29.29292869567871,28.715728759765625,29.220779418945312,28.896102905273438,112266.0,23.27022933959961
2016-05-27,29.1125545501709,28.896102905273438,28.896102905273438,29.1125545501709,110880.0,23.44454002380371
2016-05-30,30.230880737304688,29.1125545501709,29.1125545501709,29.545454025268555,263340.0,23.793155670166016
2016-05-31,29.545454025268555,28.860027313232422,29.50937843322754,29.43722915649414,103950.0,23.70600128173828
2016-06-01,29.58152961730957,29.365079879760742,29.401153564453125,29.58152961730957,103950.0,23.822208404541016
2016-06-02,29.58152961730957,29.14862823486328,29.473304748535156,29.58152961730957,105336.0,23.822208404541016
2016-06-03,29.58152961730957,29.14862823486328,29.43722915649414,29.58152961730957,103950.0,23.822208404541016
2016-06-06,29.43722915649414,29.14862823486328,29.401153564453125,29.43722915649414,106722.0,23.70600128173828
2016-06-07,29.43722915649414,29.329004287719727,29.401153564453125,29.43722915649414,103950.0,23.70600128173828
2016-06-08,29.43722915649414,29.220779418945312,29.401153564453125,29.220779418945312,106722.0,23.531694412231445
2016-06-13,29.256853103637695,29.076478958129883,29.256853103637695,29.076478958129883,103950.0,23.41548728942871
2016-06-14,29.14862823486328,29.004329681396484,29.1125545501709,29.004329681396484,105336.0,23.357385635375977
2016-06-15,29.14862823486328,29.004329681396484,29.004329681396484,29.076478958129883,108108.0,23.41548728942871
2016-06-16,29.14862823486328,29.004329681396484,29.076478958129883,29.004329681396484,106722.0,23.357385635375977
2016-06-17,29.220779418945312,28.932178497314453,29.040403366088867,28.932178497314453,99792.0,23.299280166625977
2016-06-20,29.220779418945312,28.932178497314453,28.932178497314453,29.220779418945312,98406.0,23.531694412231445
2016-06-21,29.329004287719727,29.220779418945312,29.220779418945312,29.329004287719727,97020.0,23.61884880065918
2016-06-22,29.365079879760742,28.715728759765625,29.329004287719727,29.29292869567871,101178.0,23.58979606628418
2016-06-23,29.329004287719727,29.220779418945312,29.29292869567871,29.256853103637695,98406.0,23.560745239257812
2016-06-24,29.29292869567871,28.715728759765625,29.256853103637695,29.1125545501709,98406.0,23.44454002380371
2016-06-27,29.29292869567871,29.1125545501709,29.1125545501709,29.29292869567871,101178.0,23.58979606628418
2016-06-28,29.220779418945312,28.860027313232422,29.220779418945312,28.860027313232422,98406.0,23.24117660522461
2016-06-29,29.040403366088867,28.896102905273438,28.896102905273438,29.040403366088867,98406.0,23.386436462402344
2016-06-30,29.14862823486328,28.968252182006836,29.076478958129883,29.040403366088867,99792.0,23.386436462402344
2016-07-01,29.14862823486328,28.932178497314453,29.004329681396484,29.14862823486328,98406.0,23.473588943481445
2016-07-04,29.220779418945312,28.932178497314453,29.184703826904297,28.932178497314453,47124.0,23.299280166625977
2016-07-05,28.896102905273438,28.82395362854004,28.896102905273438,28.860027313232422,49896.0,23.24117660522461
2016-07-06,29.076478958129883,28.82395362854004,28.896102905273438,28.860027313232422,45738.0,23.24117660522461
2016-07-07,29.004329681396484,28.82395362854004,28.82395362854004,29.004329681396484,51282.0,23.357385635375977
2016-07-08,29.004329681396484,29.004329681396484,29.004329681396484,29.004329681396484,0.0,23.357385635375977
2016-07-11,29.076478958129883,29.004329681396484,29.040403366088867,29.040403366088867,59598.0,23.386436462402344
2016-07-12,29.220779418945312,29.076478958129883,29.076478958129883,29.220779418945312,51282.0,23.531694412231445
2016-07-13,29.43722915649414,29.14862823486328,29.14862823486328,29.43722915649414,60984.0,23.70600128173828
2016-07-14,29.473304748535156,29.365079879760742,29.43722915649414,29.473304748535156,48510.0,23.73505401611328
2016-07-15,29.473304748535156,29.401153564453125,29.43722915649414,29.43722915649414,44352.0,23.70600128173828
2016-07-18,29.473304748535156,28.860027313232422,29.473304748535156,29.401153564453125,42966.0,23.676950454711914
2016-07-19,29.329004287719727,29.184703826904297,29.184703826904297,29.329004287719727,44352.0,23.61884880065918
2016-07-20,29.401153564453125,29.004329681396484,29.329004287719727,29.401153564453125,44352.0,23.676950454711914
2016-07-21,29.43722915649414,29.365079879760742,29.365079879760742,29.401153564453125,48510.0,23.676950454711914
2016-07-22,29.401153564453125,29.329004287719727,29.365079879760742,29.365079879760742,42966.0,23.647899627685547
2016-07-25,29.43722915649414,29.004329681396484,29.365079879760742,29.365079879760742,52668.0,23.647899627685547
2016-07-26,29.401153564453125,29.329004287719727,29.365079879760742,29.365079879760742,44352.0,23.647899627685547
2016-07-27,29.365079879760742,29.076478958129883,29.329004287719727,29.365079879760742,42966.0,23.647899627685547
2016-07-28,29.365079879760742,29.220779418945312,29.29292869567871,29.256853103637695,42966.0,23.560745239257812
2016-07-29,29.329004287719727,29.040403366088867,29.256853103637695,29.29292869567871,45738.0,23.58979606628418
2016-08-01,29.365079879760742,29.29292869567871,29.29292869567871,29.365079879760742,44352.0,23.647899627685547
2016-08-02,29.329004287719727,29.184703826904297,29.329004287719727,29.256853103637695,36036.0,23.560745239257812
2016-08-03,29.29292869567871,29.076478958129883,29.256853103637695,29.29292869567871,47124.0,23.58979606628418
2016-08-04,29.256853103637695,28.932178497314453,29.220779418945312,29.256853103637695,40194.0,23.560745239257812
2016-08-05,29.220779418945312,29.14862823486328,29.184703826904297,29.220779418945312,42966.0,23.531694412231445
2016-08-08,32.14285659790039,29.220779418945312,29.220779418945312,30.230880737304688,84546.0,24.345136642456055
2016-08-09,30.050504684448242,29.473304748535156,30.050504684448242,29.834054946899414,37422.0,24.025569915771484
2016-08-10,29.689754486083984,29.43722915649414,29.65367889404297,29.50937843322754,44352.0,23.76410484313965
2016-08-11,30.230880737304688,29.1125545501709,29.43722915649414,29.942279815673828,63756.0,24.112722396850586
2016-08-12,29.942279815673828,29.870128631591797,29.906204223632812,29.942279815673828,44352.0,24.112722396850586
2016-08-15,29.942279815673828,29.43722915649414,29.870128631591797,29.870128631591797,47124.0,24.05462074279785
2016-08-16,29.906204223632812,29.834054946899414,29.870128631591797,29.870128631591797,44352.0,24.05462074279785
2016-08-17,29.7979793548584,29.43722915649414,29.725828170776367,29.689754486083984,51282.0,23.90936279296875
2016-08-18,29.906204223632812,29.689754486083984,29.689754486083984,29.906204223632812,42966.0,24.083667755126953
2016-08-19,29.870128631591797,29.256853103637695,29.7979793548584,29.43722915649414,52668.0,23.70600128173828
2016-08-22,30.4761905670166,29.126983642578125,30.158729553222656,29.4841251373291,49140.0,23.74376678466797
2016-08-23,29.682538986206055,29.047618865966797,29.365079879760742,29.682538986206055,85680.0,23.903553009033203
2016-08-24,30.95237922668457,29.682538986206055,29.682538986206055,30.95237922668457,42840.0,24.926162719726562
2016-08-25,31.706348419189453,30.634920120239258,30.714284896850586,31.349206924438477,59220.0,25.2457332611084
2016-08-26,31.190475463867188,30.714284896850586,31.190475463867188,30.95237922668457,35280.0,24.926162719726562
2016-08-29,31.150793075561523,30.55555534362793,31.03174591064453,31.03174591064453,36540.0,24.990076065063477
2016-08-30,31.269840240478516,30.4761905670166,31.071428298950195,30.95237922668457,37800.0,24.926162719726562
2016-08-31,31.11111068725586,30.4761905670166,30.873014450073242,31.03174591064453,41580.0,24.990076065063477
2016-09-01,31.746030807495117,30.992063522338867,30.992063522338867,31.746030807495117,39060.0,25.565298080444336
2016-09-02,32.103172302246094,30.95237922668457,31.66666603088379,31.269840240478516,44100.0,25.18181610107422
2016-09-05,31.428571701049805,30.873014450073242,31.11111068725586,31.30952262878418,41580.0,25.21377182006836
2016-09-06,31.746030807495117,31.23015785217285,31.388887405395508,31.30952262878418,39060.0,25.21377182006836
2016-09-07,31.746030807495117,30.95237922668457,31.388887405395508,31.23015785217285,39060.0,25.149858474731445
2016-09-08,31.58730125427246,31.190475463867188,31.190475463867188,31.468252182006836,37800.0,25.341598510742188
2016-09-09,31.626983642578125,31.468252182006836,31.468252182006836,31.626983642578125,37800.0,25.46942710876465
2016-09-12,32.93650817871094,31.904760360717773,31.904760360717773,32.53968048095703,54180.0,26.204425811767578
2016-09-13,32.42063522338867,32.18254089355469,32.18254089355469,32.42063522338867,40320.0,26.108558654785156
2016-09-14,32.30158615112305,31.746030807495117,32.30158615112305,32.14285659790039,34020.0,25.88486099243164
2016-09-19,33.095237731933594,32.14285659790039,32.14285659790039,33.095237731933594,36540.0,26.65182113647461
2016-09-20,32.53968048095703,31.66666603088379,32.4603157043457,32.22222137451172,35280.0,25.948774337768555
2016-09-21,32.69841384887695,32.103172302246094,32.103172302246094,32.69841384887695,52920.0,26.332256317138672
2016-09-22,32.380950927734375,31.825395584106445,32.30158615112305,32.341270446777344,39060.0,26.044647216796875
2016-09-23,32.4603157043457,32.30158615112305,32.30158615112305,32.4603157043457,34020.0,26.140514373779297
2016-09-26,32.5,32.30158615112305,32.30158615112305,32.5,35280.0,26.17247200012207
2016-09-27,32.5,32.5,32.5,32.5,0.0,26.17247200012207
2016-09-28,32.5,32.5,32.5,32.5,0.0,26.17247200012207
2016-09-29,32.4603157043457,32.30158615112305,32.4603157043457,32.42063522338867,30240.0,26.108558654785156
2016-09-30,32.738094329833984,32.4603157043457,32.4603157043457,32.738094329833984,30240.0,26.364213943481445
2016-10-03,32.57936477661133,31.746030807495117,31.825395584106445,32.22222137451172,47880.0,25.948774337768555
2016-10-04,32.22222137451172,31.78571319580078,32.14285659790039,32.22222137451172,35280.0,25.948774337768555
2016-10-05,32.61904525756836,32.22222137451172,32.22222137451172,32.61904525756836,35280.0,26.268339157104492
2016-10-06,32.4603157043457,31.904760360717773,32.380950927734375,32.261905670166016,37800.0,25.980731964111328
2016-10-07,32.4603157043457,31.865079879760742,32.261905670166016,32.341270446777344,25200.0,26.044647216796875
2016-10-11,32.30158615112305,32.14285659790039,32.18254089355469,32.14285659790039,22680.0,25.88486099243164
2016-10-12,32.341270446777344,32.18254089355469,32.18254089355469,32.30158615112305,27720.0,26.0126895904541
2016-10-13,32.30158615112305,31.825395584106445,32.22222137451172,32.18254089355469,31500.0,25.91682243347168
2016-10-14,32.18254089355469,31.825395584106445,31.904760360717773,32.103172302246094,34020.0,25.8529052734375
2016-10-17,32.18254089355469,31.825395584106445,32.103172302246094,32.103172302246094,42840.0,25.8529052734375
2016-10-18,32.14285659790039,31.9841251373291,31.9841251373291,32.14285659790039,23940.0,25.88486099243164
2016-10-19,32.14285659790039,32.06349182128906,32.14285659790039,32.103172302246094,25200.0,25.8529052734375
2016-10-20,32.18254089355469,31.904760360717773,32.06349182128906,32.14285659790039,42840.0,25.88486099243164
2016-10-21,32.14285659790039,31.66666603088379,32.14285659790039,31.9841251373291,45360.0,25.757034301757812
2016-10-24,32.06349182128906,31.9841251373291,31.9841251373291,32.06349182128906,27720.0,25.82094955444336
2016-10-25,32.103172302246094,32.023807525634766,32.06349182128906,32.06349182128906,25200.0,25.82094955444336
2016-10-26,32.14285659790039,31.904760360717773,32.06349182128906,32.06349182128906,30240.0,25.82094955444336
2016-10-27,32.14285659790039,32.023807525634766,32.023807525634766,32.14285659790039,27720.0,25.88486099243164
2016-10-28,32.103172302246094,31.706348419189453,32.023807525634766,31.904760360717773,28980.0,25.69312286376953
2016-10-31,31.9841251373291,31.904760360717773,31.904760360717773,31.9841251373291,23940.0,25.757034301757812
2016-11-01,32.06349182128906,31.706348419189453,31.904760360717773,31.9841251373291,26460.0,25.757034301757812
2016-11-02,32.023807525634766,31.66666603088379,31.94444465637207,31.746030807495117,32760.0,25.565298080444336
2016-11-03,31.825395584106445,31.58730125427246,31.746030807495117,31.746030807495117,26460.0,25.565298080444336
2016-11-04,31.825395584106445,31.58730125427246,31.78571319580078,31.746030807495117,22680.0,25.565298080444336
2016-11-07,31.825395584106445,31.746030807495117,31.746030807495117,31.746030807495117,26460.0,25.565298080444336
2016-11-08,31.78571319580078,31.746030807495117,31.746030807495117,31.78571319580078,17640.0,25.597251892089844
2016-11-09,31.746030807495117,31.349206924438477,31.66666603088379,31.58730125427246,16380.0,25.437469482421875
2016-11-10,31.865079879760742,31.746030807495117,31.746030807495117,31.865079879760742,20160.0,25.661165237426758
2016-11-11,31.825395584106445,31.388887405395508,31.706348419189453,31.706348419189453,25200.0,25.53333854675293
2016-11-14,31.825395584106445,31.706348419189453,31.706348419189453,31.825395584106445,20160.0,25.629207611083984
2016-11-15,31.706348419189453,31.388887405395508,31.507936477661133,31.706348419189453,30240.0,25.53333854675293
2016-11-16,31.746030807495117,31.66666603088379,31.706348419189453,31.746030807495117,25200.0,25.565298080444336
2016-11-17,31.66666603088379,31.468252182006836,31.66666603088379,31.66666603088379,23940.0,25.50138282775879
2016-11-18,31.706348419189453,31.626983642578125,31.66666603088379,31.706348419189453,22680.0,25.53333854675293
2016-11-21,31.706348419189453,31.58730125427246,31.706348419189453,31.706348419189453,25200.0,25.53333854675293
2016-11-22,31.706348419189453,31.547618865966797,31.706348419189453,31.706348419189453,21420.0,25.53333854675293
2016-11-23,31.706348419189453,31.468252182006836,31.706348419189453,31.468252182006836,23940.0,25.341598510742188
2016-11-24,31.66666603088379,31.507936477661133,31.507936477661133,31.66666603088379,23940.0,25.50138282775879
2016-11-25,31.706348419189453,31.388887405395508,31.66666603088379,31.706348419189453,23940.0,25.53333854675293
2016-11-28,31.706348419189453,31.58730125427246,31.706348419189453,31.706348419189453,23940.0,25.53333854675293
2016-11-29,31.66666603088379,31.58730125427246,31.66666603088379,31.66666603088379,21420.0,25.50138282775879
2016-11-30,31.66666603088379,31.58730125427246,31.58730125427246,31.66666603088379,17640.0,25.50138282775879
2016-12-01,31.58730125427246,30.634920120239258,31.03174591064453,31.58730125427246,22680.0,25.437469482421875
2016-12-02,31.58730125427246,31.269840240478516,31.269840240478516,31.58730125427246,17640.0,25.437469482421875
2016-12-05,31.428571701049805,31.269840240478516,31.30952262878418,31.428571701049805,21420.0,25.309642791748047
2016-12-06,31.428571701049805,31.30952262878418,31.388887405395508,31.428571701049805,27720.0,25.309642791748047
2016-12-07,31.388887405395508,31.388887405395508,31.388887405395508,31.388887405395508,18900.0,25.277687072753906
2016-12-08,31.30952262878418,30.95237922668457,31.269840240478516,31.03174591064453,25200.0,24.990076065063477
2016-12-09,31.071428298950195,30.95237922668457,31.071428298950195,30.95237922668457,30240.0,24.926162719726562
2016-12-12,30.95237922668457,30.595237731933594,30.95237922668457,30.833332061767578,18900.0,24.830291748046875
2016-12-13,31.03174591064453,30.634920120239258,30.634920120239258,30.833332061767578,22680.0,24.830291748046875
2016-12-14,30.95237922668457,30.833332061767578,30.833332061767578,30.95237922668457,21420.0,24.926162719726562
2016-12-15,30.95237922668457,30.793649673461914,30.793649673461914,30.95237922668457,22680.0,24.926162719726562
2016-12-16,30.91269874572754,30.793649673461914,30.91269874572754,30.91269874572754,17640.0,24.894208908081055
2016-12-19,30.873014450073242,30.793649673461914,30.873014450073242,30.873014450073242,17640.0,24.86224937438965
2016-12-20,30.992063522338867,30.793649673461914,30.873014450073242,30.992063522338867,25200.0,24.95812225341797
2016-12-21,31.66666603088379,30.833332061767578,30.95237922668457,31.58730125427246,57960.0,25.437469482421875
2016-12-22,31.58730125427246,31.468252182006836,31.547618865966797,31.58730125427246,16380.0,25.437469482421875
2016-12-23,31.58730125427246,30.992063522338867,31.547618865966797,31.507936477661133,34020.0,25.37355613708496
2016-12-26,31.507936477661133,30.992063522338867,31.468252182006836,31.468252182006836,32760.0,25.341598510742188
2016-12-27,31.468252182006836,31.388887405395508,31.468252182006836,31.468252182006836,16380.0,25.341598510742188
2016-12-28,31.428571701049805,31.150793075561523,31.428571701049805,31.388887405395508,25200.0,25.277687072753906
2016-12-29,31.388887405395508,31.03174591064453,31.388887405395508,31.03174591064453,27720.0,24.990076065063477
2016-12-30,31.269840240478516,31.190475463867188,31.190475463867188,31.269840240478516,25200.0,25.18181610107422
2017-01-03,31.269840240478516,30.992063522338867,31.269840240478516,31.03174591064453,16380.0,24.990076065063477
2017-01-04,31.11111068725586,31.03174591064453,31.03174591064453,31.11111068725586,20160.0,25.053991317749023
2017-01-05,31.150793075561523,31.11111068725586,31.11111068725586,31.150793075561523,18900.0,25.085947036743164
2017-01-06,31.190475463867188,31.150793075561523,31.150793075561523,31.150793075561523,18900.0,25.085947036743164
2017-01-09,31.190475463867188,31.11111068725586,31.150793075561523,31.11111068725586,16380.0,25.053991317749023
2017-01-10,31.150793075561523,30.833332061767578,31.11111068725586,31.071428298950195,23940.0,25.022035598754883
2017-01-11,31.190475463867188,31.11111068725586,31.11111068725586,31.190475463867188,23940.0,25.117904663085938
2017-01-12,31.23015785217285,31.190475463867188,31.190475463867188,31.23015785217285,26460.0,25.149858474731445
2017-01-13,31.30952262878418,30.793649673461914,31.23015785217285,30.95237922668457,45360.0,24.926162719726562
2017-01-16,31.03174591064453,30.674602508544922,31.03174591064453,31.03174591064453,18900.0,24.990076065063477
2017-01-17,31.071428298950195,31.03174591064453,31.03174591064453,31.071428298950195,11340.0,25.022035598754883
2017-01-18,31.03174591064453,30.873014450073242,31.03174591064453,30.95237922668457,37800.0,24.926162719726562
2017-01-19,31.03174591064453,30.793649673461914,30.992063522338867,31.03174591064453,26460.0,24.990076065063477
2017-01-20,31.626983642578125,31.03174591064453,31.03174591064453,31.626983642578125,70560.0,25.46942710876465
2017-01-23,31.746030807495117,31.11111068725586,31.58730125427246,31.746030807495117,40320.0,25.565298080444336
2017-01-24,31.746030807495117,31.150793075561523,31.746030807495117,31.706348419189453,56700.0,25.53333854675293
2017-02-02,31.746030807495117,31.349206924438477,31.746030807495117,31.746030807495117,27720.0,25.565298080444336
2017-02-03,31.746030807495117,31.388887405395508,31.746030807495117,31.706348419189453,25200.0,25.53333854675293
2017-02-06,31.746030807495117,31.706348419189453,31.706348419189453,31.746030807495117,18900.0,25.565298080444336
2017-02-07,31.746030807495117,31.547618865966797,31.746030807495117,31.746030807495117,28980.0,25.565298080444336
2017-02-08,31.746030807495117,31.66666603088379,31.746030807495117,31.706348419189453,22680.0,25.53333854675293
2017-02-09,31.78571319580078,31.388887405395508,31.706348419189453,31.78571319580078,21420.0,25.597251892089844
2017-02-10,31.78571319580078,31.428571701049805,31.78571319580078,31.66666603088379,40320.0,25.50138282775879
2017-02-13,31.706348419189453,31.58730125427246,31.66666603088379,31.706348419189453,40320.0,25.53333854675293
2017-02-14,31.746030807495117,31.66666603088379,31.706348419189453,31.746030807495117,41580.0,25.565298080444336
2017-02-15,31.706348419189453,31.507936477661133,31.706348419189453,31.547618865966797,40320.0,25.405513763427734
2017-02-16,31.66666603088379,31.58730125427246,31.58730125427246,31.66666603088379,39060.0,25.50138282775879
2017-02-17,31.66666603088379,31.58730125427246,31.66666603088379,31.66666603088379,37800.0,25.50138282775879
2017-02-20,31.66666603088379,31.58730125427246,31.626983642578125,31.66666603088379,37800.0,25.50138282775879
2017-02-21,31.66666603088379,31.58730125427246,31.66666603088379,31.66666603088379,37800.0,25.50138282775879
2017-02-22,31.66666603088379,31.58730125427246,31.626983642578125,31.66666603088379,39060.0,25.50138282775879
2017-02-23,31.66666603088379,31.58730125427246,31.626983642578125,31.66666603088379,39060.0,25.50138282775879
2017-02-24,31.626983642578125,30.238094329833984,31.626983642578125,30.55555534362793,35280.0,24.606597900390625
2017-03-01,30.95237922668457,30.793649673461914,30.793649673461914,30.95237922668457,3780.0,24.926162719726562
2017-03-02,31.11111068725586,30.91269874572754,30.91269874572754,31.11111068725586,21420.0,25.053991317749023
2017-03-03,31.11111068725586,31.03174591064453,31.03174591064453,31.11111068725586,20160.0,25.053991317749023
2017-03-06,31.11111068725586,30.158729553222656,31.11111068725586,30.158729553222656,35280.0,24.287031173706055
2017-03-07,30.317459106445312,29.960317611694336,30.317459106445312,30.119047164916992,28980.0,24.255075454711914
2017-03-08,30.079364776611328,29.84126853942871,30.079364776611328,30.039682388305664,25200.0,24.191162109375
2017-03-09,30.039682388305664,29.92063331604004,30.0,30.039682388305664,36540.0,24.191162109375
2017-03-10,30.0,29.682538986206055,30.0,29.84126853942871,32760.0,24.0313777923584
2017-03-13,29.92063331604004,29.64285659790039,29.761903762817383,29.84126853942871,78120.0,24.0313777923584
2017-03-14,30.317459106445312,29.761903762817383,29.84126853942871,30.0,56700.0,24.159204483032227
2017-03-15,29.92063331604004,29.603174209594727,29.92063331604004,29.603174209594727,47880.0,23.839637756347656
2017-03-16,30.0,29.682538986206055,29.761903762817383,30.0,45360.0,24.159204483032227
2017-03-17,30.436506271362305,30.039682388305664,30.079364776611328,30.436506271362305,347760.0,24.510726928710938
2017-03-20,30.714284896850586,30.158729553222656,30.436506271362305,30.714284896850586,32760.0,24.734424591064453
2017-03-21,30.55555534362793,30.396825790405273,30.55555534362793,30.4761905670166,27720.0,24.542682647705078
2017-03-22,30.55555534362793,30.4761905670166,30.4761905670166,30.4761905670166,119700.0,24.542682647705078
2017-03-23,30.634920120239258,30.4761905670166,30.4761905670166,30.634920120239258,57960.0,24.67051124572754
2017-03-24,31.03174591064453,30.436506271362305,30.634920120239258,30.55555534362793,76860.0,24.606597900390625
2017-03-27,30.714284896850586,30.357141494750977,30.55555534362793,30.634920120239258,35280.0,24.67051124572754
2017-03-28,31.150793075561523,30.634920120239258,30.634920120239258,31.150793075561523,172620.0,25.085947036743164
2017-03-29,31.11111068725586,30.95237922668457,30.95237922668457,31.11111068725586,156240.0,25.053991317749023
2017-03-30,30.873014450073242,30.396825790405273,30.634920120239258,30.873014450073242,165060.0,24.86224937438965
2017-03-31,30.91269874572754,30.634920120239258,30.873014450073242,30.634920120239258,30240.0,24.67051124572754
2017-04-05,30.873014450073242,30.674602508544922,30.674602508544922,30.873014450073242,27720.0,24.86224937438965
2017-04-06,30.833332061767578,30.793649673461914,30.833332061767578,30.833332061767578,26460.0,24.830291748046875
2017-04-07,30.833332061767578,30.515872955322266,30.833332061767578,30.793649673461914,27720.0,24.798337936401367
2017-04-10,30.833332061767578,30.833332061767578,30.833332061767578,30.833332061767578,25200.0,24.830291748046875
2017-04-11,30.91269874572754,30.833332061767578,30.833332061767578,30.873014450073242,26460.0,24.86224937438965
2017-04-12,30.873014450073242,30.515872955322266,30.873014450073242,30.793649673461914,25200.0,24.798337936401367
2017-04-13,30.833332061767578,30.793649673461914,30.793649673461914,30.833332061767578,27720.0,24.830291748046875
2017-04-14,30.873014450073242,30.793649673461914,30.833332061767578,30.873014450073242,26460.0,24.86224937438965
2017-04-17,30.873014450073242,30.833332061767578,30.873014450073242,30.873014450073242,25200.0,24.86224937438965
2017-04-18,30.91269874572754,30.873014450073242,30.873014450073242,30.91269874572754,26460.0,24.894208908081055
2017-04-19,30.91269874572754,30.317459106445312,30.91269874572754,30.714284896850586,25200.0,24.734424591064453
2017-04-20,30.714284896850586,30.436506271362305,30.714284896850586,30.595237731933594,25200.0,24.638553619384766
2017-04-21,30.793649673461914,30.634920120239258,30.634920120239258,30.793649673461914,26460.0,24.798337936401367
2017-04-24,30.75396728515625,30.436506271362305,30.75396728515625,30.714284896850586,25200.0,24.734424591064453
2017-04-25,30.75396728515625,30.714284896850586,30.714284896850586,30.75396728515625,26460.0,24.766380310058594
2017-04-26,30.75396728515625,30.674602508544922,30.75396728515625,30.674602508544922,25200.0,24.70246696472168
2017-04-27,30.714284896850586,30.674602508544922,30.674602508544922,30.714284896850586,26460.0,24.734424591064453
2017-04-28,30.714284896850586,30.634920120239258,30.714284896850586,30.634920120239258,25200.0,24.67051124572754
2017-05-02,30.833332061767578,30.634920120239258,30.634920120239258,30.833332061767578,26460.0,24.830291748046875
2017-05-03,30.833332061767578,30.436506271362305,30.833332061767578,30.833332061767578,30240.0,24.830291748046875
2017-05-04,30.793649673461914,29.603174209594727,30.793649673461914,29.682538986206055,45360.0,23.903553009033203
2017-05-05,30.634920120239258,29.761903762817383,30.039682388305664,30.238094329833984,52920.0,24.35094451904297
2017-05-08,30.714284896850586,30.238094329833984,30.238094329833984,30.714284896850586,26460.0,24.734424591064453
2017-05-09,30.95237922668457,30.595237731933594,30.674602508544922,30.95237922668457,26460.0,24.926162719726562
2017-05-10,30.873014450073242,30.793649673461914,30.873014450073242,30.833332061767578,28980.0,24.830291748046875
2017-05-11,30.833332061767578,30.317459106445312,30.833332061767578,30.317459106445312,20160.0,24.414857864379883
2017-05-12,30.714284896850586,30.19841194152832,30.396825790405273,30.714284896850586,154980.0,24.734424591064453
2017-05-15,30.714284896850586,30.714284896850586,30.714284896850586,30.714284896850586,26460.0,24.734424591064453
2017-05-16,30.714284896850586,30.714284896850586,30.714284896850586,30.714284896850586,25200.0,24.734424591064453
2017-05-17,30.714284896850586,30.317459106445312,30.714284896850586,30.714284896850586,27720.0,24.734424591064453
2017-05-18,30.55555534362793,30.515872955322266,30.55555534362793,30.55555534362793,39060.0,24.606597900390625
2017-05-19,30.595237731933594,30.238094329833984,30.595237731933594,30.55555534362793,131040.0,24.606597900390625
2017-05-22,30.595237731933594,30.595237731933594,30.595237731933594,30.595237731933594,28980.0,24.638553619384766
2017-05-23,30.595237731933594,30.039682388305664,30.595237731933594,30.4761905670166,37800.0,24.542682647705078
2017-05-24,30.515872955322266,30.4761905670166,30.515872955322266,30.4761905670166,39060.0,24.542682647705078
2017-05-25,30.595237731933594,30.0,30.515872955322266,30.27777671813965,50400.0,24.38290023803711
2017-05-26,30.436506271362305,30.158729553222656,30.238094329833984,30.317459106445312,46620.0,24.414857864379883
2017-05-31,30.396825790405273,30.317459106445312,30.396825790405273,30.396825790405273,37800.0,24.478771209716797
2017-06-01,30.4761905670166,30.396825790405273,30.436506271362305,30.396825790405273,39060.0,24.478771209716797
2017-06-02,30.396825790405273,30.357141494750977,30.396825790405273,30.396825790405273,39060.0,24.478771209716797
2017-06-05,30.4761905670166,30.436506271362305,30.4761905670166,30.436506271362305,39060.0,24.510726928710938
2017-06-06,30.674602508544922,30.55555534362793,30.55555534362793,30.55555534362793,37800.0,24.606597900390625
2017-06-07,30.55555534362793,30.079364776611328,30.55555534362793,30.396825790405273,37800.0,24.478771209716797
2017-06-08,30.317459106445312,30.039682388305664,30.079364776611328,30.317459106445312,39060.0,24.414857864379883
2017-06-09,30.317459106445312,29.880952835083008,30.0,29.880952835083008,40320.0,24.063335418701172
2017-06-12,30.19841194152832,29.761903762817383,29.92063331604004,30.19841194152832,25200.0,24.318984985351562
2017-06-13,30.317459106445312,30.238094329833984,30.238094329833984,30.27777671813965,39060.0,24.38290023803711
2017-06-14,30.238094329833984,29.801586151123047,30.158729553222656,30.158729553222656,37800.0,24.287031173706055
2017-06-15,30.158729553222656,30.079364776611328,30.158729553222656,30.158729553222656,23940.0,24.287031173706055
2017-06-16,30.396825790405273,30.158729553222656,30.158729553222656,30.317459106445312,21420.0,24.414857864379883
2017-06-19,30.357141494750977,30.238094329833984,30.27777671813965,30.238094329833984,40320.0,24.35094451904297
2017-06-20,30.317459106445312,30.317459106445312,30.317459106445312,30.317459106445312,39060.0,24.414857864379883
2017-06-21,30.238094329833984,30.238094329833984,30.238094329833984,30.238094329833984,41580.0,24.35094451904297
2017-06-22,30.19841194152832,29.960317611694336,30.19841194152832,30.19841194152832,41580.0,24.318984985351562
2017-06-23,30.19841194152832,30.19841194152832,30.19841194152832,30.19841194152832,37800.0,24.318984985351562
2017-06-26,30.19841194152832,29.960317611694336,30.19841194152832,30.119047164916992,45360.0,24.255075454711914
2017-06-27,30.19841194152832,30.119047164916992,30.19841194152832,30.158729553222656,37800.0,24.287031173706055
2017-06-28,30.19841194152832,30.158729553222656,30.19841194152832,30.158729553222656,39060.0,24.287031173706055
2017-06-29,30.158729553222656,30.0,30.158729553222656,30.158729553222656,40320.0,24.287031173706055
2017-06-30,30.158729553222656,30.079364776611328,30.158729553222656,30.158729553222656,37800.0,24.287031173706055
2017-07-03,30.158729553222656,30.158729553222656,30.158729553222656,30.158729553222656,39060.0,24.287031173706055
2017-07-04,30.19841194152832,30.158729553222656,30.19841194152832,30.19841194152832,37800.0,24.318984985351562
2017-07-05,30.19841194152832,29.761903762817383,30.19841194152832,30.19841194152832,40320.0,24.318984985351562
2017-07-06,30.396825790405273,30.238094329833984,30.238094329833984,30.317459106445312,37800.0,24.414857864379883
2017-07-07,30.317459106445312,30.27777671813965,30.27777671813965,30.317459106445312,37800.0,24.414857864379883
2017-07-10,30.317459106445312,30.238094329833984,30.27777671813965,30.317459106445312,26460.0,24.414857864379883
2017-07-11,30.317459106445312,29.92063331604004,30.317459106445312,30.317459106445312,41580.0,24.414857864379883
2017-07-12,30.396825790405273,30.317459106445312,30.317459106445312,30.396825790405273,34020.0,24.478771209716797
2017-07-13,30.396825790405273,29.960317611694336,30.396825790405273,30.396825790405273,37800.0,24.478771209716797
2017-07-14,30.396825790405273,30.396825790405273,30.396825790405273,30.396825790405273,27720.0,24.478771209716797
2017-07-17,30.4761905670166,30.396825790405273,30.396825790405273,30.4761905670166,20160.0,24.542682647705078
2017-07-18,30.55555534362793,30.4761905670166,30.4761905670166,30.55555534362793,37800.0,24.606597900390625
2017-07-19,30.595237731933594,30.515872955322266,30.55555534362793,30.595237731933594,37800.0,24.638553619384766
2017-07-20,30.595237731933594,30.55555534362793,30.595237731933594,30.55555534362793,31500.0,24.606597900390625
2017-07-21,30.55555534362793,30.515872955322266,30.55555534362793,30.55555534362793,28980.0,24.606597900390625
2017-07-24,30.55555534362793,30.158729553222656,30.55555534362793,30.55555534362793,26460.0,24.606597900390625
2017-07-25,30.634920120239258,30.55555534362793,30.55555534362793,30.634920120239258,27720.0,24.67051124572754
2017-07-26,30.714284896850586,30.27777671813965,30.634920120239258,30.714284896850586,34020.0,24.734424591064453
2017-07-27,30.714284896850586,30.714284896850586,30.714284896850586,30.714284896850586,25200.0,24.734424591064453
2017-07-28,30.515872955322266,30.515872955322266,30.515872955322266,30.515872955322266,27720.0,24.574642181396484
2017-07-31,30.634920120239258,30.634920120239258,30.634920120239258,30.634920120239258,25200.0,24.67051124572754
2017-08-01,30.634920120239258,30.238094329833984,30.634920120239258,30.595237731933594,22680.0,24.638553619384766
2017-08-02,30.595237731933594,30.27777671813965,30.595237731933594,30.55555534362793,16380.0,24.606597900390625
2017-08-03,30.55555534362793,29.761903762817383,30.55555534362793,30.119047164916992,26460.0,24.255075454711914
2017-08-04,30.634920120239258,30.0,30.158729553222656,30.634920120239258,41580.0,24.67051124572754
2017-08-07,30.595237731933594,30.515872955322266,30.595237731933594,30.55555534362793,18900.0,24.606597900390625
2017-08-08,30.55555534362793,30.55555534362793,30.55555534362793,30.55555534362793,16380.0,24.606597900390625
2017-08-09,30.55555534362793,30.515872955322266,30.55555534362793,30.515872955322266,15120.0,24.574642181396484
2017-08-10,30.515872955322266,30.158729553222656,30.515872955322266,30.436506271362305,17640.0,24.510726928710938
2017-08-11,30.317459106445312,30.317459106445312,30.317459106445312,30.317459106445312,16380.0,24.414857864379883
2017-08-14,30.357141494750977,29.365079879760742,30.357141494750977,29.880952835083008,34020.0,24.063335418701172
2017-08-15,30.357141494750977,29.92063331604004,29.960317611694336,30.158729553222656,57960.0,24.287031173706055
2017-08-16,30.317459106445312,29.44444465637207,30.158729553222656,30.0,122220.0,24.159204483032227
2017-08-17,30.4761905670166,29.801586151123047,30.0,30.039682388305664,158760.0,24.191162109375
2017-08-18,30.158729553222656,29.761903762817383,30.158729553222656,30.079364776611328,80640.0,24.22311782836914
2017-08-21,30.079364776611328,30.079364776611328,30.079364776611328,30.079364776611328,16445.0,24.22311782836914
2017-08-22,30.4761905670166,29.84126853942871,30.158729553222656,30.158729553222656,82627.0,24.287031173706055
2017-08-23,30.158729553222656,29.84126853942871,30.079364776611328,30.158729553222656,19523.0,24.287031173706055
2017-08-24,30.158729553222656,30.0,30.0,30.158729553222656,90276.0,24.287031173706055
2017-08-25,30.27777671813965,30.158729553222656,30.238094329833984,30.158729553222656,23323.0,24.287031173706055
2017-08-28,30.158729553222656,29.047618865966797,29.365079879760742,29.563491821289062,42984.0,24.451133728027344
2017-08-29,29.761903762817383,29.761903762817383,29.761903762817383,29.761903762817383,13926.0,24.615234375
2017-08-30,29.92063331604004,29.880952835083008,29.92063331604004,29.880952835083008,14565.0,24.71369743347168
2017-08-31,30.079364776611328,29.563491821289062,29.801586151123047,30.079364776611328,21806.0,24.877798080444336
2017-09-01,30.079364776611328,29.761903762817383,30.079364776611328,29.801586151123047,14856.0,24.648056030273438
2017-09-04,30.0,29.5238094329834,29.84126853942871,30.0,14265.0,24.812158584594727
2017-09-05,30.119047164916992,30.079364776611328,30.079364776611328,30.119047164916992,16380.0,24.91061782836914
2017-09-06,29.92063331604004,29.761903762817383,29.761903762817383,29.92063331604004,15811.0,24.74651336669922
2017-09-07,32.14285659790039,29.603174209594727,29.84126853942871,30.634920120239258,41073.0,25.337282180786133
2017-09-08,30.873014450073242,30.039682388305664,30.634920120239258,30.396825790405273,20163.0,25.14035987854004
2017-09-11,30.396825790405273,29.761903762817383,30.396825790405273,29.92063331604004,31522.0,24.74651336669922
2017-09-12,29.92063331604004,29.64285659790039,29.880952835083008,29.84126853942871,27090.0,24.680875778198242
2017-09-13,30.079364776611328,29.563491821289062,29.761903762817383,29.92063331604004,32765.0,24.74651336669922
2017-09-14,30.55555534362793,29.801586151123047,30.0,29.92063331604004,33649.0,24.74651336669922
2017-09-15,30.079364776611328,29.603174209594727,29.92063331604004,30.079364776611328,27917.0,24.877798080444336
2017-09-18,30.27777671813965,29.761903762817383,30.158729553222656,30.238094329833984,31619.0,25.009078979492188
2017-09-19,30.396825790405273,29.880952835083008,30.238094329833984,29.92063331604004,28980.0,24.74651336669922
2017-09-20,30.238094329833984,30.158729553222656,30.158729553222656,30.238094329833984,27745.0,25.009078979492188
2017-09-21,30.158729553222656,29.880952835083008,30.158729553222656,30.158729553222656,29016.0,24.943437576293945
2017-09-22,30.119047164916992,29.72222137451172,30.119047164916992,30.079364776611328,25409.0,24.877798080444336
2017-09-25,30.158729553222656,30.158729553222656,30.158729553222656,30.158729553222656,27953.0,24.943437576293945
2017-09-26,30.317459106445312,30.079364776611328,30.158729553222656,30.119047164916992,27878.0,24.91061782836914
2017-09-27,30.119047164916992,30.0,30.119047164916992,30.079364776611328,26641.0,24.877798080444336
2017-09-28,30.119047164916992,30.119047164916992,30.119047164916992,30.119047164916992,27983.0,24.91061782836914
2017-09-29,30.158729553222656,30.119047164916992,30.119047164916992,30.158729553222656,25200.0,24.943437576293945
2017-10-02,30.4761905670166,30.119047164916992,30.27777671813965,30.119047164916992,26812.0,24.91061782836914
2017-10-03,30.158729553222656,30.119047164916992,30.119047164916992,30.158729553222656,36606.0,24.943437576293945
2017-10-05,31.11111068725586,30.079364776611328,30.158729553222656,31.11111068725586,51923.0,25.731124877929688
2017-10-06,30.95237922668457,30.436506271362305,30.873014450073242,30.873014450073242,33372.0,25.534204483032227
2017-10-11,30.91269874572754,30.634920120239258,30.634920120239258,30.91269874572754,27234.0,25.56702423095703
2017-10-12,30.873014450073242,30.634920120239258,30.833332061767578,30.833332061767578,26365.0,25.50138282775879
2017-10-13,30.873014450073242,30.55555534362793,30.55555534362793,30.793649673461914,25705.0,25.468563079833984
2017-10-16,30.873014450073242,30.55555534362793,30.55555534362793,30.873014450073242,27825.0,25.534204483032227
2017-10-17,30.873014450073242,30.55555534362793,30.793649673461914,30.714284896850586,90738.0,25.402921676635742
2017-10-18,30.75396728515625,30.55555534362793,30.55555534362793,30.634920120239258,22979.0,25.337282180786133
2017-10-19,30.793649673461914,30.55555534362793,30.674602508544922,30.793649673461914,48337.0,25.468563079833984
2017-10-20,30.793649673461914,30.55555534362793,30.793649673461914,30.674602508544922,35358.0,25.370101928710938
2017-10-23,30.714284896850586,30.674602508544922,30.714284896850586,30.714284896850586,42789.0,25.402921676635742
2017-10-24,30.714284896850586,30.634920120239258,30.714284896850586,30.674602508544922,40624.0,25.370101928710938
2017-10-25,30.714284896850586,30.634920120239258,30.634920120239258,30.714284896850586,39766.0,25.402921676635742
2017-10-26,30.833332061767578,30.714284896850586,30.714284896850586,30.714284896850586,40394.0,25.402921676635742
2017-10-27,30.714284896850586,30.714284896850586,30.714284896850586,30.714284896850586,38310.0,25.402921676635742
2017-10-30,30.714284896850586,30.595237731933594,30.595237731933594,30.714284896850586,39060.0,25.402921676635742
2017-10-31,30.793649673461914,30.714284896850586,30.714284896850586,30.793649673461914,40384.0,25.468563079833984
2017-11-01,30.873014450073242,30.595237731933594,30.793649673461914,30.873014450073242,45426.0,25.534204483032227
2017-11-02,30.873014450073242,30.833332061767578,30.833332061767578,30.833332061767578,27720.0,25.50138282775879
2017-11-03,30.95237922668457,30.515872955322266,30.833332061767578,30.95237922668457,35069.0,25.599842071533203
2017-11-06,30.873014450073242,30.634920120239258,30.634920120239258,30.873014450073242,17640.0,25.534204483032227
2017-11-07,30.95237922668457,30.873014450073242,30.873014450073242,30.95237922668457,26947.0,25.599842071533203
2017-11-08,34.0476188659668,30.91269874572754,30.91269874572754,33.730159759521484,117095.0,27.897268295288086
2017-11-09,33.730159759521484,32.93650817871094,33.730159759521484,33.095237731933594,49829.0,27.372140884399414
2017-11-10,33.33333206176758,32.93650817871094,33.0555534362793,33.17460250854492,30449.0,27.437782287597656
2017-11-13,33.17460250854492,32.30158615112305,33.17460250854492,32.341270446777344,45360.0,26.748554229736328
2017-11-14,32.77777862548828,32.53968048095703,32.53968048095703,32.658729553222656,26718.0,27.011117935180664
2017-11-15,32.69841384887695,32.658729553222656,32.69841384887695,32.658729553222656,28996.0,27.011117935180664
2017-11-16,32.61904525756836,32.341270446777344,32.61904525756836,32.5,25200.0,26.879837036132812
2017-11-17,32.53968048095703,31.746030807495117,32.5,32.30158615112305,16046.0,26.715734481811523
2017-11-20,32.380950927734375,31.58730125427246,32.30158615112305,31.746030807495117,43866.0,26.256250381469727
2017-11-21,31.904760360717773,31.349206924438477,31.746030807495117,31.904760360717773,27042.0,26.387531280517578
2017-11-22,31.78571319580078,31.428571701049805,31.78571319580078,31.58730125427246,12576.0,26.124969482421875
2017-11-23,31.9841251373291,31.349206924438477,31.746030807495117,31.66666603088379,27765.0,26.190608978271484
2017-11-24,31.746030807495117,31.349206924438477,31.746030807495117,31.66666603088379,27011.0,26.190608978271484
2017-11-27,31.904760360717773,31.825395584106445,31.904760360717773,31.825395584106445,26611.0,26.32189178466797
2017-11-28,31.746030807495117,31.66666603088379,31.66666603088379,31.66666603088379,25482.0,26.190608978271484
2017-11-29,31.746030807495117,31.706348419189453,31.746030807495117,31.706348419189453,26817.0,26.22342872619629
2017-11-30,31.825395584106445,31.746030807495117,31.825395584106445,31.746030807495117,27720.0,26.256250381469727
2017-12-01,31.746030807495117,31.706348419189453,31.746030807495117,31.706348419189453,27994.0,26.22342872619629
2017-12-04,31.746030807495117,31.58730125427246,31.746030807495117,31.706348419189453,29315.0,26.22342872619629
2017-12-05,31.706348419189453,31.66666603088379,31.706348419189453,31.66666603088379,26485.0,26.190608978271484
2017-12-06,31.66666603088379,31.58730125427246,31.66666603088379,31.58730125427246,29361.0,26.124969482421875
2017-12-07,31.66666603088379,31.349206924438477,31.66666603088379,31.349206924438477,29016.0,25.928049087524414
2017-12-08,31.349206924438477,31.30952262878418,31.349206924438477,31.349206924438477,25812.0,25.928049087524414
2017-12-11,31.349206924438477,30.95237922668457,31.269840240478516,31.190475463867188,39092.0,25.79676628112793
2017-12-12,31.190475463867188,30.4761905670166,31.190475463867188,31.150793075561523,25200.0,25.763946533203125
2017-12-13,31.58730125427246,31.11111068725586,31.150793075561523,31.58730125427246,30774.0,26.124969482421875
2017-12-14,32.14285659790039,31.58730125427246,31.58730125427246,31.746030807495117,63226.0,26.256250381469727
2017-12-15,32.14285659790039,31.746030807495117,31.746030807495117,32.06349182128906,25205.0,26.51881217956543
2017-12-18,32.06349182128906,31.9841251373291,32.06349182128906,31.9841251373291,25206.0,26.453170776367188
2017-12-19,31.94444465637207,31.746030807495117,31.94444465637207,31.904760360717773,18276.0,26.387531280517578
2017-12-20,31.904760360717773,31.904760360717773,31.904760360717773,31.904760360717773,22336.0,26.387531280517578
2017-12-21,32.380950927734375,31.904760360717773,31.904760360717773,32.380950927734375,27775.0,26.781375885009766
2017-12-22,32.22222137451172,31.9841251373291,32.22222137451172,32.14285659790039,18903.0,26.584453582763672
2017-12-25,32.14285659790039,31.865079879760742,32.14285659790039,32.023807525634766,25230.0,26.485992431640625
2017-12-26,32.023807525634766,32.023807525634766,32.023807525634766,32.023807525634766,26082.0,26.485992431640625
2017-12-27,32.14285659790039,31.78571319580078,32.14285659790039,31.94444465637207,20454.0,26.420352935791016
2017-12-28,31.94444465637207,31.94444465637207,31.94444465637207,31.94444465637207,16778.0,26.420352935791016
2017-12-29,31.94444465637207,31.904760360717773,31.94444465637207,31.904760360717773,17666.0,26.387531280517578
2018-01-02,31.904760360717773,31.78571319580078,31.904760360717773,31.904760360717773,29119.0,26.387531280517578
2018-01-03,31.94444465637207,31.746030807495117,31.94444465637207,31.904760360717773,30915.0,26.387531280517578
2018-01-04,32.103172302246094,31.746030807495117,31.78571319580078,31.865079879760742,34020.0,26.354711532592773
2018-01-05,31.865079879760742,31.746030807495117,31.865079879760742,31.78571319580078,28760.0,26.28907012939453
2018-01-08,32.06349182128906,31.746030807495117,31.746030807495117,31.746030807495117,48003.0,26.256250381469727
2018-01-09,31.746030807495117,31.746030807495117,31.746030807495117,31.746030807495117,26460.0,26.256250381469727
2018-01-10,31.746030807495117,31.746030807495117,31.746030807495117,31.746030807495117,19382.0,26.256250381469727
2018-01-11,31.746030807495117,31.626983642578125,31.746030807495117,31.746030807495117,18990.0,26.256250381469727
2018-01-12,31.94444465637207,31.746030807495117,31.746030807495117,31.94444465637207,23946.0,26.420352935791016
2018-01-15,31.94444465637207,31.94444465637207,31.94444465637207,31.94444465637207,19267.0,26.420352935791016
2018-01-16,31.94444465637207,31.94444465637207,31.94444465637207,31.94444465637207,19131.0,26.420352935791016
2018-01-17,31.94444465637207,31.746030807495117,31.865079879760742,31.94444465637207,27489.0,26.420352935791016
2018-01-18,31.94444465637207,31.94444465637207,31.94444465637207,31.94444465637207,13757.0,26.420352935791016
2018-01-19,31.865079879760742,31.746030807495117,31.825395584106445,31.865079879760742,20352.0,26.354711532592773
2018-01-22,31.78571319580078,31.746030807495117,31.746030807495117,31.78571319580078,104658.0,26.28907012939453
2018-01-23,31.825395584106445,31.78571319580078,31.78571319580078,31.825395584106445,68101.0,26.32189178466797
2018-01-24,31.78571319580078,31.746030807495117,31.746030807495117,31.78571319580078,66297.0,26.28907012939453
2018-01-25,31.78571319580078,31.78571319580078,31.78571319580078,31.78571319580078,66873.0,26.28907012939453
2018-01-26,31.746030807495117,31.58730125427246,31.746030807495117,31.746030807495117,44100.0,26.256250381469727
2018-01-29,31.746030807495117,31.58730125427246,31.746030807495117,31.746030807495117,22770.0,26.256250381469727
2018-01-30,31.825395584106445,31.507936477661133,31.825395584106445,31.78571319580078,17854.0,26.28907012939453
2018-01-31,31.78571319580078,31.78571319580078,31.78571319580078,31.78571319580078,20638.0,26.28907012939453
2018-02-01,32.14285659790039,31.58730125427246,31.706348419189453,32.14285659790039,28986.0,26.584453582763672
2018-02-02,32.103172302246094,31.746030807495117,31.746030807495117,32.103172302246094,2983.0,26.551631927490234
2018-02-05,32.380950927734375,32.103172302246094,32.103172302246094,32.380950927734375,8154.0,26.781375885009766
2018-02-06,32.023807525634766,31.66666603088379,32.023807525634766,31.746030807495117,42876.0,26.256250381469727
2018-02-07,31.904760360717773,31.11111068725586,31.746030807495117,31.746030807495117,41931.0,26.256250381469727
2018-02-08,31.746030807495117,31.746030807495117,31.746030807495117,31.746030807495117,39173.0,26.256250381469727
2018-02-09,31.746030807495117,31.507936477661133,31.746030807495117,31.746030807495117,51660.0,26.256250381469727
2018-02-12,31.746030807495117,31.746030807495117,31.746030807495117,31.746030807495117,28980.0,26.256250381469727
2018-02-21,31.746030807495117,31.66666603088379,31.746030807495117,31.66666603088379,15630.0,26.190608978271484
2018-02-22,31.746030807495117,31.66666603088379,31.66666603088379,31.746030807495117,26520.0,26.256250381469727
2018-02-23,31.66666603088379,31.58730125427246,31.66666603088379,31.66666603088379,27720.0,26.190608978271484
2018-02-26,31.746030807495117,31.11111068725586,31.428571701049805,31.349206924438477,38019.0,25.928049087524414
2018-02-27,31.507936477661133,31.349206924438477,31.349206924438477,31.349206924438477,15567.0,25.928049087524414
2018-03-01,31.428571701049805,31.071428298950195,31.23015785217285,31.428571701049805,35280.0,25.993688583374023
2018-03-02,31.428571701049805,30.75396728515625,31.349206924438477,31.349206924438477,31875.0,25.928049087524414
2018-03-05,31.388887405395508,31.03174591064453,31.269840240478516,31.190475463867188,20160.0,25.79676628112793
2018-03-06,33.17460250854492,31.071428298950195,31.428571701049805,32.14285659790039,48938.0,26.584453582763672
2018-03-07,31.9841251373291,31.11111068725586,31.190475463867188,31.94444465637207,67151.0,26.420352935791016
2018-03-08,32.22222137451172,31.468252182006836,31.468252182006836,32.023807525634766,57983.0,26.485992431640625
2018-03-09,32.023807525634766,31.58730125427246,31.78571319580078,31.746030807495117,32146.0,26.256250381469727
2018-03-12,32.103172302246094,31.58730125427246,31.58730125427246,31.94444465637207,78125.0,26.420352935791016
2018-03-13,32.06349182128906,31.746030807495117,31.904760360717773,31.865079879760742,43153.0,26.354711532592773
2018-03-14,32.14285659790039,31.746030807495117,32.14285659790039,31.94444465637207,27741.0,26.420352935791016
2018-03-15,31.904760360717773,31.507936477661133,31.746030807495117,31.78571319580078,25212.0,26.28907012939453
2018-03-16,31.746030807495117,31.507936477661133,31.58730125427246,31.746030807495117,23669.0,26.256250381469727
2018-03-19,31.706348419189453,31.388887405395508,31.507936477661133,31.626983642578125,33088.0,26.157791137695312
2018-03-20,31.825395584106445,31.468252182006836,31.468252182006836,31.58730125427246,49141.0,26.124969482421875
2018-03-21,31.78571319580078,31.468252182006836,31.58730125427246,31.58730125427246,26461.0,26.124969482421875
2018-03-22,31.706348419189453,31.428571701049805,31.66666603088379,31.428571701049805,22688.0,25.993688583374023
2018-03-23,31.547618865966797,31.190475463867188,31.269840240478516,31.190475463867188,23940.0,25.79676628112793
2018-03-26,31.78571319580078,31.071428298950195,31.071428298950195,31.58730125427246,21621.0,26.124969482421875
2018-03-27,31.706348419189453,31.23015785217285,31.626983642578125,31.58730125427246,22682.0,26.124969482421875
2018-03-28,31.626983642578125,31.507936477661133,31.626983642578125,31.507936477661133,18905.0,26.059328079223633
2018-03-29,32.14285659790039,31.547618865966797,31.58730125427246,31.66666603088379,33723.0,26.190608978271484
2018-03-30,31.825395584106445,31.66666603088379,31.66666603088379,31.746030807495117,16856.0,26.256250381469727
2018-04-02,32.14285659790039,31.825395584106445,32.14285659790039,31.94444465637207,19387.0,26.420352935791016
2018-04-03,31.825395584106445,31.626983642578125,31.66666603088379,31.706348419189453,20286.0,26.22342872619629
2018-04-09,32.22222137451172,31.706348419189453,31.706348419189453,31.9841251373291,89625.0,26.453170776367188
2018-04-10,31.94444465637207,31.547618865966797,31.825395584106445,31.626983642578125,85833.0,26.157791137695312
2018-04-11,31.746030807495117,31.428571701049805,31.58730125427246,31.746030807495117,85909.0,26.256250381469727
2018-04-12,31.78571319580078,31.547618865966797,31.66666603088379,31.78571319580078,81397.0,26.28907012939453
2018-04-13,31.746030807495117,31.23015785217285,31.626983642578125,31.388887405395508,36615.0,25.960866928100586
2018-04-16,31.66666603088379,31.349206924438477,31.468252182006836,31.507936477661133,79953.0,26.059328079223633
2018-04-17,31.66666603088379,31.269840240478516,31.626983642578125,31.626983642578125,81963.0,26.157791137695312
2018-04-18,31.66666603088379,31.468252182006836,31.66666603088379,31.626983642578125,20160.0,26.157791137695312
2018-04-19,31.58730125427246,31.388887405395508,31.547618865966797,31.507936477661133,30503.0,26.059328079223633
2018-04-20,31.468252182006836,31.349206924438477,31.468252182006836,31.428571701049805,30331.0,25.993688583374023
2018-04-23,31.58730125427246,31.388887405395508,31.507936477661133,31.428571701049805,33702.0,25.993688583374023
2018-04-24,31.388887405395508,31.269840240478516,31.349206924438477,31.349206924438477,25264.0,25.928049087524414
2018-04-25,31.468252182006836,31.03174591064453,31.349206924438477,31.03174591064453,25200.0,25.665485382080078
2018-04-26,31.11111068725586,31.03174591064453,31.11111068725586,31.03174591064453,26535.0,25.665485382080078
2018-04-27,31.269840240478516,30.833332061767578,31.03174591064453,31.269840240478516,19477.0,25.86240577697754
2018-04-30,31.349206924438477,31.23015785217285,31.269840240478516,31.349206924438477,21094.0,25.928049087524414
2018-05-02,32.14285659790039,31.269840240478516,31.349206924438477,31.58730125427246,44415.0,26.124969482421875
2018-05-03,31.547618865966797,31.349206924438477,31.428571701049805,31.349206924438477,22191.0,25.928049087524414
2018-05-04,31.58730125427246,31.11111068725586,31.11111068725586,31.58730125427246,22806.0,26.124969482421875
2018-05-07,31.547618865966797,31.23015785217285,31.507936477661133,31.428571701049805,20301.0,25.993688583374023
2018-05-08,31.428571701049805,31.190475463867188,31.23015785217285,31.428571701049805,30240.0,25.993688583374023
2018-05-09,31.388887405395508,31.11111068725586,31.23015785217285,31.11111068725586,22774.0,25.731124877929688
2018-05-10,31.9841251373291,30.992063522338867,31.11111068725586,31.468252182006836,44651.0,26.026506423950195
2018-05-11,31.349206924438477,31.03174591064453,31.23015785217285,31.23015785217285,30246.0,25.829586029052734
2018-05-14,31.428571701049805,31.190475463867188,31.23015785217285,31.269840240478516,23247.0,25.86240577697754
2018-05-15,31.388887405395508,31.11111068725586,31.269840240478516,31.150793075561523,22940.0,25.763946533203125
2018-05-16,31.428571701049805,31.150793075561523,31.150793075561523,31.428571701049805,20160.0,25.993688583374023
2018-05-17,31.746030807495117,31.190475463867188,31.428571701049805,31.746030807495117,31353.0,26.256250381469727
2018-05-18,31.746030807495117,31.428571701049805,31.428571701049805,31.746030807495117,44121.0,26.256250381469727
2018-05-21,31.865079879760742,31.269840240478516,31.706348419189453,31.30952262878418,22686.0,25.895225524902344
2018-05-22,31.507936477661133,31.23015785217285,31.349206924438477,31.428571701049805,16380.0,25.993688583374023
2018-05-23,31.746030807495117,31.349206924438477,31.428571701049805,31.547618865966797,18024.0,26.09214973449707
2018-05-24,31.507936477661133,31.269840240478516,31.428571701049805,31.468252182006836,16882.0,26.026506423950195
2018-05-25,31.507936477661133,31.30952262878418,31.468252182006836,31.507936477661133,19663.0,26.059328079223633
2018-05-28,31.547618865966797,31.30952262878418,31.507936477661133,31.388887405395508,20357.0,25.960866928100586
2018-05-29,31.547618865966797,31.269840240478516,31.428571701049805,31.388887405395508,16380.0,25.960866928100586
2018-05-30,31.190475463867188,30.95237922668457,31.071428298950195,31.150793075561523,25390.0,25.763946533203125
2018-05-31,31.269840240478516,30.95237922668457,31.190475463867188,30.95237922668457,25155.0,25.599842071533203
2018-06-01,31.269840240478516,30.992063522338867,31.03174591064453,31.23015785217285,23940.0,25.829586029052734
2018-06-04,31.746030807495117,31.23015785217285,31.23015785217285,31.66666603088379,23940.0,26.190608978271484
2018-06-05,31.66666603088379,31.30952262878418,31.388887405395508,31.66666603088379,20507.0,26.190608978271484
2018-06-06,32.06349182128906,31.468252182006836,31.66666603088379,31.507936477661133,51230.0,26.059328079223633
2018-06-07,31.66666603088379,31.30952262878418,31.507936477661133,31.349206924438477,23827.0,25.928049087524414
2018-06-08,31.349206924438477,31.11111068725586,31.23015785217285,31.190475463867188,28046.0,25.79676628112793
2018-06-11,31.349206924438477,31.071428298950195,31.11111068725586,31.30952262878418,22680.0,25.895225524902344
2018-06-12,31.349206924438477,31.150793075561523,31.30952262878418,31.349206924438477,21475.0,25.928049087524414
2018-06-13,31.349206924438477,31.03174591064453,31.349206924438477,31.349206924438477,27837.0,25.928049087524414
2018-06-14,31.30952262878418,31.071428298950195,31.30952262878418,31.190475463867188,25578.0,25.79676628112793
2018-06-15,31.349206924438477,31.03174591064453,31.190475463867188,31.349206924438477,28439.0,25.928049087524414
2018-06-19,31.269840240478516,31.071428298950195,31.071428298950195,31.269840240478516,20160.0,25.86240577697754
2018-06-20,31.58730125427246,31.11111068725586,31.23015785217285,31.58730125427246,21420.0,26.124969482421875
2018-06-21,32.023807525634766,31.30952262878418,31.547618865966797,32.023807525634766,44413.0,26.485992431640625
2018-06-22,31.9841251373291,31.150793075561523,31.94444465637207,31.865079879760742,27798.0,26.354711532592773
2018-06-25,31.904760360717773,31.468252182006836,31.468252182006836,31.66666603088379,15699.0,26.190608978271484
2018-06-26,31.66666603088379,31.349206924438477,31.626983642578125,31.58730125427246,25212.0,26.124969482421875
2018-06-27,31.825395584106445,31.349206924438477,31.58730125427246,31.626983642578125,48089.0,26.157791137695312
2018-06-28,31.904760360717773,31.349206924438477,31.547618865966797,31.78571319580078,39060.0,26.28907012939453
2018-06-29,31.904760360717773,31.507936477661133,31.825395584106445,31.746030807495117,36540.0,26.256250381469727
2018-07-02,31.626983642578125,31.388887405395508,31.468252182006836,31.626983642578125,37880.0,26.157791137695312
2018-07-03,31.66666603088379,31.428571701049805,31.626983642578125,31.626983642578125,36918.0,26.157791137695312
2018-07-04,31.468252182006836,31.11111068725586,31.388887405395508,31.23015785217285,39312.0,25.829586029052734
2018-07-05,31.190475463867188,30.75396728515625,31.190475463867188,31.11111068725586,35743.0,25.731124877929688
2018-07-06,31.11111068725586,30.55555534362793,30.75396728515625,31.11111068725586,39271.0,25.731124877929688
2018-07-09,31.071428298950195,30.714284896850586,30.714284896850586,31.071428298950195,37912.0,25.698305130004883
2018-07-10,31.11111068725586,30.873014450073242,30.873014450073242,31.11111068725586,36540.0,25.731124877929688
2018-07-11,31.071428298950195,31.03174591064453,31.071428298950195,31.03174591064453,253311.0,25.665485382080078
2018-07-12,31.03174591064453,30.75396728515625,30.873014450073242,30.95237922668457,40347.0,25.599842071533203
2018-07-13,31.269840240478516,30.75396728515625,30.95237922668457,30.992063522338867,52358.0,25.632665634155273
2018-07-16,31.03174591064453,30.75396728515625,30.95237922668457,31.03174591064453,43221.0,25.665485382080078
2018-07-17,31.03174591064453,30.793649673461914,30.873014450073242,31.03174591064453,39572.0,25.665485382080078
2018-07-18,31.11111068725586,30.833332061767578,31.03174591064453,31.03174591064453,47880.0,25.665485382080078
2018-07-19,31.071428298950195,30.833332061767578,31.03174591064453,30.833332061767578,40341.0,25.50138282775879
2018-07-20,31.03174591064453,30.793649673461914,30.873014450073242,30.95237922668457,37989.0,25.599842071533203
2018-07-23,30.95237922668457,30.75396728515625,30.91269874572754,30.75396728515625,40636.0,25.435741424560547
2018-07-24,31.11111068725586,30.833332061767578,31.03174591064453,31.11111068725586,32858.0,25.731124877929688
2018-07-25,31.071428298950195,30.793649673461914,31.071428298950195,30.992063522338867,39062.0,25.632665634155273
2018-07-26,31.11111068725586,30.793649673461914,30.992063522338867,30.992063522338867,54401.0,25.632665634155273
2018-07-27,31.507936477661133,30.91269874572754,31.11111068725586,31.507936477661133,34048.0,26.059328079223633
2018-07-30,31.23015785217285,30.95237922668457,31.190475463867188,30.992063522338867,41763.0,25.632665634155273
2018-07-31,31.190475463867188,30.992063522338867,31.071428298950195,31.150793075561523,34020.0,25.763946533203125
2018-08-01,31.507936477661133,31.11111068725586,31.150793075561523,31.190475463867188,36540.0,25.79676628112793
2018-08-02,31.428571701049805,30.992063522338867,31.190475463867188,31.071428298950195,38239.0,25.698305130004883
2018-08-03,31.190475463867188,30.95237922668457,31.071428298950195,31.190475463867188,33628.0,25.79676628112793
2018-08-06,31.23015785217285,30.95237922668457,31.11111068725586,31.150793075561523,52122.0,25.763946533203125
2018-08-07,30.992063522338867,29.761903762817383,30.992063522338867,30.396825790405273,103973.0,25.14035987854004
2018-08-08,30.4761905670166,30.158729553222656,30.396825790405273,30.317459106445312,47886.0,25.074718475341797
2018-08-09,30.396825790405273,30.119047164916992,30.396825790405273,30.396825790405273,34079.0,25.14035987854004
2018-08-10,30.634920120239258,30.19841194152832,30.396825790405273,30.595237731933594,63725.0,25.304462432861328
2018-08-13,30.595237731933594,30.357141494750977,30.595237731933594,30.436506271362305,37044.0,25.173179626464844
2018-08-14,30.436506271362305,30.158729553222656,30.436506271362305,30.19841194152832,34209.0,24.976259231567383
2018-08-15,30.75396728515625,30.238094329833984,30.238094329833984,30.714284896850586,36279.0,25.402921676635742
2018-08-16,31.190475463867188,30.317459106445312,30.674602508544922,31.071428298950195,45972.0,25.698305130004883
2018-08-17,31.071428298950195,30.75396728515625,31.071428298950195,31.071428298950195,34435.0,25.698305130004883
2018-08-20,31.349206924438477,30.833332061767578,31.071428298950195,31.11111068725586,42930.0,25.731124877929688
2018-08-21,31.269840240478516,30.95237922668457,31.03174591064453,31.269840240478516,34079.0,25.86240577697754
2018-08-22,31.23015785217285,30.91269874572754,31.23015785217285,31.190475463867188,49553.0,25.79676628112793
2018-08-23,31.30952262878418,30.95237922668457,31.150793075561523,31.190475463867188,59953.0,25.79676628112793
2018-08-24,31.66666603088379,31.03174591064453,31.03174591064453,31.58730125427246,32838.0,26.124969482421875
2018-08-27,32.103172302246094,31.58730125427246,31.58730125427246,31.865079879760742,33379.0,26.354711532592773
2018-08-28,32.14285659790039,31.746030807495117,31.904760360717773,32.023807525634766,54306.0,26.485992431640625
2018-08-29,32.14285659790039,31.78571319580078,32.023807525634766,31.904760360717773,53865.0,26.387531280517578
2018-08-30,32.93650817871094,32.06349182128906,32.06349182128906,32.261905670166016,87790.0,26.68291473388672
2018-08-31,32.81745910644531,32.14285659790039,32.22222137451172,32.81745910644531,156868.0,27.142398834228516
2018-09-03,31.91666603088379,29.5,31.0,31.25,130944.0,27.597986221313477
2018-09-04,31.25,30.79166603088379,31.25,30.91666603088379,39600.0,27.303606033325195
2018-09-05,31.25,30.458332061767578,30.91666603088379,30.833332061767578,43803.0,27.230010986328125
2018-09-06,31.5,30.79166603088379,31.0,31.083332061767578,33850.0,27.450796127319336
2018-09-07,31.04166603088379,30.625,31.04166603088379,30.875,36180.0,27.266809463500977
2018-09-10,32.08333206176758,30.833332061767578,31.0,31.41666603088379,91200.0,27.745174407958984
2018-09-11,31.66666603088379,30.958332061767578,31.375,31.375,32598.0,27.708375930786133
2018-09-12,31.5,31.125,31.125,31.375,32400.0,27.708375930786133
2018-09-13,31.5,31.208332061767578,31.41666603088379,31.458332061767578,31200.0,27.781970977783203
2018-09-14,31.5,31.04166603088379,31.5,31.41666603088379,29132.0,27.745174407958984
2018-09-17,31.25,30.833332061767578,30.875,31.25,47634.0,27.597986221313477
2018-09-18,31.125,30.91666603088379,30.91666603088379,31.125,25702.0,27.487592697143555
2018-09-19,31.16666603088379,30.875,31.04166603088379,30.875,50330.0,27.266809463500977
2018-09-20,31.083332061767578,30.833332061767578,30.91666603088379,31.083332061767578,25320.0,27.450796127319336
2018-09-21,31.25,31.0,31.083332061767578,31.16666603088379,25514.0,27.524389266967773
2018-09-25,31.29166603088379,30.958332061767578,31.208332061767578,31.25,26830.0,27.597986221313477
2018-09-26,31.333332061767578,30.958332061767578,31.208332061767578,31.25,30280.0,27.597986221313477
2018-09-27,31.458332061767578,31.04166603088379,31.333332061767578,31.29166603088379,34867.0,27.634782791137695
2018-09-28,31.375,30.91666603088379,31.29166603088379,31.29166603088379,31496.0,27.634782791137695
2018-10-01,31.29166603088379,31.29166603088379,31.29166603088379,31.29166603088379,0.0,27.634782791137695
2018-10-02,31.458332061767578,31.04166603088379,31.25,31.208332061767578,37233.0,27.561185836791992
2018-10-03,31.208332061767578,29.25,31.208332061767578,29.91666603088379,44640.0,26.42047119140625
2018-10-04,30.41666603088379,29.91666603088379,29.91666603088379,30.41666603088379,45852.0,26.86203956604004
2018-10-05,30.29166603088379,29.66666603088379,30.29166603088379,30.208332061767578,41286.0,26.67805290222168
2018-10-08,30.833332061767578,30.0,30.125,30.833332061767578,48348.0,27.230010986328125
2018-10-09,31.16666603088379,30.5,30.5,31.16666603088379,47851.0,27.524389266967773
2018-10-11,31.083332061767578,31.083332061767578,31.083332061767578,31.083332061767578,5132.0,27.450796127319336
2018-10-12,31.083332061767578,30.083332061767578,30.125,30.66666603088379,36487.0,27.082822799682617
2018-10-15,30.833332061767578,30.41666603088379,30.66666603088379,30.833332061767578,24362.0,27.230010986328125
2018-10-16,30.833332061767578,30.833332061767578,30.833332061767578,30.833332061767578,0.0,27.230010986328125
2018-10-17,30.833332061767578,30.833332061767578,30.833332061767578,30.833332061767578,0.0,27.230010986328125
2018-10-18,31.125,30.833332061767578,31.083332061767578,31.125,17390.0,27.487592697143555
2018-10-19,31.04166603088379,30.66666603088379,31.04166603088379,31.0,19470.0,27.377201080322266
2018-10-22,31.0,30.66666603088379,30.91666603088379,30.958332061767578,13212.0,27.340402603149414
2018-10-23,30.958332061767578,30.79166603088379,30.91666603088379,30.875,23148.0,27.266809463500977
2018-10-24,32.416664123535156,30.333332061767578,30.875,31.79166603088379,55548.0,28.07634925842285
2018-10-25,31.625,30.583332061767578,31.625,31.458332061767578,27600.0,27.781970977783203
2018-10-26,31.41666603088379,30.79166603088379,31.333332061767578,30.91666603088379,30002.0,27.303606033325195
2018-10-29,30.91666603088379,30.583332061767578,30.875,30.91666603088379,34398.0,27.303606033325195
2018-10-30,31.91666603088379,30.458332061767578,30.91666603088379,30.75,73826.0,27.156417846679688
2018-10-31,30.75,30.75,30.75,30.75,0.0,27.156417846679688
2018-11-01,30.75,30.75,30.75,30.75,0.0,27.156417846679688
2018-11-02,31.208332061767578,31.16666603088379,31.208332061767578,31.16666603088379,15669.0,27.524389266967773
2018-11-05,31.16666603088379,31.16666603088379,31.16666603088379,31.16666603088379,0.0,27.524389266967773
2018-11-06,31.375,31.04166603088379,31.375,31.208332061767578,20628.0,27.561185836791992
2018-11-07,31.208332061767578,31.208332061767578,31.208332061767578,31.208332061767578,0.0,27.561185836791992
2018-11-08,31.208332061767578,31.208332061767578,31.208332061767578,31.208332061767578,0.0,27.561185836791992
2018-11-09,31.083332061767578,30.833332061767578,31.04166603088379,31.04166603088379,18121.0,27.413997650146484
2018-11-12,31.16666603088379,30.79166603088379,31.0,31.083332061767578,35185.0,27.450796127319336
2018-11-13,31.083332061767578,31.0,31.04166603088379,31.083332061767578,17089.0,27.450796127319336
2018-11-14,31.083332061767578,31.083332061767578,31.083332061767578,31.083332061767578,0.0,27.450796127319336
2018-11-15,31.208332061767578,30.833332061767578,31.16666603088379,31.208332061767578,18411.0,27.561185836791992
2018-11-16,33.33333206176758,31.25,31.25,31.875,85370.0,28.149944305419922
2018-11-19,31.875,31.875,31.875,31.875,0.0,28.149944305419922
2018-11-20,31.875,31.875,31.875,31.875,0.0,28.149944305419922
2018-11-21,31.25,31.0,31.04166603088379,31.16666603088379,14400.0,27.524389266967773
2018-11-22,30.958332061767578,30.833332061767578,30.91666603088379,30.833332061767578,15697.0,27.230010986328125
2018-11-23,31.16666603088379,30.833332061767578,30.833332061767578,31.04166603088379,8400.0,27.413997650146484
2018-11-26,32.375,30.833332061767578,32.375,31.66666603088379,74940.0,27.965957641601562
2018-11-27,31.75,30.91666603088379,31.75,31.458332061767578,48180.0,27.781970977783203
2018-11-28,31.458332061767578,31.458332061767578,31.458332061767578,31.458332061767578,0.0,27.781970977783203
2018-11-29,31.66666603088379,31.16666603088379,31.66666603088379,31.25,32442.0,27.597986221313477
2018-11-30,31.5,31.0,31.5,31.04166603088379,26475.0,27.413997650146484
2018-12-03,31.5,31.04166603088379,31.04166603088379,31.04166603088379,29140.0,27.413997650146484
2018-12-04,31.083332061767578,31.04166603088379,31.083332061767578,31.04166603088379,16356.0,27.413997650146484
2018-12-05,30.958332061767578,30.708332061767578,30.708332061767578,30.958332061767578,12000.0,27.340402603149414
2018-12-06,30.958332061767578,30.625,30.958332061767578,30.625,9636.0,27.0460262298584
2018-12-07,31.0,30.875,30.875,31.0,12630.0,27.377201080322266
2018-12-10,31.0,31.0,31.0,31.0,0.0,27.377201080322266
2018-12-11,30.91666603088379,30.5,30.625,30.625,20714.0,27.0460262298584
2018-12-12,30.625,30.625,30.625,30.625,0.0,27.0460262298584
2018-12-13,31.0,30.625,30.66666603088379,30.75,24120.0,27.156417846679688
2018-12-14,30.708332061767578,30.5,30.625,30.708332061767578,12057.0,27.119617462158203
2018-12-17,30.79166603088379,30.5,30.79166603088379,30.5,26512.0,26.935632705688477
2018-12-18,30.91666603088379,30.41666603088379,30.458332061767578,30.91666603088379,18210.0,27.303606033325195
2018-12-19,30.79166603088379,30.583332061767578,30.583332061767578,30.75,21600.0,27.156417846679688
2018-12-20,30.625,30.583332061767578,30.625,30.583332061767578,9204.0,27.009227752685547
2018-12-21,30.583332061767578,30.583332061767578,30.583332061767578,30.583332061767578,0.0,27.009227752685547
2018-12-24,31.083332061767578,30.79166603088379,30.79166603088379,30.875,32400.0,27.266809463500977
2018-12-25,30.91666603088379,30.833332061767578,30.875,30.91666603088379,7206.0,27.303606033325195
2018-12-26,30.583332061767578,30.458332061767578,30.583332061767578,30.458332061767578,7344.0,26.898836135864258
2018-12-27,31.0,30.458332061767578,30.5,30.66666603088379,14580.0,27.082822799682617
2018-12-28,30.5,30.41666603088379,30.5,30.5,8492.0,26.935632705688477
2019-01-02,30.54166603088379,30.5,30.54166603088379,30.5,3235.0,26.935632705688477
2019-01-03,30.625,30.5,30.54166603088379,30.625,13200.0,27.0460262298584
2019-01-04,30.583332061767578,30.54166603088379,30.54166603088379,30.583332061767578,5534.0,27.009227752685547
2019-01-07,30.875,30.708332061767578,30.833332061767578,30.708332061767578,17100.0,27.119617462158203
2019-01-08,30.66666603088379,30.54166603088379,30.66666603088379,30.66666603088379,17217.0,27.082822799682617
2019-01-09,30.79166603088379,30.5,30.66666603088379,30.75,19200.0,27.156417846679688
2019-01-10,30.75,30.54166603088379,30.75,30.54166603088379,6000.0,26.972429275512695
2019-01-11,30.75,30.54166603088379,30.75,30.54166603088379,17078.0,26.972429275512695
2019-01-14,30.66666603088379,30.5,30.54166603088379,30.66666603088379,18080.0,27.082822799682617
2019-01-15,30.66666603088379,30.66666603088379,30.66666603088379,30.66666603088379,1387.0,27.082822799682617
2019-01-16,30.54166603088379,30.5,30.54166603088379,30.5,13200.0,26.935632705688477
2019-01-17,30.708332061767578,30.458332061767578,30.5,30.708332061767578,14580.0,27.119617462158203
2019-01-18,30.583332061767578,30.5,30.583332061767578,30.5,7653.0,26.935632705688477
2019-01-21,30.79166603088379,30.66666603088379,30.79166603088379,30.66666603088379,5160.0,27.082822799682617
2019-01-22,30.66666603088379,30.66666603088379,30.66666603088379,30.66666603088379,1280.0,27.082822799682617
2019-01-23,30.583332061767578,30.333332061767578,30.583332061767578,30.41666603088379,5016.0,26.86203956604004
2019-01-24,30.5,30.16666603088379,30.29166603088379,30.5,16920.0,26.935632705688477
2019-01-25,30.333332061767578,30.29166603088379,30.29166603088379,30.333332061767578,4827.0,26.788442611694336
2019-01-28,30.625,30.29166603088379,30.41666603088379,30.333332061767578,22078.0,26.788442611694336
2019-01-29,30.66666603088379,30.333332061767578,30.333332061767578,30.66666603088379,2490.0,27.082822799682617
2019-01-30,30.625,30.375,30.375,30.625,21774.0,27.0460262298584
2019-02-11,30.708332061767578,30.41666603088379,30.708332061767578,30.66666603088379,20517.0,27.082822799682617
2019-02-12,30.54166603088379,30.41666603088379,30.458332061767578,30.54166603088379,6740.0,26.972429275512695
2019-02-13,30.79166603088379,30.375,30.41666603088379,30.79166603088379,39714.0,27.193214416503906
2019-02-14,30.5,30.5,30.5,30.5,5864.0,26.935632705688477
2019-02-15,30.333332061767578,30.333332061767578,30.333332061767578,30.333332061767578,6196.0,26.788442611694336
2019-02-18,30.375,30.25,30.333332061767578,30.333332061767578,18096.0,26.788442611694336
2019-02-19,30.5,30.25,30.25,30.5,7143.0,26.935632705688477
2019-02-20,30.625,30.333332061767578,30.41666603088379,30.625,12159.0,27.0460262298584
2019-02-21,30.54166603088379,30.333332061767578,30.41666603088379,30.333332061767578,24842.0,26.788442611694336
2019-02-22,30.583332061767578,30.29166603088379,30.29166603088379,30.583332061767578,14400.0,27.009227752685547
2019-02-25,30.583332061767578,30.333332061767578,30.5,30.583332061767578,16897.0,27.009227752685547
2019-02-26,30.66666603088379,30.375,30.66666603088379,30.66666603088379,13980.0,27.082822799682617
2019-02-27,30.75,30.333332061767578,30.458332061767578,30.583332061767578,13200.0,27.009227752685547
2019-03-04,30.75,30.41666603088379,30.41666603088379,30.583332061767578,9890.0,27.009227752685547
2019-03-05,30.41666603088379,30.41666603088379,30.41666603088379,30.41666603088379,5030.0,26.86203956604004
2019-03-06,30.583332061767578,30.41666603088379,30.458332061767578,30.41666603088379,7440.0,26.86203956604004
2019-03-07,30.75,30.25,30.333332061767578,30.29166603088379,27274.0,26.751646041870117
2019-03-08,30.458332061767578,30.25,30.29166603088379,30.458332061767578,12174.0,26.898836135864258
2019-03-11,30.91666603088379,30.583332061767578,30.583332061767578,30.833332061767578,57548.0,27.230010986328125
2019-03-12,31.083332061767578,30.833332061767578,30.91666603088379,30.833332061767578,52815.0,27.230010986328125
2019-03-13,31.125,30.875,30.875,31.04166603088379,10502.0,27.413997650146484
2019-03-14,31.29166603088379,30.91666603088379,31.208332061767578,30.91666603088379,16921.0,27.303606033325195
2019-03-15,31.16666603088379,30.91666603088379,30.958332061767578,30.91666603088379,23325.0,27.303606033325195
2019-03-18,31.125,30.833332061767578,30.91666603088379,31.125,12344.0,27.487592697143555
2019-03-19,30.958332061767578,30.91666603088379,30.91666603088379,30.91666603088379,17053.0,27.303606033325195
2019-03-20,31.083332061767578,30.833332061767578,31.0,31.083332061767578,43663.0,27.450796127319336
2019-03-21,31.66666603088379,31.0,31.66666603088379,31.333332061767578,48480.0,27.671579360961914
2019-03-22,32.666664123535156,31.958332061767578,32.5,32.58333206176758,188366.0,28.775497436523438
2019-03-25,33.5,32.5,32.58333206176758,33.416664123535156,218029.0,29.511442184448242
2019-03-26,36.75,33.45833206176758,33.45833206176758,35.0,296341.0,30.909744262695312
2019-03-27,35.166664123535156,34.33333206176758,35.0,35.0,179407.0,30.909744262695312
2019-03-28,35.0,34.5,35.0,34.75,120363.0,30.6889591217041
2019-03-29,35.08333206176758,34.58333206176758,34.58333206176758,35.041664123535156,102193.0,30.946537017822266
2019-04-01,35.83333206176758,34.75,35.125,35.58333206176758,232945.0,31.42490577697754
2019-04-02,36.041664123535156,35.45833206176758,35.58333206176758,35.75,73920.0,31.57209587097168
2019-04-03,35.95833206176758,35.666664123535156,35.75,35.916664123535156,76260.0,31.719284057617188
2019-04-08,35.916664123535156,35.45833206176758,35.916664123535156,35.75,36300.0,31.57209587097168
2019-04-09,35.5,35.25,35.5,35.5,36273.0,31.35131072998047
2019-04-10,35.58333206176758,35.125,35.33333206176758,35.58333206176758,15900.0,31.42490577697754
2019-04-11,35.5,35.25,35.416664123535156,35.5,22920.0,31.35131072998047
2019-04-12,35.45833206176758,35.041664123535156,35.20833206176758,35.45833206176758,33844.0,31.31451416015625
2019-04-15,35.416664123535156,35.166664123535156,35.416664123535156,35.375,20760.0,31.240917205810547
2019-04-16,35.666664123535156,35.375,35.666664123535156,35.375,15942.0,31.240917205810547
2019-04-17,35.83333206176758,34.83333206176758,34.83333206176758,35.83333206176758,72501.0,31.645687103271484
2019-04-18,35.75,35.166664123535156,35.166664123535156,35.45833206176758,33229.0,31.31451416015625
2019-04-19,35.416664123535156,35.08333206176758,35.416664123535156,35.375,25800.0,31.240917205810547
2019-04-22,35.416664123535156,34.791664123535156,35.416664123535156,35.375,10956.0,31.240917205810547
2019-04-23,35.375,34.83333206176758,34.875,35.375,13872.0,31.240917205810547
2019-04-24,35.541664123535156,34.95833206176758,35.541664123535156,35.33333206176758,19200.0,31.20412254333496
2019-04-25,35.33333206176758,34.916664123535156,34.916664123535156,35.33333206176758,23004.0,31.20412254333496
2019-04-26,35.416664123535156,34.916664123535156,35.416664123535156,35.25,32432.0,31.130529403686523
2019-04-29,35.291664123535156,34.75,34.791664123535156,35.20833206176758,32907.0,31.09372901916504
2019-04-30,35.33333206176758,34.875,35.25,35.0,22884.0,30.909744262695312
2019-05-02,35.166664123535156,34.83333206176758,35.08333206176758,35.0,20444.0,30.909744262695312
2019-05-03,35.0,34.75,35.0,35.0,31288.0,30.909744262695312
2019-05-06,34.625,34.20833206176758,34.541664123535156,34.45833206176758,38667.0,30.431377410888672
2019-05-07,35.041664123535156,34.416664123535156,35.041664123535156,34.58333206176758,39633.0,30.541770935058594
2019-05-08,34.75,34.33333206176758,34.75,34.58333206176758,19063.0,30.541770935058594
2019-05-09,34.416664123535156,33.625,33.625,34.416664123535156,10844.0,30.39457893371582
2019-05-10,34.625,33.875,34.416664123535156,34.5,49509.0,30.46817398071289
2019-05-13,34.166664123535156,32.70833206176758,34.125,32.70833206176758,79452.0,28.885889053344727
2019-05-14,34.125,33.33333206176758,33.33333206176758,33.70833206176758,26035.0,29.769025802612305
2019-05-15,34.08333206176758,33.666664123535156,33.666664123535156,33.75,21679.0,29.805824279785156
2019-05-16,33.916664123535156,33.75,33.916664123535156,33.75,14476.0,29.805824279785156
2019-05-17,34.0,33.5,34.0,33.5,4860.0,29.585041046142578
2019-05-20,33.875,33.5,33.5,33.75,35138.0,29.805824279785156
2019-05-21,33.95833206176758,33.75,33.75,33.916664123535156,24360.0,29.95301055908203
2019-05-22,34.5,33.95833206176758,34.166664123535156,34.125,20403.0,30.136999130249023
2019-05-23,33.95833206176758,33.375,33.95833206176758,33.375,3849.0,29.474647521972656
2019-05-24,33.5,33.416664123535156,33.416664123535156,33.416664123535156,25822.0,29.511442184448242
2019-05-27,34.0,33.625,33.625,33.875,18741.0,29.916215896606445
2019-05-28,33.83333206176758,33.416664123535156,33.83333206176758,33.416664123535156,26556.0,29.511442184448242
2019-05-29,33.58333206176758,33.041664123535156,33.041664123535156,33.5,31200.0,29.585041046142578
2019-05-30,33.791664123535156,33.75,33.75,33.791664123535156,19288.0,29.842620849609375
2019-05-31,34.166664123535156,33.791664123535156,34.08333206176758,34.166664123535156,13855.0,30.17379379272461
2019-06-03,34.041664123535156,33.25,33.291664123535156,34.041664123535156,18360.0,30.06340217590332
2019-06-04,34.08333206176758,33.5,33.5,33.75,20820.0,29.805824279785156
2019-06-05,33.666664123535156,33.58333206176758,33.666664123535156,33.625,10860.0,29.695432662963867
2019-06-06,33.666664123535156,33.58333206176758,33.58333206176758,33.625,8520.0,29.695432662963867
2019-06-10,33.70833206176758,33.666664123535156,33.666664123535156,33.666664123535156,15105.0,29.732227325439453
2019-06-11,33.666664123535156,33.666664123535156,33.666664123535156,33.666664123535156,13312.0,29.732227325439453
2019-06-12,33.666664123535156,33.58333206176758,33.666664123535156,33.58333206176758,15728.0,29.658632278442383
2019-06-13,33.45833206176758,33.25,33.33333206176758,33.45833206176758,33799.0,29.548242568969727
2019-06-14,33.70833206176758,33.5,33.58333206176758,33.70833206176758,27960.0,29.769025802612305
2019-06-17,33.83333206176758,33.83333206176758,33.83333206176758,33.83333206176758,18368.0,29.879417419433594
2019-06-18,34.125,33.83333206176758,33.83333206176758,33.83333206176758,17167.0,29.879417419433594
2019-06-19,34.33333206176758,34.041664123535156,34.08333206176758,34.33333206176758,22754.0,30.320985794067383
2019-06-20,34.33333206176758,33.916664123535156,34.33333206176758,34.08333206176758,10920.0,30.100200653076172
2019-06-21,34.166664123535156,34.08333206176758,34.08333206176758,34.166664123535156,25578.0,30.17379379272461
2019-06-24,34.95833206176758,34.33333206176758,34.33333206176758,34.916664123535156,49408.0,30.83614730834961
2019-06-25,34.916664123535156,34.58333206176758,34.83333206176758,34.58333206176758,18000.0,30.541770935058594
2019-06-26,34.416664123535156,34.25,34.25,34.416664123535156,12360.0,30.39457893371582
2019-06-27,34.666664123535156,34.416664123535156,34.416664123535156,34.625,21924.0,30.578567504882812
2019-06-28,34.58333206176758,34.58333206176758,34.58333206176758,34.58333206176758,3438.0,30.541770935058594
2019-07-01,34.58333206176758,34.5,34.541664123535156,34.541664123535156,44400.0,30.50497055053711
2019-07-02,34.541664123535156,34.541664123535156,34.541664123535156,34.541664123535156,3600.0,30.50497055053711
2019-07-03,35.0,34.45833206176758,34.45833206176758,34.95833206176758,24126.0,30.872943878173828
2019-07-04,35.25,34.416664123535156,34.95833206176758,34.416664123535156,34500.0,30.39457893371582
2019-07-05,35.0,34.416664123535156,34.416664123535156,34.58333206176758,31800.0,30.541770935058594
2019-07-08,34.95833206176758,34.541664123535156,34.58333206176758,34.58333206176758,29343.0,30.541770935058594
2019-07-09,34.875,34.58333206176758,34.58333206176758,34.75,23154.0,30.6889591217041
2019-07-10,34.5,34.416664123535156,34.5,34.416664123535156,12060.0,30.39457893371582
2019-07-11,34.83333206176758,34.416664123535156,34.5,34.58333206176758,20649.0,30.541770935058594
2019-07-12,34.83333206176758,34.5,34.83333206176758,34.5,14541.0,30.46817398071289
2019-07-15,35.291664123535156,34.58333206176758,34.58333206176758,35.0,50520.0,30.909744262695312
2019-07-16,35.45833206176758,35.0,35.25,35.0,67102.0,30.909744262695312
2019-07-17,35.166664123535156,35.0,35.166664123535156,35.166664123535156,67560.0,31.056928634643555
2019-07-18,35.33333206176758,35.08333206176758,35.08333206176758,35.291664123535156,36660.0,31.167322158813477
2019-07-19,36.166664123535156,35.33333206176758,35.33333206176758,35.58333206176758,100044.0,31.42490577697754
2019-07-22,35.95833206176758,35.58333206176758,35.95833206176758,35.58333206176758,18000.0,31.42490577697754
2019-07-23,35.58333206176758,35.5,35.58333206176758,35.5,13440.0,31.35131072998047
2019-07-24,35.20833206176758,35.20833206176758,35.20833206176758,35.20833206176758,2400.0,31.09372901916504
2019-07-25,35.291664123535156,35.0,35.291664123535156,35.0,10860.0,30.909744262695312
2019-07-26,35.0,34.83333206176758,35.0,34.916664123535156,12060.0,30.83614730834961
2019-07-29,35.291664123535156,34.916664123535156,34.95833206176758,35.20833206176758,29341.0,31.09372901916504
2019-07-30,35.45833206176758,35.20833206176758,35.25,35.25,38406.0,31.130529403686523
2019-07-31,35.416664123535156,35.25,35.291664123535156,35.33333206176758,57793.0,31.20412254333496
2019-08-01,35.83333206176758,35.416664123535156,35.416664123535156,35.416664123535156,18970.0,31.277713775634766
2019-08-02,35.20833206176758,35.08333206176758,35.166664123535156,35.08333206176758,16200.0,30.98333740234375
2019-08-05,35.08333206176758,34.666664123535156,35.08333206176758,34.70833206176758,31476.0,30.652158737182617
2019-08-06,34.5,34.166664123535156,34.291664123535156,34.5,18000.0,30.46817398071289
2019-08-07,34.75,34.666664123535156,34.70833206176758,34.666664123535156,12082.0,30.61536407470703
2019-08-08,34.666664123535156,34.33333206176758,34.33333206176758,34.666664123535156,8680.0,30.61536407470703
2019-08-12,34.666664123535156,34.20833206176758,34.20833206176758,34.666664123535156,11280.0,30.61536407470703
2019-08-13,35.25,34.666664123535156,35.166664123535156,34.666664123535156,19590.0,30.61536407470703
2019-08-14,35.0,34.666664123535156,35.0,34.666664123535156,19485.0,30.61536407470703
2019-08-15,34.5,34.25,34.375,34.33333206176758,16844.0,30.320985794067383
2019-08-16,34.33333206176758,34.25,34.33333206176758,34.33333206176758,44577.0,30.320985794067383
2019-08-19,34.45833206176758,34.33333206176758,34.375,34.33333206176758,29666.0,30.320985794067383
2019-08-20,34.416664123535156,34.33333206176758,34.375,34.33333206176758,42033.0,30.320985794067383
2019-08-21,34.375,34.0,34.375,34.166664123535156,54930.0,30.17379379272461
2019-08-22,34.70833206176758,34.5,34.625,34.5,11125.0,30.46817398071289
2019-08-23,34.541664123535156,34.375,34.541664123535156,34.416664123535156,7500.0,30.39457893371582
2019-08-26,35.791664123535156,34.45833206176758,35.791664123535156,34.875,24738.0,30.799352645874023
2019-08-27,35.125,34.83333206176758,34.916664123535156,34.83333206176758,24820.0,30.76255226135254
2019-08-28,35.125,34.33333206176758,34.83333206176758,34.58333206176758,205165.0,30.541770935058594
2019-08-29,35.95000076293945,32.900001525878906,32.900001525878906,35.400001525878906,169700.0,33.18195724487305
2019-08-30,35.75,35.04999923706055,35.400001525878906,35.75,42700.0,33.51002502441406
2019-09-02,35.849998474121094,35.75,35.75,35.849998474121094,153735.0,33.603759765625
2019-09-03,35.79999923706055,35.599998474121094,35.79999923706055,35.650001525878906,36716.0,33.416290283203125
2019-09-04,35.70000076293945,35.599998474121094,35.599998474121094,35.70000076293945,10325.0,33.463157653808594
2019-09-05,35.54999923706055,35.099998474121094,35.099998474121094,35.54999923706055,11265.0,33.32255554199219
2019-09-06,35.650001525878906,35.54999923706055,35.650001525878906,35.599998474121094,11095.0,33.369422912597656
2019-09-10,35.099998474121094,34.79999923706055,35.099998474121094,35.0,10625.0,32.8070182800293
2019-09-11,35.29999923706055,34.599998474121094,34.599998474121094,34.95000076293945,15138.0,32.76015090942383
2019-09-12,35.45000076293945,35.0,35.0,35.45000076293945,6775.0,33.228824615478516
2019-09-16,36.20000076293945,36.150001525878906,36.20000076293945,36.150001525878906,20334.0,33.88496398925781
2019-09-17,36.0,36.0,36.0,36.0,4578.0,33.744361877441406
2019-09-18,36.79999923706055,35.5,35.5,36.45000076293945,31408.0,34.16616439819336
2019-09-19,36.349998474121094,36.0,36.0,36.349998474121094,8473.0,34.07242965698242
2019-09-20,36.349998474121094,36.0,36.0,36.0,11000.0,33.744361877441406
2019-09-23,36.25,36.0,36.0,36.25,11024.0,33.978694915771484
2019-09-24,36.25,36.04999923706055,36.25,36.04999923706055,29000.0,33.791229248046875
2019-09-25,36.349998474121094,35.099998474121094,36.349998474121094,36.29999923706055,27130.0,34.02556228637695
2019-09-26,36.400001525878906,36.099998474121094,36.349998474121094,36.099998474121094,20057.0,33.83809280395508
2019-09-27,36.400001525878906,36.04999923706055,36.400001525878906,36.349998474121094,18261.0,34.07242965698242
2019-10-01,36.599998474121094,36.349998474121094,36.349998474121094,36.400001525878906,28378.0,34.119300842285156
2019-10-02,36.400001525878906,35.75,35.75,36.400001525878906,43047.0,34.119300842285156
2019-10-03,36.400001525878906,36.20000076293945,36.400001525878906,36.20000076293945,24960.0,33.93183135986328
2019-10-04,36.54999923706055,36.099998474121094,36.20000076293945,36.45000076293945,28086.0,34.16616439819336
2019-10-07,36.400001525878906,36.25,36.400001525878906,36.25,50000.0,33.978694915771484
2019-10-08,36.099998474121094,35.900001525878906,36.099998474121094,35.95000076293945,96000.0,33.69749450683594
2019-10-09,36.0,35.900001525878906,36.0,35.900001525878906,12294.0,33.65062713623047
2019-10-14,39.400001525878906,36.0,36.400001525878906,37.5,80286.0,35.15037536621094
2019-10-15,37.5,36.70000076293945,37.5,37.0,44143.0,34.681705474853516
2019-10-16,37.95000076293945,37.0,37.0,37.95000076293945,18281.0,35.572181701660156
2019-10-17,37.900001525878906,37.099998474121094,37.099998474121094,37.75,33254.0,35.38471221923828
2019-10-18,37.75,37.29999923706055,37.75,37.29999923706055,38107.0,34.96290588378906
2019-10-21,37.849998474121094,37.29999923706055,37.29999923706055,37.5,115006.0,35.15037536621094
2019-10-22,37.79999923706055,37.20000076293945,37.5,37.20000076293945,79636.0,34.86917495727539
2019-10-23,37.5,37.20000076293945,37.5,37.25,47970.0,34.916038513183594
2019-10-24,37.400001525878906,37.04999923706055,37.400001525878906,37.099998474121094,49412.0,34.77543640136719
2019-10-25,37.25,37.099998474121094,37.20000076293945,37.20000076293945,45505.0,34.86917495727539
2019-10-28,37.099998474121094,36.75,37.099998474121094,36.79999923706055,75440.0,34.49423599243164
2019-10-29,36.900001525878906,36.599998474121094,36.599998474121094,36.75,15125.0,34.44736862182617
2019-10-30,36.79999923706055,36.650001525878906,36.75,36.650001525878906,62420.0,34.353633880615234
2019-10-31,37.29999923706055,36.5,36.650001525878906,37.099998474121094,7950.0,34.77543640136719
2019-11-01,37.099998474121094,36.79999923706055,37.099998474121094,36.95000076293945,19250.0,34.63483810424805
2019-11-04,37.0,36.900001525878906,37.0,36.900001525878906,8556.0,34.58797073364258
2019-11-05,37.0,36.79999923706055,37.0,36.79999923706055,34002.0,34.49423599243164
2019-11-06,36.79999923706055,36.75,36.79999923706055,36.79999923706055,19128.0,34.49423599243164
2019-11-07,37.0,36.79999923706055,37.0,36.79999923706055,37562.0,34.49423599243164
2019-11-08,36.849998474121094,36.75,36.79999923706055,36.75,43800.0,34.44736862182617
2019-11-11,36.650001525878906,36.0,36.650001525878906,36.20000076293945,73469.0,33.93183135986328
2019-11-12,36.20000076293945,36.20000076293945,36.20000076293945,36.20000076293945,22061.0,33.93183135986328
2019-11-13,36.20000076293945,36.0,36.20000076293945,36.20000076293945,15862.0,33.93183135986328
2019-11-14,36.20000076293945,36.20000076293945,36.20000076293945,36.20000076293945,11100.0,33.93183135986328
2019-11-15,37.0,36.20000076293945,37.0,36.20000076293945,23286.0,33.93183135986328
2019-11-18,36.20000076293945,35.75,36.20000076293945,35.900001525878906,29101.0,33.65062713623047
2019-11-19,36.04999923706055,35.900001525878906,36.0,36.0,17456.0,33.744361877441406
2019-11-20,36.20000076293945,35.900001525878906,36.0,36.0,23367.0,33.744361877441406
2019-11-21,36.70000076293945,36.650001525878906,36.70000076293945,36.650001525878906,5775.0,34.353633880615234
2019-11-22,37.099998474121094,36.29999923706055,37.099998474121094,36.400001525878906,33142.0,34.119300842285156
2019-11-25,36.45000076293945,36.20000076293945,36.400001525878906,36.20000076293945,20566.0,33.93183135986328
2019-11-26,36.349998474121094,36.25,36.25,36.29999923706055,49275.0,34.02556228637695
2019-11-27,36.75,36.599998474121094,36.650001525878906,36.599998474121094,11299.0,34.306766510009766
2019-11-28,36.650001525878906,36.599998474121094,36.599998474121094,36.650001525878906,9156.0,34.353633880615234
2019-11-29,36.650001525878906,36.0,36.650001525878906,36.0,16325.0,33.744361877441406
2019-12-02,36.5,36.04999923706055,36.5,36.04999923706055,9189.0,33.791229248046875
2019-12-03,36.25,36.0,36.04999923706055,36.25,12080.0,33.978694915771484
2019-12-04,36.25,36.04999923706055,36.04999923706055,36.25,6000.0,33.978694915771484
2019-12-05,36.25,36.150001525878906,36.25,36.25,20314.0,33.978694915771484
2019-12-06,36.25,36.25,36.25,36.25,11853.0,33.978694915771484
2019-12-09,36.25,36.25,36.25,36.25,12500.0,33.978694915771484
2019-12-10,36.25,36.25,36.25,36.25,17001.0,33.978694915771484
2019-12-11,36.29999923706055,36.04999923706055,36.29999923706055,36.04999923706055,8000.0,33.791229248046875
2019-12-12,36.04999923706055,36.0,36.04999923706055,36.04999923706055,19740.0,33.791229248046875
2019-12-13,36.04999923706055,35.79999923706055,36.04999923706055,35.79999923706055,13602.0,33.55689239501953
2019-12-16,36.0,35.79999923706055,35.79999923706055,36.0,1029.0,33.744361877441406
2019-12-17,36.0,35.79999923706055,35.79999923706055,36.0,11706.0,33.744361877441406
2019-12-18,36.099998474121094,35.900001525878906,35.95000076293945,36.099998474121094,66010.0,33.83809280395508
2019-12-19,36.54999923706055,36.400001525878906,36.5,36.400001525878906,51851.0,34.119300842285156
2019-12-20,36.54999923706055,36.45000076293945,36.5,36.54999923706055,27274.0,34.2598991394043
2019-12-23,36.70000076293945,36.5,36.54999923706055,36.70000076293945,133495.0,34.4005012512207
2019-12-24,39.5,37.20000076293945,37.75,38.79999923706055,499499.0,36.36892318725586
2019-12-25,39.20000076293945,38.20000076293945,39.0,38.849998474121094,220919.0,36.41578674316406
2019-12-26,39.20000076293945,38.70000076293945,38.849998474121094,39.20000076293945,336792.0,36.74386215209961
2019-12-27,39.79999923706055,39.099998474121094,39.099998474121094,39.70000076293945,357121.0,37.21253204345703
2019-12-30,39.75,39.349998474121094,39.70000076293945,39.75,352672.0,37.2593994140625
2019-12-31,39.75,39.45000076293945,39.5,39.75,76461.0,37.2593994140625
2020-01-02,40.0,39.75,39.75,40.0,205730.0,37.493736267089844
2020-01-03,40.5,40.0,40.0,40.45000076293945,668420.0,37.9155387878418
2020-01-06,40.95000076293945,39.900001525878906,40.0,40.95000076293945,308599.0,38.384212493896484
2020-01-07,43.29999923706055,40.95000076293945,40.95000076293945,41.849998474121094,590930.0,39.22781753540039
2020-01-08,42.29999923706055,41.5,41.70000076293945,41.79999923706055,227345.0,39.18095016479492
2020-01-09,42.45000076293945,41.75,42.04999923706055,42.0,269427.0,39.3684196472168
2020-01-10,42.0,41.349998474121094,41.599998474121094,42.0,115272.0,39.3684196472168
2020-01-13,42.349998474121094,41.70000076293945,42.349998474121094,42.0,49100.0,39.3684196472168
2020-01-14,41.900001525878906,40.79999923706055,41.70000076293945,41.400001525878906,246041.0,38.80601501464844
2020-01-15,41.150001525878906,40.650001525878906,41.150001525878906,41.099998474121094,225279.0,38.524810791015625
2020-01-16,41.25,40.04999923706055,41.25,40.849998474121094,247725.0,38.29047393798828
2020-01-17,40.849998474121094,40.349998474121094,40.849998474121094,40.75,73246.0,38.19674301147461
2020-01-20,40.70000076293945,40.5,40.70000076293945,40.599998474121094,73590.0,38.05613708496094
2020-01-30,39.75,38.25,38.900001525878906,38.650001525878906,198905.0,36.22832107543945
2020-01-31,39.599998474121094,38.5,39.20000076293945,39.20000076293945,312689.0,36.74386215209961
2020-02-03,39.900001525878906,38.54999923706055,38.54999923706055,39.45000076293945,186813.0,36.97819519042969
2020-02-04,40.349998474121094,39.349998474121094,39.95000076293945,39.400001525878906,136250.0,36.931331634521484
2020-02-05,39.5,39.04999923706055,39.5,39.29999923706055,99200.0,36.83759307861328
2020-02-06,40.0,39.04999923706055,39.29999923706055,39.599998474121094,294555.0,37.118797302246094
2020-02-07,39.599998474121094,39.25,39.29999923706055,39.5,139050.0,37.025062561035156
2020-02-10,39.349998474121094,38.79999923706055,39.099998474121094,39.25,121195.0,36.79072570800781
2020-02-11,39.25,38.79999923706055,39.04999923706055,38.900001525878906,127150.0,36.4626579284668
2020-02-12,39.45000076293945,38.79999923706055,38.95000076293945,39.150001525878906,127163.0,36.69699478149414
2020-02-13,39.349998474121094,38.849998474121094,39.20000076293945,39.20000076293945,139912.0,36.74386215209961
2020-02-14,39.099998474121094,38.849998474121094,39.099998474121094,38.95000076293945,76108.0,36.509525299072266
2020-02-17,39.400001525878906,38.849998474121094,39.0,39.099998474121094,153233.0,36.650123596191406
2020-02-18,39.20000076293945,38.900001525878906,38.900001525878906,39.099998474121094,53600.0,36.650123596191406
2020-02-19,39.650001525878906,39.099998474121094,39.099998474121094,39.5,48709.0,37.025062561035156
2020-02-20,39.79999923706055,39.29999923706055,39.5,39.54999923706055,67000.0,37.071929931640625
2020-02-21,40.400001525878906,39.54999923706055,39.54999923706055,39.79999923706055,60840.0,37.30626678466797
2020-02-24,39.650001525878906,39.150001525878906,39.5,39.5,44102.0,37.025062561035156
2020-02-25,39.45000076293945,38.900001525878906,39.0,39.04999923706055,54168.0,36.60325622558594
2020-02-26,39.150001525878906,38.900001525878906,39.0,39.04999923706055,46344.0,36.60325622558594
2020-02-27,39.04999923706055,38.099998474121094,38.849998474121094,38.79999923706055,160401.0,36.36892318725586
2020-03-02,38.900001525878906,37.20000076293945,37.20000076293945,38.79999923706055,254970.0,36.36892318725586
2020-03-03,39.5,38.650001525878906,38.79999923706055,39.099998474121094,28452.0,36.650123596191406
2020-03-04,38.75,38.5,38.75,38.70000076293945,29282.0,36.27518844604492
2020-03-05,39.20000076293945,38.650001525878906,38.70000076293945,39.0,51280.0,36.556392669677734
2020-03-06,39.0,38.599998474121094,39.0,38.900001525878906,46100.0,36.4626579284668
2020-03-09,38.599998474121094,37.54999923706055,38.599998474121094,38.400001525878906,221810.0,35.993988037109375
2020-03-10,38.20000076293945,37.20000076293945,37.54999923706055,38.20000076293945,132561.0,35.8065185546875
2020-03-11,38.54999923706055,37.79999923706055,38.54999923706055,38.150001525878906,58717.0,35.75965118408203
2020-03-12,38.099998474121094,36.0,37.20000076293945,37.95000076293945,243132.0,35.572181701660156
2020-03-13,37.849998474121094,35.20000076293945,36.29999923706055,37.849998474121094,212233.0,35.47844314575195
2020-03-16,37.400001525878906,36.349998474121094,36.849998474121094,36.900001525878906,38135.0,34.58797073364258
2020-03-17,36.150001525878906,34.650001525878906,35.70000076293945,34.900001525878906,190074.0,32.71328353881836
2020-03-18,35.5,33.849998474121094,34.900001525878906,34.650001525878906,148697.0,32.47895050048828
2020-03-19,34.0,31.200000762939453,34.0,32.650001525878906,246650.0,30.60426139831543
2020-03-20,34.099998474121094,32.75,32.75,34.099998474121094,107250.0,31.963407516479492
2020-03-23,33.900001525878906,32.5,33.45000076293945,33.54999923706055,28253.0,31.44786834716797
2020-03-24,35.349998474121094,33.599998474121094,35.349998474121094,34.54999923706055,55347.0,32.38521194458008
2020-03-25,35.95000076293945,34.150001525878906,35.04999923706055,35.20000076293945,112000.0,32.99448776245117
2020-03-26,35.45000076293945,34.0,35.45000076293945,35.20000076293945,31050.0,32.99448776245117
2020-03-27,36.0,35.20000076293945,35.29999923706055,35.25,15000.0,33.04135513305664
2020-03-30,35.25,34.75,35.25,35.25,15072.0,33.04135513305664
2020-03-31,36.45000076293945,35.400001525878906,36.0,36.400001525878906,136430.0,34.119300842285156
2020-04-01,36.95000076293945,35.75,36.400001525878906,36.150001525878906,56200.0,33.88496398925781
2020-04-06,36.150001525878906,35.25,35.849998474121094,36.0,69530.0,33.744361877441406
2020-04-07,36.900001525878906,36.0,36.20000076293945,36.400001525878906,86100.0,34.119300842285156
2020-04-08,36.849998474121094,36.150001525878906,36.349998474121094,36.849998474121094,31285.0,34.541099548339844
2020-04-09,36.849998474121094,35.79999923706055,36.849998474121094,36.75,47151.0,34.44736862182617
2020-04-10,36.75,36.25,36.75,36.75,37154.0,34.44736862182617
2020-04-13,36.75,36.150001525878906,36.599998474121094,36.75,76545.0,34.44736862182617
2020-04-14,37.5,36.400001525878906,36.75,37.20000076293945,208140.0,34.86917495727539
2020-04-15,37.79999923706055,37.0,37.79999923706055,37.650001525878906,107100.0,35.290977478027344
2020-04-16,38.0,37.150001525878906,37.900001525878906,37.900001525878906,81100.0,35.52531433105469
2020-04-17,39.45000076293945,37.70000076293945,38.29999923706055,38.0,78235.0,35.619049072265625
2020-04-20,38.349998474121094,37.20000076293945,38.349998474121094,37.95000076293945,59126.0,35.572181701660156
2020-04-21,38.099998474121094,35.54999923706055,38.099998474121094,37.04999923706055,259787.0,34.72856903076172
2020-04-22,37.20000076293945,36.400001525878906,36.900001525878906,37.04999923706055,198120.0,34.72856903076172
2020-04-23,37.650001525878906,36.54999923706055,37.650001525878906,37.04999923706055,68204.0,34.72856903076172
2020-04-24,37.150001525878906,36.79999923706055,37.150001525878906,37.099998474121094,8156.0,34.77543640136719
2020-04-27,37.150001525878906,36.79999923706055,37.150001525878906,37.04999923706055,73250.0,34.72856903076172
2020-04-28,37.79999923706055,36.75,37.79999923706055,37.04999923706055,71614.0,34.72856903076172
2020-04-29,37.75,36.849998474121094,37.0,37.70000076293945,204463.0,35.33784484863281
2020-04-30,37.900001525878906,37.45000076293945,37.79999923706055,37.75,109636.0,35.38471221923828
2020-05-04,37.70000076293945,36.900001525878906,37.70000076293945,37.400001525878906,79140.0,35.056644439697266
2020-05-05,37.599998474121094,37.0,37.599998474121094,37.5,27000.0,35.15037536621094
2020-05-06,37.5,36.70000076293945,37.099998474121094,37.150001525878906,55079.0,34.82230758666992
2020-05-07,37.849998474121094,37.0,37.0,37.5,50332.0,35.15037536621094
2020-05-08,37.75,37.20000076293945,37.75,37.5,17169.0,35.15037536621094
2020-05-11,37.95000076293945,37.400001525878906,37.5,37.650001525878906,32329.0,35.290977478027344
2020-05-12,37.95000076293945,37.20000076293945,37.95000076293945,37.5,36177.0,35.15037536621094
2020-05-13,37.5,37.04999923706055,37.5,37.400001525878906,53000.0,35.056644439697266
2020-05-14,37.599998474121094,37.0,37.400001525878906,37.0,59806.0,34.681705474853516
2020-05-15,37.45000076293945,36.75,37.45000076293945,37.20000076293945,25221.0,34.86917495727539
2020-05-18,37.349998474121094,37.0,37.20000076293945,37.20000076293945,47542.0,34.86917495727539
2020-05-19,37.79999923706055,36.900001525878906,37.79999923706055,37.20000076293945,32038.0,34.86917495727539
2020-05-20,37.54999923706055,36.79999923706055,37.54999923706055,36.79999923706055,51380.0,34.49423599243164
2020-05-21,37.45000076293945,36.75,36.75,37.0,21448.0,34.681705474853516
2020-05-22,37.150001525878906,36.79999923706055,36.79999923706055,36.900001525878906,57189.0,34.58797073364258
2020-05-25,37.20000076293945,37.0,37.150001525878906,37.20000076293945,26134.0,34.86917495727539
2020-05-26,38.0,37.25,38.0,37.54999923706055,49000.0,35.197242736816406
2020-05-27,37.900001525878906,37.25,37.900001525878906,37.29999923706055,22249.0,34.96290588378906
2020-05-28,37.70000076293945,36.849998474121094,37.70000076293945,37.20000076293945,59062.0,34.86917495727539
2020-05-29,37.400001525878906,37.04999923706055,37.400001525878906,37.25,22070.0,34.916038513183594
2020-06-01,38.0,37.25,37.25,37.349998474121094,56601.0,35.00977325439453
2020-06-02,37.45000076293945,37.04999923706055,37.099998474121094,37.20000076293945,54163.0,34.86917495727539
2020-06-03,37.79999923706055,37.54999923706055,37.599998474121094,37.75,20283.0,35.38471221923828
2020-06-04,37.95000076293945,37.400001525878906,37.95000076293945,37.45000076293945,31192.0,35.10350799560547
2020-06-05,37.79999923706055,37.650001525878906,37.70000076293945,37.70000076293945,22000.0,35.33784484863281
2020-06-08,38.349998474121094,37.79999923706055,37.95000076293945,37.849998474121094,49249.0,35.47844314575195
2020-06-09,38.29999923706055,37.849998474121094,38.29999923706055,38.099998474121094,28830.0,35.7127799987793
2020-06-10,38.150001525878906,37.45000076293945,37.70000076293945,38.0,84464.0,35.619049072265625
2020-06-11,38.099998474121094,37.599998474121094,38.04999923706055,37.70000076293945,74108.0,35.33784484863281
2020-06-12,37.95000076293945,37.20000076293945,37.29999923706055,37.5,37256.0,35.15037536621094
2020-06-15,38.099998474121094,37.0,38.099998474121094,37.5,53000.0,35.15037536621094
2020-06-16,39.20000076293945,37.599998474121094,37.70000076293945,38.650001525878906,62000.0,36.22832107543945
2020-06-17,39.0,38.599998474121094,38.650001525878906,39.0,77323.0,36.556392669677734
2020-06-18,39.25,38.79999923706055,39.20000076293945,39.150001525878906,56050.0,36.69699478149414
2020-06-19,39.29999923706055,38.79999923706055,39.20000076293945,39.099998474121094,84150.0,36.650123596191406
2020-06-22,39.599998474121094,38.95000076293945,39.04999923706055,39.599998474121094,109110.0,37.118797302246094
2020-06-23,40.099998474121094,39.400001525878906,39.599998474121094,40.099998474121094,80974.0,37.587467193603516
2020-06-24,40.29999923706055,39.5,39.900001525878906,39.5,74140.0,37.025062561035156
2020-06-29,39.849998474121094,39.0,39.849998474121094,39.29999923706055,35150.0,36.83759307861328
2020-06-30,39.75,39.099998474121094,39.29999923706055,39.599998474121094,26000.0,37.118797302246094
2020-07-01,39.349998474121094,39.099998474121094,39.349998474121094,39.099998474121094,40600.0,36.650123596191406
2020-07-02,39.95000076293945,39.5,39.900001525878906,39.95000076293945,92100.0,37.446868896484375
2020-07-03,39.75,39.29999923706055,39.650001525878906,39.29999923706055,125066.0,36.83759307861328
2020-07-06,40.099998474121094,39.25,39.400001525878906,39.900001525878906,162300.0,37.400001525878906
2020-07-07,40.54999923706055,39.70000076293945,40.54999923706055,39.70000076293945,41724.0,37.21253204345703
2020-07-08,40.400001525878906,39.650001525878906,40.400001525878906,40.04999923706055,77999.0,37.54059982299805
2020-07-09,40.400001525878906,39.5,40.150001525878906,40.0,124200.0,37.493736267089844
2020-07-10,40.0,39.599998474121094,39.75,39.900001525878906,119222.0,37.400001525878906
2020-07-13,39.95000076293945,39.599998474121094,39.95000076293945,39.900001525878906,66909.0,37.400001525878906
2020-07-14,40.0,39.79999923706055,40.0,39.79999923706055,30019.0,37.30626678466797
2020-07-15,39.79999923706055,39.599998474121094,39.79999923706055,39.79999923706055,32346.0,37.30626678466797
2020-07-16,40.0,39.70000076293945,39.75,39.900001525878906,76244.0,37.400001525878906
2020-07-17,40.150001525878906,39.70000076293945,39.95000076293945,39.900001525878906,144875.0,37.400001525878906
2020-07-20,38.5,37.099998474121094,38.0,38.0,90186.0,38.0
2020-07-21,38.04999923706055,37.70000076293945,37.70000076293945,37.70000076293945,26038.0,37.70000076293945
2020-07-22,37.54999923706055,37.400001525878906,37.54999923706055,37.45000076293945,15290.0,37.45000076293945
2020-07-23,37.650001525878906,37.400001525878906,37.650001525878906,37.400001525878906,11100.0,37.400001525878906
2020-07-24,37.349998474121094,36.5,37.349998474121094,36.599998474121094,60400.0,36.599998474121094
2020-07-27,36.45000076293945,36.150001525878906,36.150001525878906,36.400001525878906,21282.0,36.400001525878906
2020-07-28,36.5,36.099998474121094,36.400001525878906,36.099998474121094,27250.0,36.099998474121094
2020-07-29,36.900001525878906,36.099998474121094,36.099998474121094,36.70000076293945,20823.0,36.70000076293945
2020-07-30,37.0,36.79999923706055,36.900001525878906,36.79999923706055,8685.0,36.79999923706055
2020-07-31,37.04999923706055,36.79999923706055,37.04999923706055,36.79999923706055,9450.0,36.79999923706055
2020-08-03,36.5,36.5,36.5,36.5,9526.0,36.5
2020-08-04,36.5,36.349998474121094,36.5,36.349998474121094,18051.0,36.349998474121094
2020-08-05,36.349998474121094,36.150001525878906,36.150001525878906,36.29999923706055,10320.0,36.29999923706055
2020-08-06,36.70000076293945,36.5,36.599998474121094,36.54999923706055,18340.0,36.54999923706055
2020-08-07,36.5,36.29999923706055,36.5,36.29999923706055,24040.0,36.29999923706055
2020-08-10,36.599998474121094,36.599998474121094,36.599998474121094,36.599998474121094,12850.0,36.599998474121094
2020-08-11,36.599998474121094,36.29999923706055,36.599998474121094,36.29999923706055,25425.0,36.29999923706055
2020-08-12,36.650001525878906,36.5,36.650001525878906,36.5,6000.0,36.5
2020-08-13,36.900001525878906,36.650001525878906,36.849998474121094,36.650001525878906,7000.0,36.650001525878906
2020-08-14,37.099998474121094,36.54999923706055,36.599998474121094,37.04999923706055,40190.0,37.04999923706055
2020-08-17,37.400001525878906,37.04999923706055,37.400001525878906,37.25,29768.0,37.25
2020-08-18,37.349998474121094,37.25,37.25,37.349998474121094,18060.0,37.349998474121094
2020-08-19,37.54999923706055,37.099998474121094,37.54999923706055,37.25,27480.0,37.25
2020-08-20,37.099998474121094,36.29999923706055,37.099998474121094,36.5,61428.0,36.5
2020-08-21,36.599998474121094,36.45000076293945,36.45000076293945,36.54999923706055,7000.0,36.54999923706055
2020-08-24,36.599998474121094,36.29999923706055,36.54999923706055,36.599998474121094,17205.0,36.599998474121094
2020-08-25,36.79999923706055,36.599998474121094,36.599998474121094,36.79999923706055,14410.0,36.79999923706055
2020-08-26,36.79999923706055,36.79999923706055,36.79999923706055,36.79999923706055,5010.0,36.79999923706055
2020-08-27,36.79999923706055,36.349998474121094,36.79999923706055,36.5,70059.0,36.5
2020-08-28,36.54999923706055,36.400001525878906,36.5,36.54999923706055,11037.0,36.54999923706055
2020-08-31,36.849998474121094,36.599998474121094,36.70000076293945,36.650001525878906,78224.0,36.650001525878906
2020-09-01,36.599998474121094,36.5,36.599998474121094,36.54999923706055,9000.0,36.54999923706055
2020-09-02,36.70000076293945,36.5,36.5,36.70000076293945,71478.0,36.70000076293945
2020-09-03,36.70000076293945,36.54999923706055,36.70000076293945,36.70000076293945,29099.0,36.70000076293945
2020-09-04,36.650001525878906,36.54999923706055,36.650001525878906,36.650001525878906,35044.0,36.650001525878906
2020-09-07,37.349998474121094,36.75,36.75,36.95000076293945,214942.0,36.95000076293945
2020-09-08,37.20000076293945,36.79999923706055,36.95000076293945,36.849998474121094,33800.0,36.849998474121094
2020-09-09,36.79999923706055,36.79999923706055,36.79999923706055,36.79999923706055,32108.0,36.79999923706055
2020-09-10,36.849998474121094,36.650001525878906,36.79999923706055,36.650001525878906,46196.0,36.650001525878906
2020-09-11,36.70000076293945,36.54999923706055,36.650001525878906,36.650001525878906,21094.0,36.650001525878906
2020-09-14,36.95000076293945,36.70000076293945,36.95000076293945,36.75,24168.0,36.75
2020-09-15,36.75,36.599998474121094,36.70000076293945,36.75,38644.0,36.75
2020-09-16,37.25,36.95000076293945,37.0,37.25,67996.0,37.25
2020-09-17,37.349998474121094,37.25,37.25,37.29999923706055,41078.0,37.29999923706055
2020-09-18,37.599998474121094,37.29999923706055,37.54999923706055,37.400001525878906,86366.0,37.400001525878906
2020-09-21,39.04999923706055,37.650001525878906,37.650001525878906,38.5,136870.0,38.5
2020-09-22,38.5,37.70000076293945,38.5,37.75,73438.0,37.75
2020-09-23,38.0,37.75,38.0,38.0,22040.0,38.0
2020-09-24,38.0,37.349998474121094,37.79999923706055,37.79999923706055,69000.0,37.79999923706055
2020-09-25,37.95000076293945,37.099998474121094,37.650001525878906,37.70000076293945,53044.0,37.70000076293945
2020-09-28,37.75,37.599998474121094,37.650001525878906,37.75,16011.0,37.75
2020-09-29,37.95000076293945,37.75,37.95000076293945,37.900001525878906,14001.0,37.900001525878906
2020-09-30,38.150001525878906,37.900001525878906,38.150001525878906,37.95000076293945,19021.0,37.95000076293945
2020-10-05,38.0,37.79999923706055,37.900001525878906,38.0,52456.0,38.0
2020-10-06,38.150001525878906,37.900001525878906,38.099998474121094,38.099998474121094,51786.0,38.099998474121094
2020-10-07,38.04999923706055,37.75,37.900001525878906,38.04999923706055,25132.0,38.04999923706055
2020-10-08,38.150001525878906,37.849998474121094,38.150001525878906,38.150001525878906,61916.0,38.150001525878906
2020-10-12,38.25,38.04999923706055,38.20000076293945,38.20000076293945,52951.0,38.20000076293945
2020-10-13,38.20000076293945,37.70000076293945,38.20000076293945,37.900001525878906,15494.0,37.900001525878906
2020-10-14,38.04999923706055,37.400001525878906,38.0,38.04999923706055,14240.0,38.04999923706055
2020-10-15,37.95000076293945,37.20000076293945,37.95000076293945,37.54999923706055,116028.0,37.54999923706055
2020-10-16,37.599998474121094,36.75,37.45000076293945,36.75,95275.0,36.75
2020-10-19,37.54999923706055,36.79999923706055,36.79999923706055,37.349998474121094,41149.0,37.349998474121094
2020-10-20,37.400001525878906,37.0,37.0,37.400001525878906,29046.0,37.400001525878906
2020-10-21,37.5,37.45000076293945,37.45000076293945,37.45000076293945,33213.0,37.45000076293945
2020-10-22,37.54999923706055,37.04999923706055,37.5,37.400001525878906,54038.0,37.400001525878906
2020-10-23,37.75,37.400001525878906,37.5,37.54999923706055,121112.0,37.54999923706055
2020-10-26,37.70000076293945,37.54999923706055,37.650001525878906,37.650001525878906,54485.0,37.650001525878906
2020-10-27,37.650001525878906,37.599998474121094,37.650001525878906,37.650001525878906,63089.0,37.650001525878906
2020-10-28,37.75,37.599998474121094,37.75,37.70000076293945,35008.0,37.70000076293945
2020-10-29,37.79999923706055,37.45000076293945,37.599998474121094,37.79999923706055,50200.0,37.79999923706055
2020-10-30,37.79999923706055,37.5,37.79999923706055,37.5,21000.0,37.5
2020-11-02,37.75,37.45000076293945,37.75,37.5,11663.0,37.5
2020-11-03,37.70000076293945,37.5,37.5,37.70000076293945,22058.0,37.70000076293945
2020-11-04,37.70000076293945,37.45000076293945,37.70000076293945,37.54999923706055,31000.0,37.54999923706055
2020-11-05,37.79999923706055,37.650001525878906,37.79999923706055,37.70000076293945,26790.0,37.70000076293945
2020-11-06,37.70000076293945,37.650001525878906,37.70000076293945,37.650001525878906,9604.0,37.650001525878906
2020-11-09,37.650001525878906,37.29999923706055,37.650001525878906,37.5,34172.0,37.5
2020-11-10,37.650001525878906,37.20000076293945,37.5,37.54999923706055,48118.0,37.54999923706055
2020-11-11,37.849998474121094,37.5,37.650001525878906,37.650001525878906,76318.0,37.650001525878906
2020-11-12,38.5,37.75,37.75,38.29999923706055,164257.0,38.29999923706055
2020-11-13,38.25,37.75,38.25,38.25,48000.0,38.25
2020-11-16,38.45000076293945,38.099998474121094,38.20000076293945,38.45000076293945,67096.0,38.45000076293945
2020-11-17,38.650001525878906,38.25,38.5,38.45000076293945,90506.0,38.45000076293945
2020-11-18,39.099998474121094,38.5,38.5,39.04999923706055,149386.0,39.04999923706055
2020-11-19,39.20000076293945,38.70000076293945,38.79999923706055,39.20000076293945,50300.0,39.20000076293945
2020-11-20,39.5,39.150001525878906,39.150001525878906,39.20000076293945,86189.0,39.20000076293945
2020-11-23,39.900001525878906,39.150001525878906,39.20000076293945,39.79999923706055,124512.0,39.79999923706055
2020-11-24,39.900001525878906,39.29999923706055,39.900001525878906,39.650001525878906,77000.0,39.650001525878906
2020-11-25,39.79999923706055,39.29999923706055,39.79999923706055,39.5,62183.0,39.5
2020-11-26,39.75,39.45000076293945,39.70000076293945,39.599998474121094,57149.0,39.599998474121094
2020-11-27,39.70000076293945,39.349998474121094,39.70000076293945,39.5,47000.0,39.5
2020-11-30,40.5,39.45000076293945,39.70000076293945,40.5,368879.0,40.5
2020-12-01,40.900001525878906,39.349998474121094,40.900001525878906,39.650001525878906,176261.0,39.650001525878906
2020-12-02,40.0,39.75,39.849998474121094,39.900001525878906,148591.0,39.900001525878906
2020-12-03,40.150001525878906,39.650001525878906,39.75,39.70000076293945,110235.0,39.70000076293945
2020-12-04,39.849998474121094,39.650001525878906,39.849998474121094,39.79999923706055,52297.0,39.79999923706055
2020-12-07,39.900001525878906,39.25,39.79999923706055,39.5,106330.0,39.5
2020-12-08,39.599998474121094,38.400001525878906,39.5,38.75,160535.0,38.75
2020-12-09,38.95000076293945,37.79999923706055,38.54999923706055,38.0,122999.0,38.0
2020-12-10,38.20000076293945,37.54999923706055,38.0,37.95000076293945,107014.0,37.95000076293945
2020-12-11,37.95000076293945,37.5,37.95000076293945,37.75,59600.0,37.75
2020-12-14,38.099998474121094,37.79999923706055,37.900001525878906,38.0,33634.0,38.0
2020-12-15,38.45000076293945,37.650001525878906,38.099998474121094,38.0,37875.0,38.0
2020-12-16,38.150001525878906,37.599998474121094,37.95000076293945,38.04999923706055,34402.0,38.04999923706055
2020-12-17,38.20000076293945,37.849998474121094,38.20000076293945,38.20000076293945,55150.0,38.20000076293945
2020-12-18,38.25,37.70000076293945,37.95000076293945,38.20000076293945,45000.0,38.20000076293945
2020-12-21,38.20000076293945,37.70000076293945,37.900001525878906,37.849998474121094,59100.0,37.849998474121094
2020-12-22,38.5,37.79999923706055,37.849998474121094,38.099998474121094,57463.0,38.099998474121094
2020-12-23,38.0,38.0,38.0,38.0,7336.0,38.0
2020-12-24,38.25,37.599998474121094,37.79999923706055,38.04999923706055,26188.0,38.04999923706055
2020-12-25,38.25,37.79999923706055,37.79999923706055,38.099998474121094,36089.0,38.099998474121094
2020-12-28,38.25,38.0,38.25,38.20000076293945,54077.0,38.20000076293945
2020-12-29,38.349998474121094,38.0,38.0,38.29999923706055,38378.0,38.29999923706055
2020-12-30,38.29999923706055,38.0,38.099998474121094,38.099998474121094,41450.0,38.099998474121094
2020-12-31,38.70000076293945,38.0,38.25,38.150001525878906,92077.0,38.150001525878906
2021-01-04,38.400001525878906,38.0,38.400001525878906,38.20000076293945,60164.0,38.20000076293945
2021-01-05,38.400001525878906,37.849998474121094,38.400001525878906,38.20000076293945,20000.0,38.20000076293945
2021-01-06,38.400001525878906,37.79999923706055,38.400001525878906,37.900001525878906,40013.0,37.900001525878906
2021-01-07,38.20000076293945,37.79999923706055,38.20000076293945,38.04999923706055,45137.0,38.04999923706055
2021-01-08,38.29999923706055,38.0,38.0,38.29999923706055,31428.0,38.29999923706055
2021-01-11,38.400001525878906,38.099998474121094,38.29999923706055,38.349998474121094,15032.0,38.349998474121094
2021-01-12,38.349998474121094,38.0,38.349998474121094,38.150001525878906,22020.0,38.150001525878906
2021-01-13,38.29999923706055,37.95000076293945,38.150001525878906,38.25,24000.0,38.25
2021-01-14,38.45000076293945,37.900001525878906,38.29999923706055,38.150001525878906,43050.0,38.150001525878906
2021-01-15,38.349998474121094,37.95000076293945,38.099998474121094,38.099998474121094,88032.0,38.099998474121094
2021-01-18,38.349998474121094,37.900001525878906,38.0,38.04999923706055,25050.0,38.04999923706055
2021-01-19,38.099998474121094,37.79999923706055,38.04999923706055,38.0,22202.0,38.0
2021-01-20,38.04999923706055,37.45000076293945,38.04999923706055,37.70000076293945,91200.0,37.70000076293945
2021-01-21,38.95000076293945,37.5,38.04999923706055,37.849998474121094,40000.0,37.849998474121094
2021-01-22,37.95000076293945,37.45000076293945,37.79999923706055,37.79999923706055,22322.0,37.79999923706055
2021-01-25,37.95000076293945,37.45000076293945,37.5,37.79999923706055,23059.0,37.79999923706055
2021-01-26,37.849998474121094,37.25,37.75,37.650001525878906,54705.0,37.650001525878906
2021-01-27,37.95000076293945,37.349998474121094,37.75,37.599998474121094,14696.0,37.599998474121094
2021-01-28,37.95000076293945,37.150001525878906,37.599998474121094,37.5,53001.0,37.5
2021-01-29,37.79999923706055,37.0,37.150001525878906,37.5,45030.0,37.5
2021-02-01,37.75,37.29999923706055,37.75,37.650001525878906,20031.0,37.650001525878906
2021-02-02,37.599998474121094,37.150001525878906,37.599998474121094,37.29999923706055,36007.0,37.29999923706055
2021-02-03,38.20000076293945,37.29999923706055,37.29999923706055,37.54999923706055,45416.0,37.54999923706055
2021-02-04,37.349998474121094,36.95000076293945,37.150001525878906,37.099998474121094,52391.0,37.099998474121094
2021-02-05,38.29999923706055,37.04999923706055,37.400001525878906,38.20000076293945,167041.0,38.20000076293945
2021-02-17,38.29999923706055,38.04999923706055,38.20000076293945,38.20000076293945,95306.0,38.20000076293945
2021-02-18,38.29999923706055,38.0,38.29999923706055,38.29999923706055,11648.0,38.29999923706055
2021-02-19,38.29999923706055,37.900001525878906,38.04999923706055,38.150001525878906,50000.0,38.150001525878906
2021-02-22,38.349998474121094,37.900001525878906,38.099998474121094,38.29999923706055,72489.0,38.29999923706055
2021-02-23,38.349998474121094,37.650001525878906,38.349998474121094,37.849998474121094,142157.0,37.849998474121094
2021-02-24,38.25,37.54999923706055,37.70000076293945,37.79999923706055,173631.0,37.79999923706055
2021-02-25,38.349998474121094,38.0,38.25,38.20000076293945,51367.0,38.20000076293945
2021-02-26,38.0,37.70000076293945,37.95000076293945,38.0,48114.0,38.0
2021-03-02,38.25,37.95000076293945,38.0,37.95000076293945,37070.0,37.95000076293945
2021-03-03,38.099998474121094,37.95000076293945,38.0,37.95000076293945,9400.0,37.95000076293945
2021-03-04,38.04999923706055,37.79999923706055,37.79999923706055,38.0,23200.0,38.0
2021-03-05,38.04999923706055,37.900001525878906,38.0,38.0,42028.0,38.0
2021-03-08,38.150001525878906,38.0,38.150001525878906,38.099998474121094,39026.0,38.099998474121094
2021-03-09,38.150001525878906,38.0,38.099998474121094,38.0,62100.0,38.0
2021-03-10,38.150001525878906,37.95000076293945,38.0,37.95000076293945,29155.0,37.95000076293945
2021-03-11,38.75,37.95000076293945,37.95000076293945,38.599998474121094,86297.0,38.599998474121094
2021-03-12,38.79999923706055,38.5,38.79999923706055,38.75,28000.0,38.75
2021-03-15,39.400001525878906,38.79999923706055,38.79999923706055,39.099998474121094,50643.0,39.099998474121094
2021-03-16,39.54999923706055,39.099998474121094,39.099998474121094,39.349998474121094,30160.0,39.349998474121094
2021-03-17,40.0,39.400001525878906,39.45000076293945,39.95000076293945,133793.0,39.95000076293945
2021-03-18,40.150001525878906,39.900001525878906,39.95000076293945,39.95000076293945,108509.0,39.95000076293945
2021-03-19,39.95000076293945,39.650001525878906,39.900001525878906,39.75,64230.0,39.75
2021-03-22,40.20000076293945,39.75,39.900001525878906,40.099998474121094,106377.0,40.099998474121094
2021-03-23,40.20000076293945,39.95000076293945,40.150001525878906,40.0,33207.0,40.0
2021-03-24,40.04999923706055,39.150001525878906,40.0,39.45000076293945,90003.0,39.45000076293945
2021-03-25,39.95000076293945,39.150001525878906,39.54999923706055,39.79999923706055,45012.0,39.79999923706055
2021-03-26,40.04999923706055,39.599998474121094,39.900001525878906,39.79999923706055,13010.0,39.79999923706055
2021-03-29,39.95000076293945,39.400001525878906,39.95000076293945,39.70000076293945,57134.0,39.70000076293945
2021-03-30,39.75,39.150001525878906,39.5,39.70000076293945,12000.0,39.70000076293945
2021-03-31,39.79999923706055,39.400001525878906,39.70000076293945,39.70000076293945,28539.0,39.70000076293945
2021-04-01,39.79999923706055,39.70000076293945,39.75,39.79999923706055,24332.0,39.79999923706055
2021-04-07,39.75,39.400001525878906,39.650001525878906,39.75,20000.0,39.75
2021-04-08,40.45000076293945,39.599998474121094,40.45000076293945,39.849998474121094,64194.0,39.849998474121094
2021-04-09,40.20000076293945,39.29999923706055,40.20000076293945,39.54999923706055,119510.0,39.54999923706055
2021-04-12,39.650001525878906,39.0,39.400001525878906,39.5,64027.0,39.5
2021-04-13,39.849998474121094,39.20000076293945,39.650001525878906,39.70000076293945,9033.0,39.70000076293945
2021-04-14,39.45000076293945,39.04999923706055,39.29999923706055,39.20000076293945,43490.0,39.20000076293945
2021-04-15,39.650001525878906,39.150001525878906,39.45000076293945,39.20000076293945,14048.0,39.20000076293945
2021-04-16,39.5,39.20000076293945,39.5,39.5,17638.0,39.5
2021-04-19,39.95000076293945,39.45000076293945,39.45000076293945,39.95000076293945,44070.0,39.95000076293945
2021-04-20,40.099998474121094,39.70000076293945,39.95000076293945,40.04999923706055,33244.0,40.04999923706055
2021-04-21,40.0,39.650001525878906,39.900001525878906,39.650001525878906,21000.0,39.650001525878906
2021-04-22,39.95000076293945,39.650001525878906,39.650001525878906,39.79999923706055,49061.0,39.79999923706055
2021-04-23,39.900001525878906,39.599998474121094,39.79999923706055,39.900001525878906,24600.0,39.900001525878906
2021-04-26,39.900001525878906,39.599998474121094,39.70000076293945,39.79999923706055,47310.0,39.79999923706055
2021-04-27,39.900001525878906,39.70000076293945,39.79999923706055,39.900001525878906,27076.0,39.900001525878906
2021-04-28,40.150001525878906,39.900001525878906,39.900001525878906,40.04999923706055,32694.0,40.04999923706055
2021-04-29,40.25,39.900001525878906,40.04999923706055,40.099998474121094,28038.0,40.099998474121094
2021-05-03,40.099998474121094,39.75,40.099998474121094,40.04999923706055,21020.0,40.04999923706055
2021-05-04,40.150001525878906,39.54999923706055,39.79999923706055,40.0,60020.0,40.0
2021-05-05,40.04999923706055,39.95000076293945,40.0,40.0,10032.0,40.0
2021-05-06,40.20000076293945,39.900001525878906,40.04999923706055,40.0,34100.0,40.0
2021-05-07,40.150001525878906,39.849998474121094,40.150001525878906,40.04999923706055,30910.0,40.04999923706055
2021-05-10,40.20000076293945,40.04999923706055,40.099998474121094,40.20000076293945,95051.0,40.20000076293945
2021-05-11,40.25,39.75,40.04999923706055,39.95000076293945,51334.0,39.95000076293945
2021-05-12,40.150001525878906,38.29999923706055,39.70000076293945,38.900001525878906,71200.0,38.900001525878906
